time,open,high,low,close,Up Trend,Down Trend,EMA,EMA
2026-03-18T10:51:00+05:30,142.18,142.29,142.14,142.14,141.45625152396008,,142.21089998738736,140.94564560594318
2026-03-18T10:54:00+05:30,142.14,142.34,142.14,142.26,141.45625152396008,,142.21099808931066,140.97167242562747
2026-03-18T10:57:00+05:30,142.26,142.35,142.11,142.23,141.45625152396008,,142.21103605516618,140.99658980333783
2026-03-18T11:00:00+05:30,142.12,142.23,142.09,142.09,141.45625152396008,,142.21079422488611,141.01824149040044
2026-03-18T11:03:00+05:30,142.08,142.2,142.08,142.1,141.45625152396008,,142.2105728578034,141.03966245098658
2026-03-18T11:06:00+05:30,142.06,142.08,142,142.08,141.45625152396008,,142.21031197297265,141.06026319453142
2026-03-18T11:09:00+05:30,142.13,142.26,142.05,142.19,141.45625152396008,,142.21027138961006,141.0826342203823
2026-03-18T11:12:00+05:30,142.23,142.33,142.23,142.3,141.583519410746,,142.2104506675529,141.10674047344403
2026-03-18T11:15:00+05:30,142.31,142.57,142.31,142.48,141.7321674696714,,142.21098922765768,141.13393373139564
2026-03-18T11:18:00+05:30,142.48,142.5,142.39,142.42,141.77495072270426,,142.21140683159842,141.15940039017988
2026-03-18T11:21:00+05:30,142.42,142.42,142.25,142.25,141.77495072270426,,142.211483940826,141.18099642205752
2026-03-18T11:24:00+05:30,142.32,142.4,142.29,142.29,141.77495072270426,,142.21164081606912,141.20295688894745
2026-03-18T11:27:00+05:30,142.23,142.4,142.23,142.37,141.77495072270426,,142.21195721803502,141.22606665352276
2026-03-18T11:30:00+05:30,142.37,142.41,142.37,142.41,141.81885166916626,,142.2123529079091,141.24951087820548
2026-03-18T11:33:00+05:30,142.41,142.41,142.26,142.3,141.81885166916626,,142.2125280269742,141.2703126429935
2026-03-18T11:36:00+05:30,142.26,142.34,142.25,142.25,141.81885166916626,,142.21260289605118,141.2897123926372
2026-03-18T11:39:00+05:30,142.21,142.26,142.21,142.22,141.81885166916626,,142.21261767547966,141.30813392941667
2026-03-18T11:42:00+05:30,142.25,142.39,142.11,142.11,141.81885166916626,,142.21241264515902,141.32401246546783
2026-03-18T11:45:00+05:30,142.19,142.25,142.11,142.11,141.81885166916626,,142.21220802448937,141.33957657506252
2026-03-18T11:48:00+05:30,142.11,142.17,141.9,141.92,141.81885166916626,,142.2116241922726,141.3510701082296
2026-03-18T11:51:00+05:30,141.92,142,141.8,141.81,,142.45103405107793,142.210821746334,141.36015782885872
2026-03-18T11:54:00+05:30,141.82,141.9,141.81,141.81,,142.37793064597017,142.21002090368398,141.3690655946239
2026-03-18T11:57:00+05:30,141.88,141.9,141.8,141.8,,142.35063758137315,142.2092016810992,141.3775989491858
2026-03-18T12:00:00+05:30,141.7,141.79,141.7,141.75,,142.22557382323583,142.20828419522286,141.38497322741975
2026-03-18T12:03:00+05:30,141.75,141.75,141.7,141.75,,142.17251644091223,142.20736854248514,141.39220148034212
2026-03-18T12:06:00+05:30,141.75,141.75,141.69,141.72,,142.140764796821,142.2063947791635,141.39869254013732
2026-03-18T12:09:00+05:30,141.73,141.75,141.73,141.75,,142.12768831713893,142.20548290148287,141.40564912350092
2026-03-18T12:12:00+05:30,141.75,141.75,141.69,141.69,,142.08691948542503,142.20445296561576,141.41127983392664
2026-03-18T12:15:00+05:30,141.7,141.7,141.63,141.69,,142.01622753688252,142.20342508756258,141.416799045136
2026-03-18T12:18:00+05:30,141.63,141.82,141.63,141.75,,142.01622753688252,142.20251914333167,141.42339708384617
2026-03-18T12:21:00+05:30,141.73,141.82,141.73,141.74,,142.01622753688252,142.2015950291592,141.42966644852248
2026-03-18T12:24:00+05:30,141.82,141.87,141.74,141.75,,142.01622753688252,142.20069274138865,141.4360096871656
2026-03-18T12:27:00+05:30,141.8,141.8,141.75,141.76,,142.01622753688252,142.19981223641085,141.4424253369247
2026-03-18T12:30:00+05:30,141.76,141.77,141.74,141.74,,142.01622753688252,142.1988935306438,141.44831790451036
2026-03-18T12:33:00+05:30,141.74,141.85,141.74,141.85,,142.01622753688252,142.1981964406725,141.45627200541114
2026-03-18T12:36:00+05:30,141.83,141.83,141.69,141.76,,142.01622753688252,142.1973209233085,141.46228642114556
2026-03-18T12:39:00+05:30,141.78,141.8,141.76,141.79,,142.01622753688252,142.1965070952899,141.46877579894465
2026-03-18T12:42:00+05:30,141.84,141.84,141.67,141.75,,142.01622753688252,142.19561497322138,141.47434459500516
2026-03-18T12:45:00+05:30,141.78,141.85,141.71,141.8,,142.01622753688252,142.19482453371444,141.48079321688624
2026-03-18T12:48:00+05:30,141.76,141.8,141.69,141.8,,142.01622753688252,142.19403567350722,141.48711414328454
2026-03-18T12:51:00+05:30,141.78,141.82,141.7,141.75,,142.01622753688252,142.19314848934437,141.49231980381356
2026-03-18T12:54:00+05:30,141.73,141.88,141.7,141.71,,142.01622753688252,142.19218315769731,141.49663030274795
2026-03-18T12:57:00+05:30,141.81,141.81,141.71,141.71,,142.01622753688252,142.19121975478484,141.50085544526777
2026-03-18T13:00:00+05:30,141.71,141.85,141.71,141.72,,142.01622753688252,142.19027825677327,141.50519494140107
2026-03-18T13:03:00+05:30,141.71,141.85,141.71,141.8,,142.01622753688252,142.18949848003646,141.51103266533372
2026-03-18T13:06:00+05:30,141.8,141.84,141.75,141.83,,142.01622753688252,142.18878020135506,141.5173488501786
2026-03-18T13:09:00+05:30,141.83,141.85,141.76,141.85,,142.01622753688252,142.18810331783587,141.52393600166022
2026-03-18T13:12:00+05:30,141.85,142.24,141.85,142.15,141.61317649409034,,142.1880271873307,141.53633330855803
2026-03-18T13:15:00+05:30,142.12,142.2,142.1,142.1,141.73135884468127,,142.18785130883452,141.54749502522026
2026-03-18T13:18:00+05:30,142.11,142.17,142.1,142.16,141.73722296021316,,142.18779566186382,141.55962383660204
2026-03-18T13:21:00+05:30,142.16,142.25,142.13,142.25,141.79600066419187,,142.1879199462557,141.57329465171884
2026-03-18T13:24:00+05:30,142.25,142.3,142.14,142.14,141.81740059777266,,142.18782420210735,141.58451653980362
2026-03-18T13:27:00+05:30,142.1,142.16,141.85,141.85,141.81740059777266,,142.18714922867656,141.58977363802532
2026-03-18T13:30:00+05:30,141.85,141.99,141.85,141.99,141.81740059777266,,142.18675532412377,141.59769891251986
2026-03-18T13:33:00+05:30,141.98,142,141.9,141.9,141.81740059777266,,142.18618238641324,141.603685072668
2026-03-18T13:36:00+05:30,142.01,142.15,142,142.15,141.81740059777266,,142.18611009393288,141.6145031900409
2026-03-18T13:39:00+05:30,142.1,142.25,142.1,142.21,141.81740059777266,,142.18615782601293,141.62629520607967
2026-03-18T13:42:00+05:30,142.21,142.24,142.15,142.15,141.81740059777266,,142.1860855826043,141.6366655980385
2026-03-18T13:45:00+05:30,142.15,142.17,142.15,142.17,141.81740059777266,,142.18605344357812,141.64722667530506
2026-03-18T13:48:00+05:30,142.17,142.18,141.85,142,141.81740059777266,,142.1856817084261,141.65421228569505
2026-03-18T13:51:00+05:30,142,142,141.9,142,141.81740059777266,,142.18531071600168,141.66105956716643
2026-03-18T13:54:00+05:30,142,142.08,141.93,142,141.81740059777266,,142.18494046482087,141.6677712589057
2026-03-18T13:57:00+05:30,142,142.14,142,142.1,141.81740059777266,,142.18477075360244,141.67633024387786
2026-03-18T14:00:00+05:30,142.24,142.24,142.05,142.16,141.81740059777266,,142.18472126158724,141.68590786281098
2026-03-18T14:03:00+05:30,142.1,142.12,141.92,141.92,141.81740059777266,,142.18419234797767,141.6905433506761
2026-03-18T14:06:00+05:30,141.92,141.96,141.77,141.79,,142.35853460037333,142.18340475087882,141.69251278927658
2026-03-18T14:09:00+05:30,141.88,142,141.8,141.8,,142.35853460037333,142.18263870742052,141.69464124889487
2026-03-18T14:12:00+05:30,141.8,141.87,141.65,141.85,,142.2824630263024,142.18197409461848,141.69771765980784
2026-03-18T14:15:00+05:30,141.77,141.83,141.71,141.8,,142.28221672367215,142.18121090961424,141.69974305268292
2026-03-18T14:18:00+05:30,141.8,141.89,141.66,141.78,,142.28221672367215,142.1804092894152,141.70133229916445
2026-03-18T14:21:00+05:30,141.75,141.8,141.68,141.76,,142.25299554617445,142.17956931081497,141.70249403581465
2026-03-18T14:24:00+05:30,141.78,141.95,141.76,141.8,,142.25299554617445,142.17881093057358,141.70442484698663
2026-03-18T14:27:00+05:30,141.87,141.87,141.52,141.63,,142.25299554617445,142.17771440523777,141.70295108764034
2026-03-18T14:30:00+05:30,141.63,141.63,141.55,141.6,,142.12864375316116,142.17656013070183,141.7009124522415
2026-03-18T14:33:00+05:30,141.6,141.6,141.53,141.56,,142.07077937784504,142.1753282423288,141.69812210665256
2026-03-18T14:36:00+05:30,141.56,141.57,141.4,141.45,,141.99120144006054,142.1738790350514,141.69320879760994
2026-03-18T14:39:00+05:30,141.4,141.48,141.25,141.44,,141.88958129605447,142.1724127432731,141.6881947620137
2026-03-18T14:42:00+05:30,141.43,141.43,141.2,141.25,,141.85912316644902,142.17056976076907,141.67951763801344
2026-03-18T14:45:00+05:30,141.25,141.55,141.25,141.49,,141.85912316644902,142.16920998102728,141.67576481349832
2026-03-18T14:48:00+05:30,141.49,141.79,141.39,141.77,,141.85912316644902,142.16841235868756,141.6776308567954
2026-03-18T14:51:00+05:30,141.76,141.78,141.15,141.15,,141.85912316644902,142.1663775687601,141.66718272101727
2026-03-18T14:54:00+05:30,141.15,141.19,141.15,141.18,,141.85912316644902,142.16440678440694,141.65753553842288
2026-03-18T14:57:00+05:30,141.18,141.19,141.18,141.19,,141.8197182885565,142.16245991770484,141.64827740894916
2026-03-18T15:00:00+05:30,141.43,141.5,141.25,141.4,,141.8197182885565,142.16093652126585,141.64336102461354
2026-03-18T15:03:00+05:30,141.36,141.44,141.33,141.42,,141.8197182885565,142.15945612861597,141.63893803402712
2026-03-18T15:06:00+05:30,141.42,141.42,141.3,141.3,,141.8197182885565,142.15773893355382,141.63222638978897
2026-03-18T15:09:00+05:30,141.3,141.37,141.26,141.34,,141.8197182885565,142.15610508953074,141.62643972860502
2026-03-18T15:12:00+05:30,141.34,141.4,141.3,141.35,,141.8197182885565,142.15449448995125,141.62096567457323
2026-03-18T15:15:00+05:30,141.35,141.35,141.01,141.02,,141.77585619198874,142.1522277676936,141.60906536418562
2026-03-18T15:18:00+05:30,141.08,141.12,141,141.03,,141.63227057278988,142.14998555437154,141.59759872331065
2026-03-18T15:21:00+05:30,141.07,141.07,140.94,141.05,,141.55904351551087,142.14778778103613,141.5867551842352
2026-03-18T15:24:00+05:30,141.04,141.5,141.03,141.35,,141.55904351551087,142.14619379945563,141.5820669627652
2026-03-18T15:27:00+05:30,141.34,141.49,141.12,141.12,,141.55904351551087,142.144143462194,141.57291712191835
2026-03-19T09:15:00+05:30,140,140.07,139.01,139.6,,140.79100772280742,142.13906025847334,141.5338494561378
2026-03-19T09:18:00+05:30,139.6,139.8,139.39,139.39,,140.79100772280742,142.13356763058428,141.49139699165983
2026-03-19T09:21:00+05:30,139.39,139.84,139.2,139.6,,140.79100772280742,142.1285055573963,141.4539435858844
2026-03-19T09:24:00+05:30,139.62,139.94,139.55,139.82,,140.79100772280742,142.12389315868023,141.42158826735204
2026-03-19T09:27:00+05:30,139.84,140.36,139.7,140.11,,140.79100772280742,142.11986939612544,141.39561622245398
2026-03-19T09:30:00+05:30,140.09,140.18,139.82,139.9,,140.79100772280742,142.11543409263666,141.3660000596331
2026-03-19T09:33:00+05:30,139.78,140.21,139.77,140.21,,140.79100772280742,142.1116270315125,141.34310896934335
2026-03-19T09:36:00+05:30,140.22,140.31,139.9,139.98,,140.79100772280742,142.10736803644454,141.31611671252466
2026-03-19T09:39:00+05:30,139.8,139.89,139.71,139.71,,140.79100772280742,142.1025780903178,141.28431242118754
2026-03-19T09:42:00+05:30,139.65,139.65,139.3,139.31,,140.74615891234285,142.09699851371377,141.24521712571848
2026-03-19T09:45:00+05:30,139.35,139.53,139.2,139.53,,140.60804302110856,142.0918696455545,141.2112524301597
2026-03-19T09:48:00+05:30,139.45,139.45,139.01,139.02,,140.5047387189977,142.08573204386508,141.16786129292882
2026-03-19T09:51:00+05:30,139.01,139.6,139.01,139.25,,140.5047387189977,142.08006624557564,141.1298838415837
2026-03-19T09:54:00+05:30,139.43,139.43,139.22,139.24,,140.5047387189977,142.0743917875425,141.0924603991761
2026-03-19T09:57:00+05:30,139.24,139.3,139.13,139.15,,140.39535452614933,142.06854884690807,141.05399583681617
2026-03-19T10:00:00+05:30,139.2,139.2,139.09,139.17,,140.24031907353438,142.06275754052064,141.01668898856238
2026-03-19T10:03:00+05:30,139.17,139.35,139.15,139.33,,140.24031907353438,142.05729748549462,140.98328920661064
2026-03-19T10:06:00+05:30,139.3,139.5,139.26,139.34,,140.24031907353438,142.05186831968942,140.9507488262817
2026-03-19T10:09:00+05:30,139.34,139.51,139.28,139.4,,140.24031907353438,142.04656988148824,140.92004092873157
2026-03-19T10:12:00+05:30,139.4,139.5,139.4,139.49,,140.24031907353438,142.04146184975698,140.89172328657847
2026-03-19T10:15:00+05:30,139.4,139.58,139.4,139.48,,140.24031907353438,142.03634404386335,140.86376837001256
2026-03-19T10:18:00+05:30,139.5,139.57,139.4,139.4,,140.24031907353438,142.0310766231963,140.8347828577351
2026-03-19T10:21:00+05:30,139.31,139.55,139.31,139.45,,140.24031907353438,142.02591962694615,140.80736141500768
2026-03-19T10:24:00+05:30,139.55,139.6,139.48,139.6,,140.24031907353438,142.02107263468451,140.78345326817583
2026-03-19T10:27:00+05:30,139.58,139.66,139.52,139.52,,140.24031907353438,142.01607548656327,140.7584343915783
2026-03-19T10:30:00+05:30,139.58,139.75,139.58,139.75,,140.24031907353438,142.01154786321348,140.73846539372528
2026-03-19T10:33:00+05:30,139.8,139.9,139.64,139.64,,140.24031907353438,142.00680950584442,140.71671360375052
2026-03-19T10:36:00+05:30,139.65,140.19,139.65,140.19,,140.24031907353438,142.00317951682175,140.70628363139903
2026-03-19T10:39:00+05:30,140.1,140.1,139.87,139.93,,140.24031907353438,141.99903730000491,140.69091167830203
2026-03-19T10:42:00+05:30,139.87,139.87,139.65,139.75,,140.24031907353438,141.99454371898594,140.6722797638802
2026-03-19T10:45:00+05:30,139.75,139.77,139.66,139.7,,140.24031907353438,141.9899592160509,140.6530266992489
2026-03-19T10:48:00+05:30,139.7,139.96,139.7,139.93,,140.24031907353438,141.9858434134214,140.63870933886773
2026-03-19T10:51:00+05:30,139.94,139.94,139.84,139.89,,140.24031907353438,141.9816559140939,140.6238834113654
2026-03-19T10:54:00+05:30,139.89,140,139.8,139.8,,140.24031907353438,141.97729696121857,140.60756888836806
2026-03-19T10:57:00+05:30,139.87,139.93,139.6,139.6,,140.24031907353438,141.9725471171402,140.58761702919247
2026-03-19T11:00:00+05:30,139.6,139.7,139.6,139.7,,140.24031907353438,141.9680065634596,140.57004045435698
2026-03-19T11:03:00+05:30,139.55,139.65,139.55,139.65,,140.24031907353438,141.9633751817144,140.55182183149844
2026-03-19T11:06:00+05:30,139.7,139.77,139.65,139.65,,140.24031907353438,141.95875305347923,140.53396397344898
2026-03-19T11:09:00+05:30,139.6,139.65,139.51,139.6,,140.2100538446298,141.95404026016558,140.51546963734108
2026-03-19T11:12:00+05:30,139.6,139.8,139.6,139.6,,140.2100538446298,141.9493368830224,140.49734152571057
2026-03-19T11:15:00+05:30,139.61,139.61,139.55,139.56,,140.1623436141502,141.94456298315623,140.47878030737965
2026-03-19T11:18:00+05:30,139.52,139.58,139.4,139.48,,140.06810925273516,141.9396387813917,140.45900247951076
2026-03-19T11:21:00+05:30,139.5,139.65,139.5,139.65,,140.06810925273516,141.93506407853178,140.44298262843134
2026-03-19T11:24:00+05:30,139.65,139.65,139.4,139.47,,140.06810925273516,141.93013887557768,140.42371564569012
2026-03-19T11:27:00+05:30,139.47,139.47,139.31,139.31,,139.96825164524392,141.92490383286923,140.40166187052793
2026-03-19T11:30:00+05:30,139.35,139.73,139.25,139.59,,139.96825164524392,141.92023869034603,140.38558935824025
2026-03-19T11:33:00+05:30,139.57,139.62,139.57,139.62,,139.96825164524392,141.91564280884683,140.37042917292857
2026-03-19T11:36:00+05:30,139.52,139.71,139.52,139.7,,139.96825164524392,141.9112159500879,140.35715334772206
2026-03-19T11:39:00+05:30,139.7,139.72,139.65,139.65,,139.96825164524392,141.90669803610172,140.3431503111335
2026-03-19T11:42:00+05:30,139.71,139.72,139.69,139.69,,139.96825164524392,141.90226906899662,140.3302166416061
2026-03-19T11:45:00+05:30,139.69,139.7,139.43,139.51,,139.96825164524392,141.897489310617,140.31397472791093
2026-03-19T11:48:00+05:30,139.48,139.51,139.22,139.22,,139.95657752334006,141.89213968162477,140.2923118620117
2026-03-19T11:51:00+05:30,139.38,139.45,139.2,139.45,,139.93241977100604,141.8872602816615,140.27563241919958
2026-03-19T11:54:00+05:30,139.34,139.51,139.34,139.43,,139.93241977100604,141.88235067070912,140.25888722277978
2026-03-19T11:57:00+05:30,139.36,139.51,139.21,139.5,,139.93241977100604,141.8775907293091,140.24385975302175
2026-03-19T12:00:00+05:30,139.54,139.57,139.4,139.55,,139.93241977100604,141.87294019838143,140.23011995593222
2026-03-19T12:03:00+05:30,139.53,139.53,139.42,139.49,,139.93241977100604,141.86817907910395,140.2154641152207
2026-03-19T12:06:00+05:30,139.49,139.6,139.4,139.48,,139.93241977100604,141.8634074925323,140.20090046937474
2026-03-19T12:09:00+05:30,139.48,139.5,139.41,139.41,,139.93241977100604,141.8585055794603,140.18523907394157
2026-03-19T12:12:00+05:30,139.48,139.51,139.41,139.51,,139.93241977100604,141.85381326062023,140.17186800317046
2026-03-19T12:15:00+05:30,139.52,139.6,139.47,139.47,,139.93241977100604,141.84905039696264,140.15796962687006
2026-03-19T12:18:00+05:30,139.44,139.5,139.42,139.49,,139.93241977100604,141.8443370095561,140.1447425055459
2026-03-19T12:21:00+05:30,139.49,139.49,139.41,139.41,,139.91761811297928,141.8394731993472,140.13019314900043
2026-03-19T12:24:00+05:30,139.41,139.45,139.3,139.31,,139.84085630168136,141.834419306841,140.11395170050537
2026-03-19T12:27:00+05:30,139.3,139.39,139.3,139.39,,139.79127067151322,141.82953535218198,140.09961602326763
2026-03-19T12:30:00+05:30,139.4,139.4,139.33,139.4,,139.7876436043619,141.8246811356941,140.08576224062867
2026-03-19T12:33:00+05:30,139.35,139.4,139.31,139.4,,139.76237924392572,141.81983661794047,140.0721827903192
2026-03-19T12:36:00+05:30,139.4,139.45,139.34,139.45,,139.76237924392572,141.81510167964288,140.05986233902576
2026-03-19T12:39:00+05:30,139.43,139.43,139.4,139.43,,139.76237924392572,141.8103362417215,140.0473898174609
2026-03-19T12:42:00+05:30,139.4,139.45,139.28,139.28,,139.75320946882184,141.80528062485493,140.03219397949138
2026-03-19T12:45:00+05:30,139.41,139.42,139.33,139.33,,139.75320946882184,141.80033500922084,140.01828914821434
2026-03-19T12:48:00+05:30,139.44,139.5,139.3,139.5,,139.75320946882184,141.79573893527635,140.00802599676456
2026-03-19T12:51:00+05:30,139.45,139.45,139.34,139.41,,139.75320946882184,141.79097222411696,139.99618389781872
2026-03-19T12:54:00+05:30,139.41,139.45,139.37,139.39,,139.75320946882184,141.78617507681602,139.98418025627777
2026-03-19T12:57:00+05:30,139.44,139.49,139.38,139.38,,139.75320946882184,141.781367534205,139.97221629080693
2026-03-19T13:00:00+05:30,139.35,139.57,139.35,139.5,,139.75320946882184,141.77680935731348,139.9628654731672
2026-03-19T13:03:00+05:30,139.5,139.5,139.4,139.49,,139.75320946882184,141.77224030764853,139.9535018004312
2026-03-19T13:06:00+05:30,139.49,139.5,139.48,139.49,,139.75320946882184,141.76768038695394,139.94432354695732
2026-03-19T13:09:00+05:30,139.48,139.49,139.31,139.41,,139.75320946882184,141.76296973683014,139.93374288266114
2026-03-19T13:12:00+05:30,139.41,139.41,139.26,139.26,,139.73129157035882,141.75796879829502,139.92040143944013
2026-03-19T13:15:00+05:30,139.26,139.31,139.2,139.2,,139.64466241332295,141.7528579715252,139.90613606440172
2026-03-19T13:18:00+05:30,139.2,139.23,139.01,139.16,,139.53669617199068,141.74767743611756,139.8913610928294
2026-03-19T13:21:00+05:30,139.16,139.16,139.01,139.05,,139.50502655479158,141.74228747121023,139.87470047712984
2026-03-19T13:24:00+05:30,139.1,139.1,139.01,139.09,,139.46002389931246,141.7369881955435,139.85916185382032
2026-03-19T13:27:00+05:30,139.01,139.24,139.01,139.01,,139.46002389931246,141.73153966768027,139.84234676760607
2026-03-19T13:30:00+05:30,139.1,139.21,139.01,139.05,,139.46002389931246,141.72618194606653,139.82665673260396
2026-03-19T13:33:00+05:30,139.05,139.09,139.01,139.08,,139.46002389931246,141.72089486925123,139.8118714507702
2026-03-19T13:36:00+05:30,139.08,139.08,138.75,138.78,,139.40023718033893,141.71501895542656,139.79143835273516
2026-03-19T13:39:00+05:30,138.76,139.15,138.7,139.15,,139.40023718033893,141.70989404242872,139.77873660317604
2026-03-19T13:42:00+05:30,139.19,139.46,138.9,138.9,,139.40023718033893,141.70427986851777,139.76133587836068
2026-03-19T13:45:00+05:30,139.05,139.12,138.91,138.96,,139.40023718033893,141.6987967918574,139.74546784116544
2026-03-19T13:48:00+05:30,138.96,138.96,138.66,138.9,,139.40023718033893,141.69320479027527,139.72872590371662
2026-03-19T13:51:00+05:30,138.9,139.15,138.68,139.02,,139.40023718033893,141.68786372176322,139.7146917274054
2026-03-19T13:54:00+05:30,139,139.21,139,139.15,,139.40023718033893,141.6827930649765,139.70350971300135
2026-03-19T13:57:00+05:30,139.01,139.09,138.95,139.09,,139.40023718033893,141.67761265925228,139.6913610058132
2026-03-19T14:00:00+05:30,139.12,139.29,139.02,139.02,,139.40023718033893,141.67230274384917,139.67806672847038
2026-03-19T14:03:00+05:30,138.66,138.85,138.66,138.69,,139.40023718033893,141.6663440970083,139.6585010506789
2026-03-19T14:06:00+05:30,138.77,138.8,138.66,138.66,,139.40023718033893,141.6603374154958,139.63872875264565
2026-03-19T14:09:00+05:30,138.66,138.72,138.61,138.66,,139.3697174082327,141.65434273534495,139.61934798526653
2026-03-19T14:12:00+05:30,138.6,138.73,138.41,138.41,,139.3002456674094,141.64786053207754,139.59540050040977
2026-03-19T14:15:00+05:30,138.4,138.73,138.4,138.48,,139.3002456674094,141.64153114040505,139.5733133617878
2026-03-19T14:18:00+05:30,138.66,138.75,138.48,138.58,,139.3002456674094,141.6354141950696,139.55364379026724
2026-03-19T14:21:00+05:30,138.59,138.59,138.23,138.39,,139.20343909154147,141.62892985102349,139.53060133897483
2026-03-19T14:24:00+05:30,138.39,138.39,138.1,138.36,,139.04609518238732,141.6223985226498,139.5074211144407
2026-03-19T14:27:00+05:30,138.23,138.3,138.1,138.26,,138.9989856641486,141.61568044368346,139.48271970623395
2026-03-19T14:30:00+05:30,138.33,138.48,138.27,138.33,,138.9989856641486,141.60911564759218,139.45989357343723
2026-03-19T14:33:00+05:30,138.33,138.5,138.33,138.5,,138.9989856641486,141.60290362831626,139.44088577990382
2026-03-19T14:36:00+05:30,138.45,138.74,138.21,138.21,,138.9989856641486,141.59612460008785,139.41651180406416
2026-03-19T14:39:00+05:30,138.25,138.47,138.21,138.36,,138.9989856641486,141.5896588166711,139.39559077824111
2026-03-19T14:42:00+05:30,138.31,138.44,138.14,138.31,,138.9989856641486,141.58310605180262,139.37409393114723
2026-03-19T14:45:00+05:30,138.32,138.37,138.15,138.15,,138.9989856641486,141.57624669905175,139.34985444736213
2026-03-19T14:48:00+05:30,138.12,138.19,138.12,138.13,,138.9168243623067,141.56936109126144,139.325698913751
2026-03-19T14:51:00+05:30,138.14,138.14,137.7,137.74,,138.73764192607604,141.56171002015003,139.29429893526088
2026-03-19T14:54:00+05:30,137.75,137.75,137.1,137.15,,138.35587773346845,141.55289541471515,139.25183757020622
2026-03-19T14:57:00+05:30,137.2,137.34,137.15,137.2,,138.1397899601216,141.54419832097946,139.21120712327144
2026-03-19T15:00:00+05:30,137.15,137.2,136.53,137,,137.87131096410943,141.5351190036548,139.16742084360268
2026-03-19T15:03:00+05:30,137.01,137.01,136.56,136.57,,137.82567986769848,141.5251986859652,139.11598676749173
2026-03-19T15:06:00+05:30,136.58,136.58,136.1,136.1,,137.42061188092865,141.51435912815109,139.05626425724438
2026-03-19T15:09:00+05:30,136.2,136.71,136.15,136.68,,137.42061188092865,141.50470006895398,139.00920951947717
2026-03-19T15:12:00+05:30,136.37,136.66,136.33,136.59,,137.42061188092865,141.49488048839663,138.96130438047763
2026-03-19T15:15:00+05:30,136.65,136.7,136.5,136.65,,137.42061188092865,141.48520040750074,138.9155359769038
2026-03-19T15:18:00+05:30,136.7,137.36,136.62,137.36,,137.42061188092865,141.4769582488444,138.88473328429185
2026-03-19T15:21:00+05:30,137.44,137.64,137.05,137.51,136.08489819043047,,141.46903225833722,138.85751084301876
2026-03-19T15:24:00+05:30,137.5,137.62,137.4,137.57,136.3099083713874,,141.46124198409478,138.83201557880056
2026-03-19T15:27:00+05:30,137.6,137.62,136.5,136.99,136.3099083713874,,141.45230843367702,138.7955400227847
2026-03-20T09:15:00+05:30,138.74,141.71,138.74,141.04,137.53452578082383,,141.45148464060273,138.83998477480878
2026-03-20T09:18:00+05:30,141.24,141.81,141,141,138.74057320274142,,141.45058257338874,138.88275735352545
2026-03-20T09:21:00+05:30,141,142.25,140.86,141.9,138.74057320274142,,141.45148051030506,138.94250473266356
2026-03-20T09:24:00+05:30,141.9,142.13,141.69,141.84,139.24451429422055,,141.45225677302173,138.9998808765712
2026-03-20T09:27:00+05:30,141.93,142.32,141.84,141.84,139.5370628647985,,141.45303148476395,139.05612085921337
2026-03-20T09:30:00+05:30,141.94,141.94,141.6,141.75,139.5370628647985,,141.45362482845073,139.10946500061507
2026-03-20T09:33:00+05:30,141.7,141.79,141.51,141.65,139.5370628647985,,141.45401718643583,139.15977262436527
2026-03-20T09:36:00+05:30,141.6,141.76,141.14,141.14,139.5370628647985,,141.45338977946992,139.19898504764518
2026-03-20T09:39:00+05:30,141,141.08,140.8,140.84,139.5370628647985,,141.45216422546497,139.23148039323635
2026-03-20T09:42:00+05:30,140.85,140.85,140.4,140.4,139.5370628647985,,141.45006199924026,139.2546193953505
2026-03-20T09:45:00+05:30,140.38,140.52,140.21,140.28,139.5370628647985,,141.44772421302798,139.2749239617792
2026-03-20T09:48:00+05:30,140.38,140.55,140.29,140.29,139.5370628647985,,141.44541107773722,139.29502447738753
2026-03-20T09:51:00+05:30,140.37,140.37,140.02,140.09,139.5370628647985,,141.44270296369578,139.3107665669442
2026-03-20T09:54:00+05:30,140.1,140.7,139.9,140.52,139.5370628647985,,141.44085940133075,139.33471178344035
2026-03-20T09:57:00+05:30,140.45,140.88,140.45,140.8,139.5370628647985,,141.43957896296646,139.36372739168905
2026-03-20T10:00:00+05:30,140.8,140.8,140.25,140.32,139.5370628647985,,141.43734204196153,139.38266348294275
2026-03-20T10:03:00+05:30,140.5,140.61,140.36,140.54,139.5370628647985,,141.4355491507688,139.40558103773597
2026-03-20T10:06:00+05:30,140.6,140.6,140.25,140.25,139.5370628647985,,141.43318042119682,139.42230220530556
2026-03-20T10:09:00+05:30,140.25,140.51,140.01,140.08,139.5370628647985,,141.43047676401162,139.43532592401237
2026-03-20T10:12:00+05:30,140.25,140.25,139.8,139.9,139.5370628647985,,141.42741886837922,139.4445273908636
2026-03-20T10:15:00+05:30,139.9,139.96,139.83,139.83,139.5370628647985,,141.42422722228855,139.4521605118366
2026-03-20T10:18:00+05:30,139.81,139.88,139.8,139.85,139.5370628647985,,141.4210819131531,139.4600385215032
2026-03-20T10:21:00+05:30,139.81,139.85,139.7,139.72,139.5370628647985,,141.41768314809187,139.46518627355266
2026-03-20T10:24:00+05:30,139.8,140.04,139.59,140.04,139.5370628647985,,141.41493053440936,139.47656872358132
2026-03-20T10:27:00+05:30,140.15,140.34,139.89,140.31,139.5370628647985,,141.41272288099395,139.4930723132134
2026-03-20T10:30:00+05:30,140.5,140.78,140.38,140.56,139.5370628647985,,141.41101913897398,139.51419959413985
2026-03-20T10:33:00+05:30,140.46,140.65,140.46,140.61,139.5370628647985,,141.4094187011339,139.5358986120777
2026-03-20T10:36:00+05:30,140.61,140.7,140.38,140.39,139.5370628647985,,141.40738190053222,139.55281151084841
2026-03-20T10:39:00+05:30,140.24,140.61,140.24,140.49,139.5370628647985,,141.40554896966202,139.57136969875242
2026-03-20T10:42:00+05:30,140.55,140.75,140.49,140.66,139.5370628647985,,141.40405936133104,139.5929267344207
2026-03-20T10:45:00+05:30,140.59,140.85,140.59,140.6,139.62581057573786,,141.40245284912058,139.61286877928364
2026-03-20T10:48:00+05:30,140.55,140.64,140.43,140.64,139.62581057573786,,141.40092946680466,139.63320801137704
2026-03-20T10:51:00+05:30,140.63,140.64,140.44,140.58,139.62581057573786,,141.39928924808976,139.6519563675874
2026-03-20T10:54:00+05:30,140.58,140.58,140.34,140.34,139.62581057573786,,141.39717278605562,139.6655809939718
2026-03-20T10:57:00+05:30,140.33,140.42,140.22,140.28,139.62581057573786,,141.39494067259696,139.67774770696244
2026-03-20T11:00:00+05:30,140.15,140.15,140,140.08,139.62581057573786,,141.39231341850586,139.68571309890376
2026-03-20T11:03:00+05:30,140.02,140.15,140.01,140.02,139.62581057573786,,141.3895715335538,139.69233264149972
2026-03-20T11:06:00+05:30,140.03,140.24,140.03,140.24,139.62581057573786,,141.3872746873329,139.70317753968783
2026-03-20T11:09:00+05:30,140.15,140.2,140,140.01,139.62581057573786,,141.38452288975583,139.70925323197125
2026-03-20T11:12:00+05:30,140.01,140.1,140.01,140.02,139.62581057573786,,141.3817965702958,139.71540663331834
2026-03-20T11:15:00+05:30,140.04,140.1,140.02,140.05,139.62581057573786,,141.3791356380874,139.72203224453975
2026-03-20T11:18:00+05:30,140.06,140.22,140.06,140.15,139.62581057573786,,141.3766798226267,139.73050685355875
2026-03-20T11:21:00+05:30,140.15,140.5,140.15,140.25,139.62581057573786,,141.37442871409,139.74079384655758
2026-03-20T11:24:00+05:30,140.1,140.1,139.68,139.72,139.62581057573786,,141.37112316221368,139.7403820872198
2026-03-20T11:27:00+05:30,139.75,139.82,139.71,139.71,139.62581057573786,,141.36780423481665,139.7397804617303
2026-03-20T11:30:00+05:30,139.74,139.75,139.47,139.5,,140.40325666506237,141.3640723582236,139.73503233377525
2026-03-20T11:33:00+05:30,139.5,139.55,139.46,139.55,,140.2459309985561,141.36044783802737,139.73136832716585
2026-03-20T11:36:00+05:30,139.55,139.61,139.46,139.53,,140.2459309985561,141.35679059958974,139.7273808355388
2026-03-20T11:39:00+05:30,139.56,139.56,139.14,139.21,,140.11665410883046,141.35250130768247,139.71713567047863
2026-03-20T11:42:00+05:30,139.22,139.63,138.96,139.36,,140.11665410883046,141.3485202860887,139.7100636770038
2026-03-20T11:45:00+05:30,139.35,139.59,139.35,139.59,,140.11665410883046,141.34500675904357,139.70768617844928
2026-03-20T11:48:00+05:30,139.52,139.52,139.38,139.39,,140.11665410883046,141.3411006516329,139.70139536303444
2026-03-20T11:51:00+05:30,139.39,139.39,139.39,139.39,,140.11665410883046,141.33720234863264,139.69522911822187
2026-03-20T11:54:00+05:30,139.35,139.35,139.02,139.2,,139.9840956847233,141.33293221406993,139.68542260102936
2026-03-20T11:57:00+05:30,139.2,139.26,139.14,139.24,,139.95518611625096,141.32875053132454,139.67660235150402
2026-03-20T12:00:00+05:30,139.35,139.45,139,139.08,,139.95518611625096,141.32425752326995,139.66478844355345
2026-03-20T12:03:00+05:30,139.08,139.08,138.94,139.05,,139.78520075416327,141.3197135521945,139.65261441496824
2026-03-20T12:06:00+05:30,139.03,139.08,139.01,139.01,,139.76368067874697,141.3150987399024,139.63988937704806
2026-03-20T12:09:00+05:30,139.02,139.14,139.02,139.14,,139.76368067874697,141.3107528882742,139.62999057750255
2026-03-20T12:12:00+05:30,139.2,139.32,139.04,139.08,,139.76368067874697,141.30629583954638,139.61909967497775
2026-03-20T12:15:00+05:30,139.03,139.08,139.02,139.03,,139.69910821480656,141.30174779591093,139.60743433487917
2026-03-20T12:18:00+05:30,139,139,138.8,138.86,,139.5531973933259,141.29686917893608,139.59263365498057
2026-03-20T12:21:00+05:30,138.86,138.86,138.75,138.78,,139.4258776539933,141.29184046928785,139.5765418994364
2026-03-20T12:24:00+05:30,138.7,138.71,138.51,138.64,,139.249789888594,141.28654208673183,139.55799651528915
2026-03-20T12:27:00+05:30,138.57,138.61,138.48,138.59,,139.16881089973458,141.28115439025484,139.53882826746164
2026-03-20T12:30:00+05:30,138.59,138.6,138.45,138.45,,139.1314298097611,141.27549773812646,139.5172673116703
2026-03-20T12:33:00+05:30,138.54,138.76,138.51,138.61,,139.1314298097611,141.27017206832002,139.4993016223303
2026-03-20T12:36:00+05:30,138.62,138.72,138.61,138.65,,139.1314298097611,141.2649369592924,139.48248376842278
2026-03-20T12:39:00+05:30,138.77,139.12,138.6,139.1,,139.1314298097611,141.2606114109222,139.4749098324144
2026-03-20T12:42:00+05:30,139.16,139.32,139.16,139.25,138.54119440181574,,141.25659420530596,139.4704561723666
2026-03-20T12:45:00+05:30,139.25,139.25,139,139.02,138.54119440181574,,141.25212548561504,139.4615362481613
2026-03-20T12:48:00+05:30,139,139,138.63,138.77,138.54119440181574,,141.2471661939355,139.447842461069
2026-03-20T12:51:00+05:30,138.62,139.1,138.62,139.09,138.54119440181574,,141.24285617157,139.4407564717409
2026-03-20T12:54:00+05:30,139.11,139.18,139.1,139.1,138.54119440181574,,141.23857474065778,139.43400881883514
2026-03-20T12:57:00+05:30,139.15,139.19,139.05,139.12,138.54119440181574,,141.23434182409304,139.42779082242257
2026-03-20T13:00:00+05:30,139.12,139.12,139,139.01,138.54119440181574,,141.22989758468427,139.41951773683004
2026-03-20T13:03:00+05:30,139.05,139.2,139.04,139.2,138.54119440181574,,141.22584184525434,139.41517085095222
2026-03-20T13:06:00+05:30,139.2,139.2,139.08,139.18,138.54119440181574,,141.22175424915991,139.41051400241852
2026-03-20T13:09:00+05:30,139.05,139.55,139.05,139.51,138.56618168138553,,141.21833416075,139.4124840221726
2026-03-20T13:12:00+05:30,139.53,139.53,139.4,139.44,138.76556351324697,,141.2147810455437,139.41302889302068
2026-03-20T13:15:00+05:30,139.45,139.73,139.43,139.56,138.86050716192227,,141.21147478970846,139.41593921197077
2026-03-20T13:18:00+05:30,139.56,139.56,139,139.16,138.86050716192227,,141.20737593897977,139.41087110876342
2026-03-20T13:21:00+05:30,139.16,139.47,139.16,139.47,138.86050716192227,,141.2039046583824,139.41204197789682
2026-03-20T13:24:00+05:30,139.42,139.42,139.09,139.36,138.86050716192227,,141.20022053319084,139.41101144368105
2026-03-20T13:27:00+05:30,139.39,139.5,139.21,139.33,138.86050716192227,,141.19648382882883,139.40940725667747
2026-03-20T13:30:00+05:30,139.45,139.49,138.8,139,138.86050716192227,,141.19209524975025,139.40130018228783
2026-03-20T13:33:00+05:30,139,139.06,138.9,138.92,138.86050716192227,,141.1875555989016,139.39176948560885
2026-03-20T13:36:00+05:30,138.97,139.31,138.97,139.2,138.86050716192227,,141.18358445884385,139.38797207005223
2026-03-20T13:39:00+05:30,139.2,139.23,139,139.06,138.86050716192227,,141.17934153285216,139.38147757361554
2026-03-20T13:42:00+05:30,139.06,139.13,139,139.06,138.86050716192227,,141.17510708423507,139.3751116810687
2026-03-20T13:45:00+05:30,139.06,139.06,138.8,138.8,,139.56553253452927,141.17036161553528,139.36372333094852
2026-03-20T13:48:00+05:30,138.81,138.9,138.8,138.87,,139.56553253452927,141.1657654884313,139.35394663132578
2026-03-20T13:51:00+05:30,138.87,138.92,138.8,138.89,,139.56553253452927,141.16121850443844,139.34475956931934
2026-03-20T13:54:00+05:30,138.89,138.9,138.83,138.9,,139.56553253452927,141.15670058534866,139.3359524491348
2026-03-20T13:57:00+05:30,138.9,138.9,138.81,138.84,,139.51929915194998,141.15207181295037,139.32613160855786
2026-03-20T14:00:00+05:30,138.84,138.9,138.75,138.9,,139.46786923675495,141.14757216896845,139.31769335888345
2026-03-20T14:03:00+05:30,138.9,138.9,138.82,138.83,,139.46258231307948,141.14294165514434,139.30803606464812
2026-03-20T14:06:00+05:30,138.83,138.83,138.38,138.38,,139.28232408177155,141.137421292197,139.2896591128729
2026-03-20T14:09:00+05:30,138.33,138.42,138.2,138.42,,138.98559167359437,141.13199187902578,139.27243814034077
2026-03-20T14:12:00+05:30,138.42,138.42,138.3,138.36,,138.98559167359437,141.12645343371304,139.25437005835383
2026-03-20T14:15:00+05:30,138.36,138.36,138.2,138.24,,138.90762925561145,141.12068629398533,139.23428352254484
2026-03-20T14:18:00+05:30,138.3,138.45,138.25,138.36,,138.90762925561145,141.11517043725408,139.21697097754395
2026-03-20T14:21:00+05:30,138.38,138.47,138.2,138.2,,138.90762925561145,141.10934592089592,139.19683293838466
2026-03-20T14:24:00+05:30,138.1,138.24,138.1,138.2,,138.79347172734077,141.10353304193308,139.17709367227803
2026-03-20T14:27:00+05:30,138.2,140.38,138.2,140.27,138.07487544539333,,141.1018676412499,139.19873538173786
2026-03-20T14:30:00+05:30,140.3,140.9,140.25,140.51,139.28638790085398,,141.10068508852012,139.22470101774306
2026-03-20T14:33:00+05:30,140.48,140.48,139.87,140.2,139.28638790085398,,141.0988855179137,139.24401386887686
2026-03-20T14:36:00+05:30,140.2,140.26,138.37,138.46,,141.09857580030825,141.0936130193764,139.2284888417704
2026-03-20T14:39:00+05:30,138.38,138.38,137.2,137.42,,139.77321822027744,141.08627313322378,139.19267718153733
2026-03-20T14:42:00+05:30,137.46,138.21,137,137.91,,139.7528963982497,141.0799269331574,139.16727763338807
2026-03-20T14:45:00+05:30,137.9,137.96,137.75,137.95,,139.7528963982497,141.07367333289136,139.14317312579624
2026-03-20T14:48:00+05:30,137.95,137.98,137.8,137.88,,139.74049608258224,141.06729236719127,139.11815979657254
2026-03-20T14:51:00+05:30,137.88,137.88,137.15,137.3,,139.399446474324,141.05976530951457,139.08215663228398
2026-03-20T14:54:00+05:30,137.4,139,137.25,138.78,,139.399446474324,141.0552103338712,139.0761733326348
2026-03-20T14:57:00+05:30,138.7,138.87,138.18,138.33,,139.399446474324,141.04976535817914,139.06139762307768
2026-03-20T15:00:00+05:30,138.33,138.34,137.81,138.03,,139.399446474324,141.04373186096,139.0409739077692
2026-03-20T15:03:00+05:30,138.15,138.5,137.91,138.5,,139.399446474324,141.03864947961944,139.0302615531599
2026-03-20T15:06:00+05:30,138.5,138.82,138.39,138.81,,139.399446474324,141.0341966335063,139.02589993824586
2026-03-20T15:09:00+05:30,138.54,138.72,138.09,138.22,,139.399446474324,141.02857386300977,139.00994152362713
2026-03-20T15:12:00+05:30,138.22,138.22,137.76,137.76,,139.399446474324,141.02204324590085,138.9851902063276
2026-03-20T15:15:00+05:30,137.8,137.9,137.73,137.78,,139.399446474324,141.01556563701791,138.96132505372705
2026-03-20T15:18:00+05:30,137.7,137.7,137.2,137.53,,139.26787266712694,141.00860146991099,138.93298198335623
2026-03-20T15:21:00+05:30,137.5,138.07,137.5,138.02,,139.26787266712694,141.00263023820287,138.91490313220066
2026-03-20T15:24:00+05:30,137.7,138.44,137.7,138.44,,139.26787266712694,140.9975100978668,138.90549910978086
2026-03-20T15:27:00+05:30,138.42,138.99,138.1,138.15,,139.26787266712694,140.99182076700194,138.89053873136936
2026-03-23T09:15:00+05:30,136.05,136.39,135,135.45,,138.377485256902,140.9807481980369,138.82240925154025
2026-03-23T09:18:00+05:30,135.49,135.49,134.16,134.75,,137.6382367312118,140.96829915068818,138.74176748418301
2026-03-23T09:21:00+05:30,134.7,135.21,134.7,135.04,,137.6382367312118,140.95645439714036,138.66846515776353
2026-03-23T09:24:00+05:30,135,135,134.55,134.91,,137.33842175228156,140.94437356917405,138.59404010513455
2026-03-23T09:27:00+05:30,134.75,134.92,134.4,134.4,,137.1230795770534,140.93129789770717,138.510989806023
2026-03-23T09:30:00+05:30,134.27,134.78,134.15,134.78,,136.87077161934806,140.91900759221724,138.43710881976511
2026-03-23T09:33:00+05:30,134.8,135.12,134.8,135.12,,136.87077161934806,140.90742116346155,138.37142349660144
2026-03-23T09:36:00+05:30,135.06,135.26,135,135.26,,136.87077161934806,140.8961376046934,138.3098111501341
2026-03-23T09:39:00+05:30,135.28,135.75,135.19,135.71,,136.87077161934806,140.8857756913973,138.25832974122054
2026-03-23T09:42:00+05:30,135.77,135.77,135.16,135.4,,136.87077161934806,140.8748151006053,138.20172915228548
2026-03-23T09:45:00+05:30,135.19,135.19,135,135.06,,136.87077161934806,140.86319708841629,138.1395166938244
2026-03-23T09:48:00+05:30,135.06,135.06,134.22,134.47,,136.66063345515795,140.85042346786,138.06685299691696
2026-03-23T09:51:00+05:30,134.39,134.45,134.23,134.34,,136.23057010964214,140.83741562876338,137.99305392767107
2026-03-23T09:54:00+05:30,134.3,134.59,134.3,134.39,,136.23057010964214,140.82453367945516,137.92170632514294
2026-03-23T09:57:00+05:30,134.27,134.55,134.22,134.34,,136.09366178881015,140.8115775682075,137.85078144741732
2026-03-23T10:00:00+05:30,134.34,134.5,134.2,134.2,,135.97779560992913,140.79836762301628,137.77848874548826
2026-03-23T10:03:00+05:30,134.2,134.36,134.2,134.3,,135.79301604893624,140.78538387152173,137.70960778023107
2026-03-23T10:06:00+05:30,134.24,134.31,134,134.14,,135.60971444404262,140.77210638126894,137.63892247765224
2026-03-23T10:09:00+05:30,134,134.11,133.55,134,,135.31624299963835,140.75857569918847,137.56686460680766
2026-03-23T10:12:00+05:30,134.03,134.09,134,134.05,,135.31624299963835,140.74517195153774,137.49722372350453
2026-03-23T10:15:00+05:30,134,134.02,133.55,133.62,,135.16315682970708,140.73093584374246,137.4204470161084
2026-03-23T10:18:00+05:30,133.62,133.7,133.25,133.41,,134.85034114673635,140.71630859929942,137.34103222371022
2026-03-23T10:21:00+05:30,133.27,133.4,133.25,133.37,,134.6108070320627,140.70163066004008,137.2623979222506
2026-03-23T10:24:00+05:30,133.37,133.37,133,133.15,,134.45322632885646,140.68654248689316,137.18096430002782
2026-03-23T10:27:00+05:30,133.1,133.14,132.34,132.37,,134.1244036959708,140.66992601838788,137.08569768022528
2026-03-23T10:30:00+05:30,132.48,132.5,132.07,132.4,,133.6599633263737,140.6534026896798,136.99291158754755
2026-03-23T10:33:00+05:30,132.5,132.5,132.05,132.09,,133.64746699373634,140.63629299399614,136.8958242293783
2026-03-23T10:36:00+05:30,132.1,133.2,132.1,132.88,,133.64746699373634,140.62079590509705,136.8163029575094
2026-03-23T10:39:00+05:30,132.88,132.88,132.32,132.57,,133.64746699373634,140.60471039879317,136.73221775043
2026-03-23T10:42:00+05:30,132.58,132.66,132.3,132.5,,133.64746699373634,140.58851717122315,136.64841145834228
2026-03-23T10:45:00+05:30,132.15,132.82,132.15,132.5,,133.64746699373634,140.57235629775417,136.56626469679094
2026-03-23T10:48:00+05:30,132.6,132.77,132.16,132.16,,133.64746699373634,140.55554839306336,136.47901193051786
2026-03-23T10:51:00+05:30,132.3,132.5,132.21,132.48,,133.64746699373634,140.53941343123907,136.3998235754581
2026-03-23T10:54:00+05:30,132.38,132.38,131.59,131.83,,133.64203668145643,140.52201200580203,136.30933201950845
2026-03-23T10:57:00+05:30,131.83,132.02,131.7,131.95,,133.44733301331078,140.50488510868755,136.22300861318155
2026-03-23T11:00:00+05:30,131.95,132,131.75,131.99,,133.3785997119797,140.48787235122762,136.1391866604453
2026-03-23T11:03:00+05:30,131.99,131.99,131.81,131.81,,133.30723974078174,140.47053394493147,136.05346019192163
2026-03-23T11:06:00+05:30,131.88,132.08,131.75,131.99,,133.2805157667036,140.45358982116537,135.97299563366576
2026-03-23T11:09:00+05:30,131.94,131.99,131.5,131.58,,133.12096419003322,140.43586037097322,135.88600562111793
2026-03-23T11:12:00+05:30,131.58,131.61,131.21,131.37,,132.76836777102992,140.4177467638384,135.79657976723442
2026-03-23T11:15:00+05:30,131.37,131.37,131.21,131.35,,132.5605309939269,140.39962938768687,135.70852868273474
2026-03-23T11:18:00+05:30,131.33,131.62,131.26,131.29,,132.5605309939269,140.38142832996922,135.62103306525484
2026-03-23T11:21:00+05:30,131.56,131.56,131.21,131.37,,132.5605309939269,140.36342347816108,135.53685419267552
2026-03-23T11:24:00+05:30,131.41,131.41,131.21,131.38,,132.47819709457272,140.34547458010283,135.4545402482661
2026-03-23T11:27:00+05:30,131.38,131.46,131.3,131.38,,132.47819709457272,140.32756154397876,135.3738562829539
2026-03-23T11:30:00+05:30,131.5,131.71,131.3,131.53,,132.47819709457272,140.30998399843634,135.29774031695482
2026-03-23T11:33:00+05:30,131.5,131.57,131.3,131.46,,132.47819709457272,140.29230171272516,135.22174545919333
2026-03-23T11:36:00+05:30,131.46,131.5,131.31,131.45,,132.43597611374915,140.2746347762362,135.14705743029842
2026-03-23T11:39:00+05:30,131.4,131.62,131.4,131.58,,132.43597611374915,140.2572628785814,135.07642262969844
2026-03-23T11:42:00+05:30,131.52,131.64,131.47,131.49,,132.43597611374915,140.23974586983297,135.00540435980344
2026-03-23T11:45:00+05:30,131.33,131.43,131.3,131.36,,132.27294158692314,140.2220041198433,134.93321813485684
2026-03-23T11:48:00+05:30,131.37,131.54,131.37,131.54,,132.27294158692314,140.2046574582652,134.86602569654283
2026-03-23T11:51:00+05:30,131.6,131.72,131.55,131.69,,132.27294158692314,140.18764515565127,134.8031340985915
2026-03-23T11:54:00+05:30,131.61,131.67,131.27,131.35,,132.27294158692314,140.16998752297263,134.73475520555007
2026-03-23T11:57:00+05:30,131.45,131.5,131.31,131.39,,132.25420647518027,140.1524450903593,134.66852242920254
2026-03-23T12:00:00+05:30,131.41,131.47,131.21,131.31,,132.18228582766224,140.13477786740154,134.60201703456485
2026-03-23T12:03:00+05:30,131.31,131.31,131.21,131.25,,132.048057244896,140.11702606347066,134.53564045962298
2026-03-23T12:06:00+05:30,131.21,131.28,131,131.1,,131.9332515204064,140.09901002737982,134.467607975274
2026-03-23T12:09:00+05:30,131.15,131.28,131.08,131.28,,131.9332515204064,140.08138962772472,134.4044870252686
2026-03-23T12:12:00+05:30,131.26,131.34,131.2,131.2,,131.9332515204064,140.06364459350348,134.34103183664942
2026-03-23T12:15:00+05:30,131.1,131.15,131.1,131.1,,131.81968035837627,140.04573521369628,134.27685298839893
2026-03-23T12:18:00+05:30,131.1,131.22,131.1,131.1,,131.81968035837627,140.02786161686572,134.21394500843064
2026-03-23T12:21:00+05:30,131.21,131.21,131.1,131.1,,131.78309109028478,140.01002373151735,134.15228273103597
2026-03-23T12:24:00+05:30,131.1,131.11,131,131.04,,131.65328198125633,139.99210160617966,134.09065337002536
2026-03-23T12:27:00+05:30,131,131.16,131,131.16,,131.65328198125633,139.97445504952395,134.03262063002487
2026-03-23T12:30:00+05:30,131.17,131.5,131.17,131.45,,131.65328198125633,139.95742317130313,133.9814796274501
2026-03-23T12:33:00+05:30,131.45,131.5,131.45,131.5,,131.65328198125633,139.94052522290892,133.93234141700555
2026-03-23T12:36:00+05:30,131.5,131.5,131.28,131.32,,131.65328198125633,139.92330139628973,133.88061188399553
2026-03-23T12:39:00+05:30,131.3,131.43,131.24,131.4,,131.65328198125633,139.90627182307037,133.83149085658968
2026-03-23T12:42:00+05:30,131.35,131.39,131.25,131.35,,131.65328198125633,139.88917637487242,133.78235242378594
2026-03-23T12:45:00+05:30,131.23,131.34,131.2,131.2,,131.65328198125633,139.87181538311444,133.73121673222582
2026-03-23T12:48:00+05:30,131.27,131.36,131.2,131.21,,131.65328198125633,139.85450905867265,133.68129164841937
2026-03-23T12:51:00+05:30,131.34,131.38,131.22,131.38,,131.65328198125633,139.83757697264133,133.63572151676752
2026-03-23T12:54:00+05:30,131.42,131.42,131.2,131.25,,131.65328198125633,139.820418976692,133.5884795065345
2026-03-23T12:57:00+05:30,131.28,131.29,131.2,131.28,,131.65328198125633,139.8033552025128,133.54276704105857
2026-03-23T13:00:00+05:30,131.25,131.25,131.01,131.11,,131.65328198125633,139.78598586144884,133.49459343628513
2026-03-23T13:03:00+05:30,131.13,131.13,131,131.12,,131.6071039362838,139.768671204383,133.44757178408148
2026-03-23T13:06:00+05:30,131.2,131.2,131.1,131.1,,131.6071039362838,139.75135118199663,133.40108521409965
2026-03-23T13:09:00+05:30,131.21,131.21,131.1,131.15,,131.6071039362838,139.73416566514948,133.35650926926598
2026-03-23T13:12:00+05:30,131.1,131.15,130.5,130.55,,131.46919376955088,139.7158156838005,133.30093482829042
2026-03-23T13:15:00+05:30,130.55,131.01,130.55,131,,131.46919376955088,139.69840146665007,133.25537176238367
2026-03-23T13:18:00+05:30,131.1,131.1,130.58,130.58,,131.46919376955088,139.68018288230112,133.2023941037226
2026-03-23T13:21:00+05:30,130.69,130.77,130.65,130.65,,131.46919376955088,139.66214055885996,133.15185164622315
2026-03-23T13:24:00+05:30,130.81,130.82,130.7,130.74,,131.46919376955088,139.6443141041969,133.1040922076841
2026-03-23T13:27:00+05:30,130.78,130.85,130.7,130.8,,131.46919376955088,139.62664314694575,133.0584666194131
2026-03-23T13:30:00+05:30,130.94,130.94,130.71,130.92,,131.46919376955088,139.60924725654226,133.01612074576136
2026-03-23T13:33:00+05:30,130.95,131.05,130.79,131.02,,131.46919376955088,139.59208592336236,132.97659360228093
2026-03-23T13:36:00+05:30,131.03,131.5,131.02,131.3,,131.46919376955088,139.57551831911988,132.94339372896843
2026-03-23T13:39:00+05:30,131.33,131.4,131.29,131.36,,131.46919376955088,139.55910369710367,132.91203939770173
2026-03-23T13:42:00+05:30,131.36,131.51,131.35,131.4,,131.46919376955088,139.54280179161495,132.88209802348982
2026-03-23T13:45:00+05:30,131.48,131.48,131.3,131.47,130.70735524476885,,139.52667231750584,132.854135686391
2026-03-23T13:48:00+05:30,131.47,131.56,131.38,131.42,130.7820577482628,,139.5104751700183,132.8257369599278
2026-03-23T13:51:00+05:30,131.45,131.54,131.45,131.49,130.8398519734365,,139.49445024460368,132.79928672309757
2026-03-23T13:54:00+05:30,131.5,131.8,131.38,131.62,130.87436677609284,,139.4787170772818,132.775934510759
2026-03-23T13:57:00+05:30,131.63,131.74,131.5,131.6,130.90393009848356,,139.46297538481969,132.75264867886276
2026-03-23T14:00:00+05:30,131.6,132,131.51,132,130.9635370886352,,139.4480643450898,132.73774474462786
2026-03-23T14:03:00+05:30,131.93,132.04,131.77,131.97,131.11168337977168,,139.43312315758712,132.7225418783976
2026-03-23T14:06:00+05:30,131.95,131.95,131.4,131.44,131.11168337977168,,139.417152881548,132.69714500951844
2026-03-23T14:09:00+05:30,131.33,131.33,130.9,131.15,131.11168337977168,,139.40063509357287,132.66650847467648
2026-03-23T14:12:00+05:30,131.15,131.19,130.85,130.98,,131.98463781614643,139.38381064783147,132.63311226725713
2026-03-23T14:15:00+05:30,130.98,131.04,130.76,130.98,,131.85217403453177,139.36701981736627,132.6003773708758
2026-03-23T14:18:00+05:30,130.98,131.46,130.98,131.46,,131.85217403453177,139.35122157597294,132.57779564075946
2026-03-23T14:21:00+05:30,131.46,131.46,131.23,131.23,,131.85217403453177,139.33499535903792,132.55110661817017
2026-03-23T14:24:00+05:30,131.23,131.31,130.72,130.86,,131.85217403453177,139.3180623013775,132.51761935840443
2026-03-23T14:27:00+05:30,130.76,130.89,130.76,130.8,,131.8088873840563,139.30104319588023,132.48360709388157
2026-03-23T14:30:00+05:30,130.9,130.9,130.11,130.4,,131.6274986456507,139.28325889379056,132.44234754746807
2026-03-23T14:33:00+05:30,130.32,130.33,130,130.33,,131.29524878108563,139.26537026463214,132.40051888316177
2026-03-23T14:36:00+05:30,130.39,130.6,130.3,130.47,,131.29524878108563,139.24779709727025,132.36229078646548
2026-03-23T14:39:00+05:30,130.48,130.55,130.3,130.35,,131.29524878108563,139.2300192808921,132.32244344415923
2026-03-23T14:42:00+05:30,130.35,130.72,130.15,130.24,,131.29524878108563,139.2120572044068,132.2812069403145
2026-03-23T14:45:00+05:30,130.33,130.44,130.08,130.32,,131.29524878108563,139.19429085634604,132.24237115931817
2026-03-23T14:48:00+05:30,130.31,130.35,130.15,130.31,,131.29524878108563,139.17654002546422,132.2041063838861
2026-03-23T14:51:00+05:30,130.3,130.63,130.29,130.52,,131.29524878108563,139.15924424119757,132.17075774262105
2026-03-23T14:54:00+05:30,130.43,130.47,130,130.06,,131.29524878108563,139.14106393302336,132.12896055959885
2026-03-23T14:57:00+05:30,130.01,130.31,130,130.22,,131.25603242539984,139.12323962946087,132.09115936039888
2026-03-23T15:00:00+05:30,130.25,130.7,130.15,130.43,,131.25603242539984,139.1058705193121,132.0582651156385
2026-03-23T15:03:00+05:30,130.49,130.56,130,130.56,,131.25603242539984,139.08879585293985,132.02859649948724
2026-03-23T15:06:00+05:30,130.6,130.61,130.34,130.56,,131.25603242539984,139.07175530178512,131.9995153806855
2026-03-23T15:09:00+05:30,130.61,130.91,130.5,130.7,,131.25603242539984,139.05502851796535,131.97378240285013
2026-03-23T15:12:00+05:30,130.75,130.75,130.5,130.62,,131.25603242539984,139.03817531413327,131.94697483051647
2026-03-23T15:15:00+05:30,130.65,130.72,130.5,130.66,,131.25603242539984,139.02143570311603,131.92149018040723
2026-03-23T15:18:00+05:30,130.68,130.71,130.5,130.6,,131.25603242539984,139.00460965775517,131.89532205802294
2026-03-23T15:21:00+05:30,130.58,130.58,130.5,130.5,,131.25603242539984,138.98761743066675,131.8676919182601
2026-03-23T15:24:00+05:30,130.54,130.54,130.03,130.15,,131.25603242539984,138.9699598533827,131.83367821690842
2026-03-23T15:27:00+05:30,130.15,130.2,129,129.48,,130.87977478245293,138.9509988946347,131.78707072746468
2026-03-24T09:15:00+05:30,134.65,134.87,133.42,133.9,131.37620269579236,,138.9409069887513,131.82891091107925
2026-03-24T09:18:00+05:30,134.35,135.05,133.4,133.57,131.37620269579236,,138.9301759058567,131.86338792274105
2026-03-24T09:21:00+05:30,133.18,133.56,132.52,132.86,131.37620269579236,,138.91804768226856,131.88312281536005
2026-03-24T09:24:00+05:30,132.77,133.34,132.77,133.2,131.37620269579236,,138.9066230115747,131.90919959129351
2026-03-24T09:27:00+05:30,133.23,133.99,133.23,133.72,131.37620269579236,,138.8962601284347,131.94505702512927
2026-03-24T09:30:00+05:30,133.73,133.73,133.25,133.5,131.37620269579236,,138.88547838991636,131.97584797512673
2026-03-24T09:33:00+05:30,133.44,133.62,133.3,133.56,131.37620269579236,,138.874838073453,132.0072173221539
2026-03-24T09:36:00+05:30,133.57,133.8,133.57,133.8,131.37620269579236,,138.8646985368427,132.04271796923996
2026-03-24T09:39:00+05:30,133.71,133.71,133.31,133.38,131.37620269579236,,138.85374009820765,132.06919880153222
2026-03-24T09:42:00+05:30,133.39,133.39,132.39,132.73,131.37620269579236,,138.8415048532562,132.0822839737791
2026-03-24T09:45:00+05:30,132.62,132.66,132.25,132.32,131.37620269579236,,138.82847487352942,132.0869912218231
2026-03-24T09:48:00+05:30,132.25,132.27,132.08,132.23,131.37620269579236,,138.81529110754835,132.0898230788167
2026-03-24T09:51:00+05:30,132.15,132.22,132.07,132.08,131.37620269579236,,138.80183398245833,132.08962856240447
2026-03-24T09:54:00+05:30,132.05,132.58,132.02,132.55,131.37620269579236,,138.7893428056702,132.09874482849548
2026-03-24T09:57:00+05:30,132.5,132.5,132.2,132.29,131.37620269579236,,138.77635710575876,132.1025320596144
2026-03-24T10:00:00+05:30,132.22,132.26,132.03,132.03,131.37620269579236,,138.76287787078223,132.1010957812062
2026-03-24T10:03:00+05:30,132.09,132.09,131.32,131.41,131.37620269579236,,138.74818680610534,132.08741071623183
2026-03-24T10:06:00+05:30,131.5,131.8,131.26,131.6,131.37620269579236,,138.73390471458464,132.0777590188807
2026-03-24T10:09:00+05:30,131.59,131.61,131.31,131.59,131.37620269579236,,138.71963117869137,132.0681004244474
2026-03-24T10:12:00+05:30,131.59,131.73,131.51,131.63,131.37620269579236,,138.70546608143124,132.05942516851775
2026-03-24T10:15:00+05:30,131.63,131.63,131.52,131.61,131.37620269579236,,138.6912893260238,132.05052566023028
2026-03-24T10:18:00+05:30,131.61,131.61,131.05,131.08,,132.7982402078945,138.676081954743,132.03130733032472
2026-03-24T10:21:00+05:30,131.13,131.13,130.81,130.99,,132.38741618710506,138.66072514764062,132.01068738318958
2026-03-24T10:24:00+05:30,130.99,131.05,130.84,130.85,,132.28367456839456,138.6451193031898,131.98770347461158
2026-03-24T10:27:00+05:30,130.72,130.8,130.21,130.44,,131.9018071115551,138.6287254584282,131.9570558810549
2026-03-24T10:30:00+05:30,130.46,130.46,130,130.4,,131.6251264003996,138.61228444852125,131.92622309133105
2026-03-24T10:33:00+05:30,130.45,130.45,130.08,130.08,,131.6251264003996,138.59523692714558,131.8896642182354
2026-03-24T10:36:00+05:30,130.09,130.31,130.09,130.25,,131.49895238432364,138.57856312709134,131.8571956198545
2026-03-24T10:39:00+05:30,130.17,130.2,130.02,130.17,,131.3480571458913,138.5617628011631,131.82378580559995
2026-03-24T10:42:00+05:30,130.19,130.45,130.14,130.17,,131.3480571458913,138.5449960423196,131.79103757182568
2026-03-24T10:45:00+05:30,130.17,130.22,130,130.22,,131.26252628817196,138.52836268359368,131.75992791693804
2026-03-24T10:48:00+05:30,130.16,130.63,130.1,130.4,,131.26252628817196,138.51212219871138,131.7329986512561
2026-03-24T10:51:00+05:30,130.3,130.3,130.1,130.22,,131.26252628817196,138.49555452199067,131.7030382819243
2026-03-24T10:54:00+05:30,130.2,130.25,130.06,130.21,,131.26198166407735,138.47899996750118,131.67347316743076
2026-03-24T10:57:00+05:30,130.25,130.25,130.06,130.14,,131.2082834976696,138.46233862890477,131.6431073621351
2026-03-24T11:00:00+05:30,130.14,130.2,130.08,130.12,,131.12395514790262,138.44567061965623,131.61294682031067
2026-03-24T11:03:00+05:30,130.12,130.12,130,130,,130.9815596331124,138.42879615288368,131.5810072793144
2026-03-24T11:06:00+05:30,130.02,130.05,129.8,129.86,,130.82940366980117,138.41167568104976,131.5469279272488
2026-03-24T11:09:00+05:30,129.86,130.06,129.81,129.95,,130.82396330282103,138.3947692361326,131.51530559205574
2026-03-24T11:12:00+05:30,129.96,130.07,129.95,129.96,,130.82396330282103,138.3779165503461,131.48450746152
2026-03-24T11:15:00+05:30,129.96,129.96,129.65,129.8,,130.65046027528504,138.3607778559398,131.45115087812357
2026-03-24T11:18:00+05:30,129.8,131.08,129.79,130.94,129.60632543160543,,138.3459511269569,131.44102907855677
2026-03-24T11:21:00+05:30,130.88,130.99,130.26,130.26,129.60632543160543,,138.3297953804495,131.4176423641299
2026-03-24T11:24:00+05:30,130.38,130.49,130.22,130.35,129.60632543160543,,138.31385173333572,131.39650093117683
2026-03-24T11:27:00+05:30,130.48,130.75,130.48,130.63,129.60632543160543,,138.29849938222017,131.3813226949159
2026-03-24T11:30:00+05:30,130.69,130.69,130.22,130.35,129.60632543160543,,138.2826182645734,131.3609004633334
2026-03-24T11:33:00+05:30,130.37,130.51,130.3,130.3,129.60632543160543,,138.26666897733148,131.3398925333664
2026-03-24T11:36:00+05:30,130.35,130.49,130.22,130.23,129.60632543160543,,138.2506116966575,131.31791446339875
2026-03-24T11:39:00+05:30,130.29,130.38,130.2,130.3,129.60632543160543,,138.23472635860224,131.29775774135126
2026-03-24T11:42:00+05:30,130.3,130.3,130.1,130.14,129.60632543160543,,138.21855307916448,131.2748318454829
2026-03-24T11:45:00+05:30,130.14,130.16,129.9,130.13,129.60632543160543,,138.20239213395138,131.2521619079486
2026-03-24T11:48:00+05:30,130.13,130.13,129.86,129.95,129.60632543160543,,138.18590383797945,131.22637652363278
2026-03-24T11:51:00+05:30,129.99,130.15,129.99,130.03,129.60632543160543,,138.16960832581566,131.20268589940244
2026-03-24T11:54:00+05:30,130.12,131.14,130,131.14,129.60632543160543,,138.1555631543355,131.20144459446377
2026-03-24T11:57:00+05:30,130.99,131.74,130.82,131.74,129.93186367431395,,138.14274484633484,131.21210905793973
2026-03-24T12:00:00+05:30,131.83,131.86,131.39,131.5,130.27067730688253,,138.12947262885965,131.21780986867358
2026-03-24T12:03:00+05:30,131.55,131.88,131.45,131.45,130.31710957619427,,138.11612702920158,131.22240769305628
2026-03-24T12:06:00+05:30,131.45,131.9,131.28,131.9,130.31710957619427,,138.1037071949774,131.23582536250072
2026-03-24T12:09:00+05:30,132.1,132.24,131.91,131.99,130.71380875671736,,138.09149199578664,131.25075951373833
2026-03-24T12:12:00+05:30,131.91,132.11,131.91,132.1,130.7249278810456,,138.07952098280805,131.26757615703065
2026-03-24T12:15:00+05:30,132.1,132.24,132.01,132.24,130.89943509294105,,138.06785360821704,131.2868320747132
2026-03-24T12:18:00+05:30,132.13,132.34,132.09,132.16,131.03699158364694,,138.05604970490393,131.30412252867927
2026-03-24T12:21:00+05:30,132.09,132.84,132.09,132.81,131.17979242528224,,138.04556808711192,131.33394188454702
2026-03-24T12:24:00+05:30,132.89,134.58,132.85,134.58,132.02731318275403,,138.03864387514966,131.39822026307084
2026-03-24T12:27:00+05:30,134.4,134.59,133.77,134,132.41508186447862,,138.0305746566179,131.44974065390113
2026-03-24T12:30:00+05:30,134.08,134.8,134.06,134.7,132.60157367803077,,138.02392016179948,131.514102225111
2026-03-24T12:33:00+05:30,134.7,136.85,134.7,136.85,133.48441631022766,,138.0215746669707,131.61976356718802
2026-03-24T12:36:00+05:30,136.57,137,135.67,136.85,133.8744746792049,,138.0192338584453,131.7233326054615
2026-03-24T12:39:00+05:30,136.9,139.41,136.7,139.2,135.02752721128442,,138.02159303155528,131.87138542515535
2026-03-24T12:42:00+05:30,139.16,139.7,138.82,138.88,136.27127449015597,,138.02330813039333,132.010169872182
2026-03-24T12:45:00+05:30,138.7,139.5,138.59,139.21,136.27127449015597,,138.02567914311982,132.15274076580215
2026-03-24T12:48:00+05:30,139.33,139.38,137.8,138,136.27127449015597,,138.02562783614056,132.26852807737043
2026-03-24T12:51:00+05:30,138,139.5,137.96,139.4,136.27127449015597,,138.02837383446996,132.40974534316507
2026-03-24T12:54:00+05:30,139.4,139.72,138.91,139.01,136.27127449015597,,138.03033512551,132.54044345518162
2026-03-24T12:57:00+05:30,139.07,139.07,138.66,138.92,136.27127449015597,,138.03211267770678,132.66677130755426
2026-03-24T13:00:00+05:30,138.92,138.92,138.51,138.6,136.27127449015597,,138.03324731771136,132.7842609846324
2026-03-24T13:03:00+05:30,138.5,138.51,137.98,138.09,136.27127449015597,,138.03336070968396,132.88932512355058
2026-03-24T13:06:00+05:30,138.01,139.28,138,139.13,136.27127449015597,,138.0355517971771,133.0129028438763
2026-03-24T13:09:00+05:30,139.16,139.46,139.04,139.38,136.56623411055946,,138.03823800737257,133.13898397568073
2026-03-24T13:12:00+05:30,139.21,139.29,138.67,138.67,136.56623411055946,,138.0395002690961,133.24850904546923
2026-03-24T13:15:00+05:30,138.71,139,138.63,138.9,136.56623411055946,,138.0412195492777,133.36041975744013
2026-03-24T13:18:00+05:30,138.97,139.2,138.81,139.2,136.65910466659784,,138.0435347949335,133.47605500976803
2026-03-24T13:21:00+05:30,139.2,139.28,139.01,139.25,136.95269419993804,,138.04594531482374,133.59039055412907
2026-03-24T13:24:00+05:30,139.15,139.3,139,139.3,137.08692477994424,,138.04845091859033,133.70345212731465
2026-03-24T13:27:00+05:30,139.23,139.29,139.03,139.15,137.22223230194982,,138.0506518158559,133.81130456043712
2026-03-24T13:30:00+05:30,139.15,139.26,139.08,139.17,137.37200907175486,,138.05288827576427,133.91741734141857
2026-03-24T13:33:00+05:30,139.15,139.18,138.21,138.34,137.37200907175486,,138.05346192556294,134.0049932356479
2026-03-24T13:36:00+05:30,138.37,138.37,137.85,137.85,137.37200907175486,,138.05305540822914,134.08113198345686
2026-03-24T13:39:00+05:30,137.85,138.12,137.65,138.12,137.37200907175486,,138.05318916365727,134.16110956794287
2026-03-24T13:42:00+05:30,137.99,138.22,137.86,138.02,137.37200907175486,,138.05312285164197,134.2375232398648
2026-03-24T13:45:00+05:30,138.17,138.82,138.08,138.3,137.37200907175486,,138.05361611267764,134.31796832422393
2026-03-24T13:48:00+05:30,138.28,138.3,138,138.01,137.37200907175486,,138.05352896759737,134.39107786235812
2026-03-24T13:51:00+05:30,138.52,138.92,138.43,138.85,137.37200907175486,,138.05512031831145,134.4793733502322
2026-03-24T13:54:00+05:30,138.79,139.07,138.75,138.9,137.37200907175486,,138.05680838960353,134.56691051161374
2026-03-24T13:57:00+05:30,138.9,139.38,138.9,139.11,137.43023109985168,,138.0589126685454,134.6568726797006
2026-03-24T14:00:00+05:30,139.16,139.54,139.01,139.01,137.5772079898665,,138.06081294293392,134.74307322069663
2026-03-24T14:03:00+05:30,139.1,139.1,138.74,138.81,137.5772079898665,,138.0623098201708,134.8236064242472
2026-03-24T14:06:00+05:30,138.74,139.17,138.74,139.07,137.5772079898665,,138.06432318716347,134.90769342574725
2026-03-24T14:09:00+05:30,139.16,139.39,138.85,139.39,137.5772079898665,,138.0669718920842,134.99645197177207
2026-03-24T14:12:00+05:30,139.25,139.5,139.12,139.29,137.75305666215144,,138.06941550468744,135.0814727248063
2026-03-24T14:15:00+05:30,139.25,139.3,139.21,139.25,137.8267509959363,,138.0717743148679,135.1640178193646
2026-03-24T14:18:00+05:30,139.25,139.3,139.07,139.11,137.83057589634268,,138.07384869186117,135.2421560803673
2026-03-24T14:21:00+05:30,139.1,139.15,138.9,138.93,137.83057589634268,,138.07555928388544,135.31518269263725
2026-03-24T14:24:00+05:30,138.9,139.12,138.85,138.85,137.83057589634268,,138.07710661798356,135.38517907496126
2026-03-24T14:27:00+05:30,138.9,138.9,138.6,138.6,137.83057589634268,,138.07815136000556,135.44883889525906
2026-03-24T14:30:00+05:30,138.6,138.7,138.6,138.7,137.83057589634268,,138.07939381483072,135.5132183230757
2026-03-24T14:33:00+05:30,138.7,138.7,138.42,138.45,137.83057589634268,,138.08013428672916,135.57137241568807
2026-03-24T14:36:00+05:30,138.45,138.52,138.08,138.19,137.83057589634268,,138.08035379864378,135.6232264272586
2026-03-24T14:39:00+05:30,138.19,138.3,138,138.19,137.83057589634268,,138.08057287197317,135.67405362671883
2026-03-24T14:42:00+05:30,138.25,138.43,138.09,138.12,137.83057589634268,,138.08065164745375,135.72248820836796
2026-03-24T14:45:00+05:30,138.13,138.24,138,138.03,137.83057589634268,,138.08055044536093,135.76818151117257
2026-03-24T14:48:00+05:30,138.03,138.13,137.8,138.13,137.83057589634268,,138.0806492456699,135.81495019411966
2026-03-24T14:51:00+05:30,138.13,138.14,137.8,137.9,137.83057589634268,,138.0802883081161,135.8562383090876
2026-03-24T14:54:00+05:30,137.9,138.47,137.9,138.28,137.83057589634268,,138.08068733247552,135.90423359009574
2026-03-24T14:57:00+05:30,138.23,138.72,138.23,138.54,137.83057589634268,,138.08160504010294,135.95642698435128
2026-03-24T15:00:00+05:30,138.59,138.59,138,138.13,137.83057589634268,,138.0817017333295,135.9994680341661
2026-03-24T15:03:00+05:30,138.5,138.5,138.13,138.29,137.83057589634268,,138.0821179136825,136.0448251027965
2026-03-24T15:06:00+05:30,138.29,138.87,138.27,138.6,137.83057589634268,,138.08315264312571,136.0954226255134
2026-03-24T15:09:00+05:30,138.6,138.73,138.52,138.6,137.83057589634268,,138.0841853051774,136.1450182170874
2026-03-24T15:12:00+05:30,138.65,138.74,138.54,138.6,137.83057589634268,,138.08521590396828,136.19363171773912
2026-03-24T15:15:00+05:30,138.58,138.67,138.41,138.5,137.83057589634268,,138.08604464342088,136.2393023767938
2026-03-24T15:18:00+05:30,138.45,138.53,138.29,138.29,137.83057589634268,,138.08645214663082,136.27991025052066
2026-03-24T15:21:00+05:30,138.29,138.52,138.29,138.39,137.83057589634268,,138.08705863584834,136.32169420595588
2026-03-24T15:24:00+05:30,138.34,138.71,138.06,138.7,137.83057589634268,,138.08828329391858,136.36878937019438
2026-03-24T15:27:00+05:30,138.69,139.1,138.64,139.1,137.83057589634268,,138.09030470591875,136.4228727490024
2026-03-25T09:15:00+05:30,144.93,149,143.05,148.04,142.02597736800269,,138.11018421699583,136.65291487278455
2026-03-25T09:18:00+05:30,148.2,148.99,146.81,148.24,143.6468796312024,,138.13042360916967,136.88236210302645
2026-03-25T09:21:00+05:30,148.27,151.5,148.27,150.4,145.07919166808216,,138.1549382473132,137.15003810098634
2026-03-25T09:24:00+05:30,150.37,152.36,150.15,152.36,146.26677250127395,,138.1833199890768,137.45122546532323
2026-03-25T09:27:00+05:30,152.36,152.36,152.36,152.36,147.87059525114657,,138.21164502406367,137.74644872343563
2026-03-25T09:30:00+05:30,152.36,152.36,152.36,152.36,148.31953572603192,,138.23991346557403,138.0358259764369
2026-03-25T09:33:00+05:30,152.36,152.36,152.36,152.36,148.72358215342874,,138.2681254266818,138.3194729868045
2026-03-25T09:36:00+05:30,152.36,152.36,152.36,152.36,149.08722393808586,,138.2962810202349,138.59750322468955
2026-03-25T09:39:00+05:30,152.36,154.45,151.44,154.11,149.09650154427726,,138.3278768623523,138.90468137865608
2026-03-25T09:42:00+05:30,154.06,154.49,152.77,154.15,149.65035138984953,,138.35948949599396,139.20656887610843
2026-03-25T09:45:00+05:30,154.01,154.9,153.7,153.95,150.3583162508646,,138.39063936713083,139.4985180072746