Date,Time,Open,High,Low,Close,VWAP
18-Nov-25,09.15,15878,15880,15750,15824,15986.526770752698
18-Nov-25,10.15,15824,15907,15824,15900,15986.010181172966
18-Nov-25,11.15,15895,15962,15895,15914,15985.728068611976
18-Nov-25,12.15,15915,15955,15907,15947,15985.543286053373
18-Nov-25,13.15,15952,15999,15950,15959,15985.428808258404
18-Nov-25,14.15,15960,15960,15910,15935,15985.008623815662
18-Nov-25,15.15,15935,15936,15891,15919,15984.796037764112
19-Nov-25,09.15,15946,15946,15860,15893,15984.441652304558
19-Nov-25,10.15,15893,15907,15747,15770,15983.727833432427
19-Nov-25,11.15,15771,15780,15735,15750,15983.080269873455
19-Nov-25,12.15,15751,15793,15746,15771,15982.3710053702
19-Nov-25,13.15,15772,15777,15722,15770,15981.682986811878
19-Nov-25,14.15,15770,15782,15741,15776,15980.516954917592
19-Nov-25,15.15,15775,15775,15715,15740,15979.954109412904
20-Nov-25,09.15,15766,15766,15618,15708,15978.897668278714
20-Nov-25,10.15,15708,15739,15690,15705,15978.496772464609
20-Nov-25,11.15,15705,15710,15646,15663,15978.040864025395
20-Nov-25,12.15,15664,15698,15645,15697,15977.500798139466
20-Nov-25,13.15,15697,15775,15690,15762,15976.423844560022
20-Nov-25,14.15,15762,15823,15745,15809,15975.215037499504
20-Nov-25,15.15,15809,15822,15781,15822,15974.918627459429
21-Nov-25,09.15,15766,15939,15737,15885,15974.029664918748
21-Nov-25,10.15,15890,15921,15845,15903,15973.78608581111
21-Nov-25,11.15,15903,16011,15870,16000,15973.68070417317
21-Nov-25,12.15,16002,16150,16000,16114,15974.757661938978
21-Nov-25,13.15,16113,16135,16063,16077,15975.367061061015
21-Nov-25,14.15,16077,16101,15976,15977,15975.796557676516
21-Nov-25,15.15,15978,16022,15930,16009,15975.86208339679
24-Nov-25,09.15,16018,16085,15986,16034,15976.123250298826
24-Nov-25,10.15,16034,16050,16013,16036,15976.235411641506
24-Nov-25,11.15,16036,16037,15982,16005,15976.31830809728
24-Nov-25,12.15,16005,16020,15955,16004,15976.37116751032
24-Nov-25,13.15,16004,16037,16000,16000,15976.447365042248
24-Nov-25,14.15,16000,16002,15945,15945,15976.27796464469
24-Nov-25,15.15,15945,15960,15911,15950,15975.78505562583
25-Nov-25,09.15,15994,16042,15940,16024,15975.85301976819
25-Nov-25,10.15,16024,16050,15951,15980,15975.886470104002
25-Nov-25,11.15,15982,16018,15977,15995,15975.924394925594
25-Nov-25,12.15,15996,16015,15961,16005,15975.954521426756
25-Nov-25,13.15,16007,16010,15976,15979,15975.971218300843
25-Nov-25,14.15,15980,15995,15842,15897,15975.61591572316
25-Nov-25,15.15,15898,15950,15875,15880,15975.489837077776
26-Nov-25,09.15,15966,16072,15966,16042,15975.675837849423
26-Nov-25,10.15,16047,16065,15992,16046,15975.804745820711
26-Nov-25,11.15,16046,16107,16031,16100,15976.077537024586
26-Nov-25,12.15,16092,16180,16090,16168,15976.680713557069
26-Nov-25,13.15,16167,16210,16130,16177,15977.51504086447
26-Nov-25,14.15,16178,16184,16127,16172,15978.45070593916
26-Nov-25,15.15,16170,16171,16115,16140,15978.846199697444
27-Nov-25,09.15,16160,16171,16065,16094,15979.325199505074
27-Nov-25,10.15,16100,16164,16074,16095,15979.738715846905
27-Nov-25,11.15,16091,16115,16025,16040,15979.96133740058
27-Nov-25,12.15,16041,16047,15899,15901,15979.815942001029
27-Nov-25,13.15,15901,15982,15885,15975,15979.699391119711
27-Nov-25,14.15,15976,15979,15875,15904,15979.385746734592
27-Nov-25,15.15,15905,15917,15892,15912,15979.240020606692
28-Nov-25,09.15,15912,15978,15888,15960,15979.069148903009
28-Nov-25,10.15,15958,16049,15950,16009,15979.14518067899
28-Nov-25,11.15,16010,16010,15901,15945,15979.05842944744
28-Nov-25,12.15,15942,15970,15896,15911,15978.831263408923
28-Nov-25,13.15,15916,15926,15850,15890,15978.575472013184
28-Nov-25,14.15,15891,15929,15876,15902,15978.232193819002
28-Nov-25,15.15,15903,15904,15882,15890,15977.9970905694
01-Dec-25,09.15,15971,16084,15875,16001,15978.065860112996
01-Dec-25,10.15,16000,16009,15905,15922,15977.993959291782
01-Dec-25,11.15,15920,15930,15851,15890,15977.846904332631
01-Dec-25,12.15,15888,15922,15885,15919,15977.75674862624
01-Dec-25,13.15,15920,16035,15920,16033,15977.811686003995
01-Dec-25,14.15,16032,16177,16002,16103,15979.162857559755
01-Dec-25,15.15,16101,16145,16097,16125,15979.526999350495
02-Dec-25,09.15,16101,16249,16095,16162,15981.080123100888
02-Dec-25,10.15,16162,16217,16140,16199,15981.737947671592
02-Dec-25,11.15,16199,16225,16155,16174,15982.323790245102
02-Dec-25,12.15,16174,16209,16150,16179,15982.833995353434
02-Dec-25,13.15,16179,16213,16160,16208,15983.376421856614
02-Dec-25,14.15,16208,16244,16190,16244,15984.49436156281
02-Dec-25,15.15,16243,16261,16220,16245,15984.97126104609
03-Dec-25,09.15,16225,16248,16070,16099,15985.545123896229
03-Dec-25,10.15,16096,16112,16025,16038,15985.710145708548
03-Dec-25,11.15,16038,16079,16010,16040,15985.80748752983
03-Dec-25,12.15,16041,16070,16030,16069,15985.93749509002
03-Dec-25,13.15,16070,16094,16061,16090,15986.126500882889
03-Dec-25,14.15,16089,16099,16061,16087,15986.502572148196
03-Dec-25,15.15,16087,16089,16056,16075,15986.681417182695
04-Dec-25,09.15,16058,16135,15981,15989,15986.79850388452
04-Dec-25,10.15,15986,16021,15962,15980,15986.801311641331
04-Dec-25,11.15,15981,15988,15887,15930,15986.690337651107
04-Dec-25,12.15,15930,15975,15916,15949,15986.58936011654
04-Dec-25,13.15,15948,15965,15907,15961,15986.52654069668
04-Dec-25,14.15,15961,16024,15958,15991,15986.539237217688
04-Dec-25,15.15,15990,15999,15979,15990,15986.543787639126
05-Dec-25,09.15,16009,16154,15979,16120,15987.046219355589
05-Dec-25,10.15,16120,16215,16062,16196,15987.608374643583
05-Dec-25,11.15,16198,16225,16197,16200,15987.965940448015
05-Dec-25,12.15,16201,16225,16185,16199,15988.288498948425
05-Dec-25,13.15,16201,16216,16189,16193,15988.581493869488
05-Dec-25,14.15,16193,16291,16152,16279,15989.928824035967
05-Dec-25,15.15,16279,16338,16273,16300,15990.854591023195
08-Dec-25,09.15,16218,16256,16151,16183,15991.2891406382
08-Dec-25,10.15,16183,16210,16165,16169,15991.483755768795
08-Dec-25,11.15,16168,16180,16140,16175,15991.655509178065
08-Dec-25,12.15,16174,16182,16154,16167,15991.861600141992
08-Dec-25,13.15,16166,16195,16094,16180,15992.293018575134
08-Dec-25,14.15,16181,16241,16157,16185,15993.24237023973
08-Dec-25,15.15,16185,16187,16167,16178,15993.477526489953
09-Dec-25,09.15,16107,16171,15985,16058,15993.685636609169
09-Dec-25,10.15,16063,16122,16044,16090,15993.833037497272
09-Dec-25,11.15,16085,16150,16063,16149,15994.006253679348
09-Dec-25,12.15,16149,16226,16146,16152,15994.392376219286
09-Dec-25,13.15,16152,16152,16113,16136,15994.617071410228
09-Dec-25,14.15,16136,16139,16017,16027,15994.950036849776
09-Dec-25,15.15,16026,16034,15987,15995,15994.978363001916
10-Dec-25,09.15,16063,16125,15953,16077,15995.18127751022
10-Dec-25,10.15,16079,16104,15992,16043,15995.296083556294
10-Dec-25,11.15,16044,16069,16018,16058,15995.381120632084
10-Dec-25,12.15,16059,16110,16058,16097,15995.575910790489
10-Dec-25,13.15,16098,16105,15998,16012,15995.702034301206
10-Dec-25,14.15,16012,16029,15925,16020,15995.686855548476
10-Dec-25,15.15,16020,16040,15980,16001,15995.708641803863
11-Dec-25,09.15,16052,16179,15983,16176,15996.001799356758
11-Dec-25,10.15,16176,16238,16164,16206,15996.458953329284
11-Dec-25,11.15,16206,16270,16203,16258,15996.938512019682
11-Dec-25,12.15,16260,16277,16240,16269,15997.376139754975
11-Dec-25,13.15,16269,16296,16170,16190,15998.014084955885
11-Dec-25,14.15,16182,16277,16182,16259,15998.712708980538
11-Dec-25,15.15,16258,16290,16210,16220,15999.205083913124
12-Dec-25,09.15,16273,16529,16247,16460,16001.515230913335
12-Dec-25,10.15,16460,16502,16445,16500,16003.322277820833
12-Dec-25,11.15,16501,16510,16474,16502,16005.07772175199
12-Dec-25,12.15,16500,16510,16461,16501,16006.380307394516
12-Dec-25,13.15,16500,16509,16490,16503,16007.497392609315
12-Dec-25,14.15,16503,16528,16485,16526,16009.51962797125
12-Dec-25,15.15,16525,16536,16508,16515,16010.509453254735
15-Dec-25,09.15,16499,16499,16360,16456,16011.367735490468
15-Dec-25,10.15,16454,16462,16415,16438,16011.90148278311
15-Dec-25,11.15,16438,16454,16409,16424,16012.390708282564
15-Dec-25,12.15,16426,16430,16393,16419,16012.827855906056
15-Dec-25,13.15,16424,16447,16404,16420,16013.402898364397
15-Dec-25,14.15,16420,16439,16409,16430,16015.003259076197
15-Dec-25,15.15,16427,16433,16370,16400,16015.845531783883
16-Dec-25,09.15,16449,16451,16331,16357,16016.491092888631
16-Dec-25,10.15,16357,16400,16347,16392,16016.829136838758
16-Dec-25,11.15,16392,16401,16371,16397,16017.1210059305
16-Dec-25,12.15,16400,16406,16370,16384,16017.419129516347
16-Dec-25,13.15,16383,16405,16367,16399,16017.853299916324
16-Dec-25,14.15,16400,16415,16352,16353,16018.68124862156
16-Dec-25,15.15,16353,16356,16320,16349,16019.042211107251
17-Dec-25,09.15,16377,16490,16357,16423,16020.028378654177
17-Dec-25,10.15,16423,16439,16395,16431,16020.641061552897
17-Dec-25,11.15,16430,16435,16380,16414,16021.926454102488
17-Dec-25,12.15,16412,16419,16381,16387,16022.39498400477
17-Dec-25,13.15,16389,16400,16385,16398,16022.905721900735
17-Dec-25,14.15,16398,16425,16374,16396,16024.160583989124
17-Dec-25,15.15,16399,16414,16373,16385,16024.627477780174
18-Dec-25,09.15,16440,16486,16221,16250,16025.39046245409
18-Dec-25,10.15,16250,16335,16242,16305,16025.600525674314
18-Dec-25,11.15,16301,16343,16290,16343,16025.807643208062
18-Dec-25,12.15,16343,16395,16321,16392,16026.053425454673
18-Dec-25,13.15,16395,16404,16350,16354,16027.055602543322
18-Dec-25,14.15,16351,16376,16290,16331,16027.912690525884
18-Dec-25,15.15,16331,16360,16306,16306,16028.32898254143
19-Dec-25,09.15,16352,16399,16340,16367,16028.87170694828
19-Dec-25,10.15,16367,16423,16361,16414,16029.715911556224
19-Dec-25,11.15,16412,16475,16412,16448,16030.109727759278
19-Dec-25,12.15,16449,16456,16429,16433,16030.400454041115
19-Dec-25,13.15,16431,16450,16430,16445,16030.837460000062
19-Dec-25,14.15,16441,16457,16408,16412,16033.453512784938
19-Dec-25,15.15,16412,16424,16396,16416,16035.915099794114
22-Dec-25,09.15,16454,16549,16414,16518,16036.858363003876
22-Dec-25,10.15,16517,16533,16487,16504,16037.431526767634
22-Dec-25,11.15,16504,16518,16499,16510,16038.36390198479
22-Dec-25,12.15,16510,16519,16490,16497,16039.026912588815
22-Dec-25,13.15,16497,16527,16491,16501,16039.692225750685
22-Dec-25,14.15,16503,16643,16498,16636,16041.716296930364
22-Dec-25,15.15,16644,16693,16638,16681,16043.516359287434
23-Dec-25,09.15,16703,16720,16584,16622,16044.480737691152
23-Dec-25,10.15,16619,16627,16585,16606,16045.881238643526
23-Dec-25,11.15,16605,16630,16574,16625,16046.625421225584
23-Dec-25,12.15,16625,16630,16585,16590,16047.979881159828
23-Dec-25,13.15,16590,16617,16585,16605,16048.39040091138
23-Dec-25,14.15,16604,16630,16579,16586,16049.386664125288
23-Dec-25,15.15,16586,16586,16558,16561,16049.894155970687
24-Dec-25,09.15,16601,16618,16542,16617,16050.531307142042
24-Dec-25,10.15,16612,16709,16612,16666,16051.803656394302
24-Dec-25,11.15,16670,16714,16670,16696,16053.144286441784
24-Dec-25,12.15,16701,16710,16675,16694,16054.409333329952
24-Dec-25,13.15,16694,16717,16680,16710,16055.576333351624
24-Dec-25,14.15,16709,16720,16690,16700,16057.643544238344
24-Dec-25,15.15,16699,16709,16683,16709,16058.43139204079
26-Dec-25,09.15,16683,16700,16614,16626,16058.91402473416
26-Dec-25,10.15,16628,16640,16586,16592,16059.326009030345
26-Dec-25,11.15,16591,16595,16516,16580,16059.891533718395
26-Dec-25,12.15,16578,16616,16563,16616,16060.585436463629
26-Dec-25,13.15,16635,16635,16572,16590,16061.45556706328
26-Dec-25,14.15,16590,16616,16578,16615,16063.39125988602
26-Dec-25,15.15,16616,16616,16570,16573,16064.371751497434
29-Dec-25,09.15,16606,16682,16577,16593,16065.465686016623
29-Dec-25,10.15,16594,16596,16517,16529,16066.022889505815
29-Dec-25,11.15,16530,16602,16499,16575,16067.320040184675
29-Dec-25,12.15,16575,16596,16565,16585,16068.19738404012
29-Dec-25,13.15,16585,16618,16561,16589,16069.350633467271
29-Dec-25,14.15,16590,16618,16527,16536,16070.69288228239
29-Dec-25,15.15,16535,16571,16528,16552,16070.933120577463
30-Dec-25,09.15,16566,16630,16482,16629,16072.119418339542
30-Dec-25,10.15,16629,16818,16621,16686,16075.322505304057
30-Dec-25,11.15,16686,16706,16648,16660,16077.882989994732
30-Dec-25,12.15,16661,16672,16615,16640,16079.910050507338
30-Dec-25,13.15,16634,16697,16613,16656,16083.179408844671
30-Dec-25,14.15,16662,16771,16629,16639,16094.684384191709
30-Dec-25,15.15,16639,16667,16548,16625,16100.913829335055
31-Dec-25,09.15,16647,16730,16628,16712,16101.81134860243
31-Dec-25,10.15,16713,16776,16696,16734,16102.691287817785
31-Dec-25,11.15,16734,16739,16637,16678,16103.94450769617
31-Dec-25,12.15,16678,16699,16660,16680,16105.14051833921
31-Dec-25,13.15,16678,16708,16637,16663,16106.656779012486
31-Dec-25,14.15,16660,16699,16639,16684,16108.820175927898
31-Dec-25,15.15,16683,16728,16681,16688,16109.679140750868
01-Jan-26,09.15,16707,16777,16670,16761,16736.0
01-Jan-26,10.15,16751,16775,16707,16775,16740.549047724096
01-Jan-26,11.15,16775,16798,16729,16746,16746.34462947088
01-Jan-26,12.15,16746,16765,16602,16680,16719.881047905365
01-Jan-26,13.15,16682,16739,16676,16734,16719.10749701614
01-Jan-26,14.15,16734,16740,16703,16717,16719.27975029087
01-Jan-26,15.15,16717,16726,16690,16713,16717.992235053352
02-Jan-26,09.15,16762,16998,16723,16976,16781.29064921633
02-Jan-26,10.15,16976,16997,16906,16923,16809.3088068164
02-Jan-26,11.15,16920,16984,16913,16981,16827.1619043141
02-Jan-26,12.15,16983,16999,16961,16981,16846.78565698365
02-Jan-26,13.15,16982,16992,16937,16944,16856.549681855504
02-Jan-26,14.15,16943,16971,16906,16956,16867.336398397965
02-Jan-26,15.15,16959,16980,16946,16970,16874.424972010827
05-Jan-26,09.15,16981,17216,16980,17215,16904.98098385367
05-Jan-26,10.15,17215,17370,17207,17312,16940.823943672087
05-Jan-26,11.15,17307,17326,17214,17220,16955.738948874437
05-Jan-26,12.15,17221,17297,17213,17224,16969.1172491971
05-Jan-26,13.15,17220,17235,17130,17151,16977.781358797994
05-Jan-26,14.15,17152,17210,17135,17154,16985.18151973564
05-Jan-26,15.15,17153,17170,17131,17170,16991.127204209166
06-Jan-26,09.15,17221,17270,17164,17210,17000.965204829557
06-Jan-26,10.15,17210,17229,17160,17167,17006.557318525247
06-Jan-26,11.15,17165,17215,17142,17205,17010.314429920523
06-Jan-26,12.15,17205,17255,17192,17235,17014.98490713813
06-Jan-26,13.15,17232,17263,17231,17241,17019.40390053462
06-Jan-26,14.15,17245,17306,17237,17271,17029.62217633694
06-Jan-26,15.15,17272,17297,17272,17289,17034.602375946273
07-Jan-26,09.15,17231,17249,17110,17152,17038.267219231268
07-Jan-26,10.15,17149,17159,17026,17030,17039.214839476812
07-Jan-26,11.15,17030,17064,17016,17024,17039.104122596884
07-Jan-26,12.15,17024,17027,16785,16793,17029.000659005724
07-Jan-26,13.15,16788,16788,16524,16670,16995.000733760928
07-Jan-26,14.15,16668,16870,16654,16816,16977.9924197876
07-Jan-26,15.15,16815,16815,16780,16806,16974.605118388743
08-Jan-26,09.15,16800,16800,16541,16660,16963.966989533244
08-Jan-26,10.15,16662,16735,16639,16690,16957.48687981423
08-Jan-26,11.15,16690,16735,16665,16699,16953.315737356083
08-Jan-26,12.15,16699,16718,16652,16658,16947.362858145872
08-Jan-26,13.15,16653,16683,16620,16666,16943.302507989527
08-Jan-26,14.15,16666,16689,16650,16667,16935.893315892474
08-Jan-26,15.15,16667,16673,16630,16639,16932.87685847976
09-Jan-26,09.15,16580,16704,16544,16554,16924.064362874546
09-Jan-26,10.15,16552,16565,16491,16518,16913.814469693123
09-Jan-26,11.15,16517,16529,16442,16478,16906.945193255557
09-Jan-26,12.15,16476,16483,16417,16433,16899.490953818437
09-Jan-26,13.15,16430,16521,16429,16500,16886.725509619035
09-Jan-26,14.15,16500,16530,16476,16501,16876.29198195142
09-Jan-26,15.15,16506,16511,16486,16500,16872.529488296463
12-Jan-26,09.15,16481,16512,16365,16378,16862.96281412059
12-Jan-26,10.15,16378,16415,16291,16306,16856.57738833996
12-Jan-26,11.15,16300,16358,16271,16358,16850.20074421688
12-Jan-26,12.15,16358,16549,16350,16542,16836.487928278122
12-Jan-26,13.15,16538,16572,16492,16527,16830.217681257036
12-Jan-26,14.15,16523,16615,16516,16557,16824.654910005167
12-Jan-26,15.15,16558,16610,16558,16605,16822.55177806711
13-Jan-26,09.15,16650,16726,16528,16563,16818.465990055323
13-Jan-26,10.15,16559,16648,16445,16482,16814.13305911509
13-Jan-26,11.15,16483,16515,16369,16376,16806.947267003437
13-Jan-26,12.15,16372,16413,16293,16367,16798.13333363105
13-Jan-26,13.15,16367,16383,16295,16323,16791.562728181616
13-Jan-26,14.15,16324,16449,16308,16428,16781.308813518615
13-Jan-26,15.15,16428,16430,16387,16394,16775.783951008576
14-Jan-26,09.15,16358,16412,16310,16360,16771.518006306243
14-Jan-26,10.15,16360,16390,16315,16324,16769.00617629052
14-Jan-26,11.15,16319,16356,16240,16266,16764.592218984555
14-Jan-26,12.15,16267,16354,16255,16261,16760.21946467794
14-Jan-26,13.15,16260,16266,16094,16145,16752.580940219872
14-Jan-26,14.15,16145,16195,16090,16154,16733.621988452007
14-Jan-26,15.15,16154,16160,16140,16148,16728.62876405965
16-Jan-26,09.15,15974,16197,15904,16081,16702.92416581084
16-Jan-26,10.15,16083,16169,16077,16100,16684.30901280806
16-Jan-26,11.15,16100,16114,15923,15955,16664.697237586173
16-Jan-26,12.15,15950,15998,15865,15879,16642.66414344828
16-Jan-26,13.15,15880,15882,15799,15830,16621.21162244045
16-Jan-26,14.15,15830,15871,15770,15849,16584.914696208245
16-Jan-26,15.15,15849,15891,15838,15877,16575.19560648264
19-Jan-26,09.15,15856,16074,15813,16057,16560.108478541093
19-Jan-26,10.15,16057,16110,16003,16075,16552.926767084467
19-Jan-26,11.15,16070,16124,16017,16117,16546.861626512775
19-Jan-26,12.15,16117,16193,16088,16189,16543.154938464326
19-Jan-26,13.15,16190,16242,16170,16185,16538.109120961934
19-Jan-26,14.15,16187,16201,16157,16180,16531.94123942098
19-Jan-26,15.15,16180,16189,16167,16182,16529.072214786887
20-Jan-26,09.15,16210,16233,15976,16051,16524.281515691768
20-Jan-26,10.15,16049,16113,16025,16045,16522.02001505821
20-Jan-26,11.15,16046,16105,16006,16052,16515.880092901807
20-Jan-26,12.15,16052,16052,15942,15959,16511.457276717585
20-Jan-26,13.15,15962,15988,15921,15953,16507.718804291286
20-Jan-26,14.15,15951,15985,15861,15874,16496.328231881696
20-Jan-26,15.15,15874,15914,15850,15912,16491.509074670983
21-Jan-26,09.15,15797,15973,15784,15828,16479.620173366504
21-Jan-26,10.15,15826,15837,15702,15757,16467.704266338067
21-Jan-26,11.15,15755,15786,15693,15762,16461.28917204429
21-Jan-26,12.15,15758,15850,15727,15756,16456.063138282556
21-Jan-26,13.15,15762,15781,15726,15744,16451.595001557056
21-Jan-26,14.15,15744,15803,15742,15754,16443.935223946257
21-Jan-26,15.15,15754,15826,15741,15821,16439.31151791877
22-Jan-26,09.15,15929,15971,15824,15873,16428.317942465354
22-Jan-26,10.15,15873,15901,15737,15750,16424.210665155228
22-Jan-26,11.15,15752,15786,15714,15759,16417.412969274592
22-Jan-26,12.15,15761,15827,15745,15780,16411.191143634394
22-Jan-26,13.15,15777,15789,15726,15737,16407.466661489165
22-Jan-26,14.15,15735,15811,15717,15761,16397.20150607521
22-Jan-26,15.15,15760,15787,15735,15735,16393.513933124705
23-Jan-26,09.15,15802,15846,15702,15746,16388.844723036556
23-Jan-26,10.15,15744,15783,15594,15615,16384.19059393408
23-Jan-26,11.15,15615,15628,15497,15512,16374.439275137816
23-Jan-26,12.15,15511,15519,15451,15482,16365.443510181483
23-Jan-26,13.15,15482,15507,15458,15480,16355.626179046236
23-Jan-26,14.15,15481,15541,15439,15450,16342.655994503792
23-Jan-26,15.15,15450,15519,15450,15511,16338.406669484324
27-Jan-26,09.15,15300,15387,15013,15218,16306.660813875096
27-Jan-26,10.15,15214,15244,15015,15062,16285.380800894
27-Jan-26,11.15,15068,15203,15058,15156,16274.792692038533
27-Jan-26,12.15,15154,15202,15127,15199,16266.08533088955
27-Jan-26,13.15,15199,15246,15134,15138,16257.331422027251
27-Jan-26,14.15,15136,15262,15122,15255,16234.054862696164
27-Jan-26,15.15,15257,15299,15237,15237,16226.545047457852
28-Jan-26,09.15,15169,15172,14845,14908,16174.67866460009
28-Jan-26,10.15,14907,14966,14813,14956,16140.77675054814
28-Jan-26,11.15,14953,14970,14879,14945,16125.5076357521
28-Jan-26,12.15,14946,15075,14920,15045,16110.156044772852
28-Jan-26,13.15,15045,15132,14508,14510,16073.739302152311
28-Jan-26,14.15,14505,15294,14431,14879,15951.52937616802
28-Jan-26,15.15,14879,14887,14800,14880,15938.816382723026
29-Jan-26,09.15,14728,14728,14353,14505,15886.235528497104
29-Jan-26,10.15,14505,14550,14421,14494,15867.640943343771
29-Jan-26,11.15,14497,14516,14438,14502,15857.28726750122
29-Jan-26,12.15,14500,14502,14452,14462,15849.8653280198
29-Jan-26,13.15,14462,14539,14438,14511,15836.22090150804
29-Jan-26,14.15,14509,14539,14480,14496,15820.234526354914
29-Jan-26,15.15,14496,14508,14475,14484,15812.54402527231
30-Jan-26,09.15,14472,14679,14349,14425,15763.933963600952
30-Jan-26,10.15,14422,14426,14354,14363,15748.58694804268
30-Jan-26,11.15,14363,14412,14300,14409,15723.695274699783
30-Jan-26,12.15,14409,14499,14409,14457,15714.41043327577
30-Jan-26,13.15,14459,14630,14433,14595,15705.79067877246
30-Jan-26,14.15,14601,14650,14537,14586,15683.372686410405
30-Jan-26,15.15,14587,14635,14559,14580,15673.93925433821
01-Feb-26,09.15,14663,14767,14500,14725,15670.597638328152
01-Feb-26,10.15,14724,14796,14714,14765,15668.128032709572
01-Feb-26,11.15,14767,14795,14191,14543,15657.407624046667
01-Feb-26,12.15,14545,14558,14250,14347,15648.337766382154
01-Feb-26,13.15,14355,14411,14229,14270,15640.885748249118
01-Feb-26,14.15,14271,14331,14151,14160,15626.4610277658
01-Feb-26,15.15,14162,14194,14136,14180,15620.040359307472
02-Feb-26,09.15,14211,14283,14110,14178,15598.574356808447
02-Feb-26,10.15,14177,14221,14058,14086,15584.088327308686
02-Feb-26,11.15,14086,14265,14078,14265,15575.649162652371
02-Feb-26,12.15,14267,14285,14194,14246,15570.647531535416
02-Feb-26,13.15,14249,14253,14190,14212,15558.416993972316
02-Feb-26,14.15,14214,14380,14213,14379,15539.611406092856
02-Feb-26,15.15,14375,14446,14368,14378,15534.561330304869
03-Feb-26,09.15,15210,15281,14482,14550,15519.789117076498
03-Feb-26,10.15,14562,14684,14556,14664,15513.46791671269
03-Feb-26,11.15,14661,14875,14620,14870,15505.904395249068
03-Feb-26,12.15,14866,14889,14808,14837,15503.31649573573
03-Feb-26,13.15,14843,14898,14753,14756,15498.596550077566
03-Feb-26,14.15,14757,14814,14730,14784,15493.120197712336
03-Feb-26,15.15,14781,14797,14724,14768,15489.301237556523
04-Feb-26,09.15,14779,14999,14723,14978,15485.884881103892
04-Feb-26,10.15,14982,15123,14955,15015,15483.817870043378
04-Feb-26,11.15,15015,15073,14990,15068,15482.623823602433
04-Feb-26,12.15,15068,15098,14995,15083,15479.255253249868
04-Feb-26,13.15,15083,15142,15060,15134,15477.56748102344
04-Feb-26,14.15,15134,15170,15053,15085,15473.197131924708
04-Feb-26,15.15,15082,15090,15009,15009,15471.479125581744
05-Feb-26,09.15,15098,15130,14900,14943,15469.511466422864
05-Feb-26,10.15,14946,14995,14900,14986,15468.24469966951
05-Feb-26,11.15,14981,15022,14966,15007,15466.867413966518
05-Feb-26,12.15,15007,15120,15000,15107,15464.95664013706
05-Feb-26,13.15,15107,15150,15057,15067,15461.48545361853
05-Feb-26,14.15,15067,15100,15058,15073,15458.643062788127
05-Feb-26,15.15,15075,15076,15013,15049,15457.861193769162
06-Feb-26,09.15,14979,15044,14871,14989,15455.442318915912
06-Feb-26,10.15,14989,15077,14945,15077,15454.099548088378
06-Feb-26,11.15,15077,15118,15024,15032,15452.553044574735
06-Feb-26,12.15,15030,15030,14912,14945,15450.624779527028
06-Feb-26,13.15,14951,15010,14945,14964,15449.54151764402
06-Feb-26,14.15,14961,15016,14940,15012,15447.92706174874
06-Feb-26,15.15,15011,15012,14962,14980,15447.104846888646
09-Feb-26,09.15,15125,15126,14905,14951,15445.819979848193
09-Feb-26,10.15,14950,15069,14938,15022,15444.671795754128
09-Feb-26,11.15,15027,15037,15002,15032,15444.176562502238
09-Feb-26,12.15,15032,15038,14966,14985,15443.042712239656
09-Feb-26,13.15,14985,14988,14910,14929,15441.711986912522
09-Feb-26,14.15,14927,14984,14920,14973,15440.207932317411
09-Feb-26,15.15,14971,14987,14971,14980,15439.366664965755
10-Feb-26,09.15,15000,15215,14983,15194,15437.386383863635
10-Feb-26,10.15,15194,15252,15194,15238,15436.79618722046
10-Feb-26,11.15,15238,15349,15231,15287,15436.121651973488
10-Feb-26,12.15,15286,15299,15204,15221,15435.32087390423
10-Feb-26,13.15,15216,15230,15122,15172,15434.421642645504
10-Feb-26,14.15,15172,15217,15136,15148,15433.002791945206
10-Feb-26,15.15,15148,15153,15132,15136,15432.187602758602
11-Feb-26,09.15,15179,15324,15174,15281,15431.146408230186
11-Feb-26,10.15,15284,15417,15284,15343,15430.776596442916
11-Feb-26,11.15,15342,15398,15311,15380,15430.51842002782
11-Feb-26,12.15,15380,15388,15333,15375,15430.37584892255
11-Feb-26,13.15,15373,15404,15351,15396,15430.240878383338
11-Feb-26,14.15,15394,15414,15386,15406,15430.106964740971
11-Feb-26,15.15,15403,15432,15401,15415,15430.042393053733
12-Feb-26,09.15,15412,15420,15319,15362,15429.875342264068
12-Feb-26,10.15,15361,15400,15332,15373,15429.771671826968
12-Feb-26,11.15,15378,15440,15370,15410,15429.715898619055
12-Feb-26,12.15,15410,15426,15355,15356,15429.658950089402
12-Feb-26,13.15,15355,15390,15321,15336,15429.490046706524
12-Feb-26,14.15,15329,15369,15265,15335,15429.07059447884
12-Feb-26,15.15,15333,15340,15306,15328,15428.88468388645
13-Feb-26,09.15,15317,15370,15242,15276,15428.56071926624
13-Feb-26,10.15,15273,15354,15248,15328,15428.360159534404
13-Feb-26,11.15,15333,15434,15320,15409,15428.224412130752
13-Feb-26,12.15,15404,15412,15303,15314,15428.08755901936
13-Feb-26,13.15,15314,15325,15240,15285,15427.775560760076
13-Feb-26,14.15,15281,15315,15244,15254,15427.304600280644
13-Feb-26,15.15,15250,15258,15190,15211,15426.94115923387
16-Feb-26,09.15,15237,15299,15136,15216,15426.52972232722
16-Feb-26,10.15,15218,15220,15025,15070,15425.629461028697
16-Feb-26,11.15,15070,15089,14960,14990,15424.169833625558
16-Feb-26,12.15,14987,15055,14977,15016,15423.71710688883
16-Feb-26,13.15,15011,15048,15005,15023,15423.11784159151
16-Feb-26,14.15,15023,15069,15019,15068,15421.85836107282
16-Feb-26,15.15,15062,15070,15041,15060,15421.291954173585
17-Feb-26,09.15,15046,15114,14960,15099,15420.37834799304
17-Feb-26,10.15,15099,15169,15058,15157,15419.760065145212
17-Feb-26,11.15,15163,15195,15120,15125,15419.189333888124
17-Feb-26,12.15,15123,15211,15121,15187,15418.766768564994
17-Feb-26,13.15,15188,15207,15133,15140,15418.36881727372
17-Feb-26,14.15,15137,15197,15137,15187,15417.965985932342
17-Feb-26,15.15,15178,15192,15150,15192,15417.77604080604
18-Feb-26,09.15,15201,15239,15074,15117,15416.36845852239
18-Feb-26,10.15,15122,15129,15083,15104,15415.551717773247
18-Feb-26,11.15,15102,15147,15077,15140,15414.66999067188
18-Feb-26,12.15,15140,15177,15126,15163,15414.100480955516
18-Feb-26,13.15,15156,15163,15107,15145,15413.468830165844
18-Feb-26,14.15,15145,15170,15110,15168,15412.478123006556
18-Feb-26,15.15,15162,15188,15149,15165,15412.092795639728
19-Feb-26,09.15,15163,15279,15161,15185,15411.697251593454
19-Feb-26,10.15,15187,15209,15152,15180,15411.483365962877
19-Feb-26,11.15,15173,15180,15085,15101,15411.19350826988
19-Feb-26,12.15,15093,15127,15067,15120,15410.797322368944
19-Feb-26,13.15,15113,15129,15070,15119,15410.4469962574
19-Feb-26,14.15,15119,15128,14895,14905,15408.97964266525
19-Feb-26,15.15,14902,14907,14853,14880,15408.282015281886
20-Feb-26,09.15,14898,14985,14848,14923,15406.777769671233
20-Feb-26,10.15,14922,15023,14922,15012,15406.036123453408
20-Feb-26,11.15,15015,15023,14927,14983,15404.120363159733
20-Feb-26,12.15,14983,15074,14980,15011,15398.960028025049
20-Feb-26,13.15,15010,15077,14999,15046,15398.309549163016
20-Feb-26,14.15,15048,15058,14950,14990,15394.995710937266
20-Feb-26,15.15,14987,15023,14953,15009,15393.680944940945
23-Feb-26,09.15,15050,15118,14984,15051,15392.73348740404
23-Feb-26,10.15,15052,15080,15031,15053,15392.259883880764
23-Feb-26,11.15,15053,15078,15045,15070,15391.69952783451
23-Feb-26,12.15,15069,15083,15009,15020,15390.519531263146
23-Feb-26,13.15,15012,15058,14990,15011,15389.746315557744
23-Feb-26,14.15,15012,15083,15003,15074,15388.515928521392
23-Feb-26,15.15,15074,15089,15045,15050,15387.953640723805
24-Feb-26,09.15,15015,15062,14928,14931,15386.939390316373
24-Feb-26,10.15,14935,14970,14913,14955,15386.117490497409
24-Feb-26,11.15,14954,14979,14922,14946,15384.358493030146
24-Feb-26,12.15,14942,14954,14904,14939,15383.154125494077
24-Feb-26,13.15,14940,14953,14919,14946,15382.397474182617
24-Feb-26,14.15,14950,14965,14911,14920,15380.318298574131
24-Feb-26,15.15,14920,14935,14906,14920,15378.998758408625
25-Feb-26,09.15,14892,15056,14837,14989,15377.590740334686
25-Feb-26,10.15,14989,15083,14982,15044,15375.811517387898
25-Feb-26,11.15,15044,15133,15009,15127,15374.8344175255
25-Feb-26,12.15,15127,15132,15006,15028,15373.441563240329
25-Feb-26,13.15,15028,15038,14975,15019,15372.808437229802
25-Feb-26,14.15,15022,15068,15012,15060,15371.897583636526
25-Feb-26,15.15,15057,15133,15056,15125,15371.25738445949
26-Feb-26,09.15,15145,15180,15095,15158,15370.690196774183
26-Feb-26,10.15,15158,15180,15111,15124,15369.877855331068
26-Feb-26,11.15,15124,15145,15046,15070,15369.071036178317
26-Feb-26,12.15,15072,15188,15067,15183,15368.568642581957
26-Feb-26,13.15,15183,15208,15151,15163,15367.94189401908
26-Feb-26,14.15,15169,15224,15130,15210,15367.203874361803
26-Feb-26,15.15,15209,15222,15200,15201,15366.9743284471
27-Feb-26,09.15,15137,15192,14952,14984,15365.95480266457
27-Feb-26,10.15,14985,14985,14890,14970,15364.691495805097
27-Feb-26,11.15,14970,14976,14910,14929,15363.274125396669
27-Feb-26,12.15,14930,14998,14928,14994,15362.28533048631
27-Feb-26,13.15,14995,14999,14966,14992,15361.603099940168
27-Feb-26,14.15,14991,14993,14822,14865,15357.563324250936
27-Feb-26,15.15,14865,14876,14804,14810,15353.61448927471
02-Mar-26,09.15,14329,14684,14207,14581,15349.058678105432
02-Mar-26,10.15,14582,14588,14352,14402,15345.739896876845
02-Mar-26,11.15,14402,14425,14363,14369,15341.96896878938
02-Mar-26,12.15,14369,14380,14292,14332,15337.41383262653
02-Mar-26,13.15,14337,14360,14204,14352,15331.934672953366
02-Mar-26,14.15,14354,14465,14337,14414,15321.300869420284
02-Mar-26,15.15,14414,14420,14359,14368,15319.090986959469
04-Mar-26,09.15,14100,14100,13904,14085,15307.88310891214
04-Mar-26,10.15,14094,14100,13945,13969,15302.208475194442
04-Mar-26,11.15,13970,13978,13824,13832,15293.33787473224
04-Mar-26,12.15,13832,13904,13794,13900,15286.002828570096
04-Mar-26,13.15,13904,14079,13878,14078,15279.159045949436
04-Mar-26,14.15,14077,14184,14050,14165,15269.485283315042
04-Mar-26,15.15,14165,14177,14138,14167,15266.17768529517
05-Mar-26,09.15,14231,14269,14095,14156,15262.779337939024
05-Mar-26,10.15,14161,14231,14081,14189,15255.540993665612
05-Mar-26,11.15,14189,14234,14181,14226,15253.34703611954
05-Mar-26,12.15,14226,14284,14215,14249,15251.95431761178
05-Mar-26,13.15,14249,14268,14189,14200,15249.824964332696
05-Mar-26,14.15,14201,14513,14171,14347,15243.836619321844
05-Mar-26,15.15,14347,14570,14345,14471,15241.195266080344
06-Mar-26,09.15,14306,14340,14181,14305,15236.934460808076
06-Mar-26,10.15,14307,14407,14296,14403,15232.978909952251
06-Mar-26,11.15,14404,14466,14360,14367,15231.231724802346
06-Mar-26,12.15,14368,14368,14315,14326,15229.311108523718
06-Mar-26,13.15,14324,14358,14293,14333,15227.884078579102
06-Mar-26,14.15,14335,14357,14151,14174,15222.757248659902
06-Mar-26,15.15,14174,14176,14115,14138,15220.973875198626
09-Mar-26,09.15,13621,13708,13365,13478,15196.357616981575
09-Mar-26,10.15,13478,13537,13406,13480,15187.845113805177
09-Mar-26,11.15,13475,13484,13420,13481,15181.958688064677
09-Mar-26,12.15,13480,13494,13372,13403,15174.707239084571
09-Mar-26,13.15,13402,13480,13400,13463,15170.786299097448
09-Mar-26,14.15,13463,13550,13454,13513,15162.943961206862
09-Mar-26,15.15,13513,13533,13480,13498,15159.226945320748
10-Mar-26,09.15,13702,13741,13505,13591,15152.965467407874
10-Mar-26,10.15,13592,13700,13562,13694,15149.496051268658
10-Mar-26,11.15,13694,13703,13638,13644,15147.10890251294
10-Mar-26,12.15,13644,13725,13585,13722,15143.084902927869
10-Mar-26,13.15,13725,13850,13718,13834,15139.635275778832
10-Mar-26,14.15,13829,13909,13801,13860,15134.916916131482
10-Mar-26,15.15,13860,13900,13855,13888,15133.036993891326
11-Mar-26,09.15,13868,13948,13700,13704,15127.864906224926
11-Mar-26,10.15,13702,13792,13661,13697,15123.70435496927
11-Mar-26,11.15,13702,13707,13590,13642,15120.355459677176
11-Mar-26,12.15,13642,13655,13513,13519,15116.56386284942
11-Mar-26,13.15,13519,13557,13451,13490,15111.901414543754
11-Mar-26,14.15,13492,13526,13441,13479,15105.60942830835
11-Mar-26,15.15,13487,13529,13471,13500,15102.6253959381
12-Mar-26,09.15,13407,13407,13143,13150,15089.620248541256
12-Mar-26,10.15,13147,13232,13131,13196,15084.139620075994
12-Mar-26,11.15,13196,13214,13103,13138,15078.455990506363
12-Mar-26,12.15,13136,13156,13080,13120,15072.82110832388
12-Mar-26,13.15,13122,13195,13077,13108,15066.851322530489
12-Mar-26,14.15,13108,13135,12990,13011,15054.968153612344
12-Mar-26,15.15,13012,13014,12966,12995,15049.592114999648
13-Mar-26,09.15,12898,12962,12740,12752,15036.727473452427
13-Mar-26,10.15,12755,12760,12690,12718,15028.57952100185
13-Mar-26,11.15,12717,12791,12675,12693,15018.22052681519
13-Mar-26,12.15,12692,12697,12495,12497,15004.03557286811
13-Mar-26,13.15,12497,12590,12483,12540,14978.634180521563
13-Mar-26,14.15,12540,12610,12506,12604,14948.437294377918
13-Mar-26,15.15,12604,12620,12600,12615,14942.08494446561
16-Mar-26,09.15,12531,12671,12431,12492,14901.412732017856
16-Mar-26,10.15,12491,12611,12400,12604,14880.341511940833
16-Mar-26,11.15,12608,12779,12600,12722,14862.753662748526
16-Mar-26,12.15,12721,12722,12600,12635,14846.627221711162
16-Mar-26,13.15,12635,12743,12590,12689,14829.5111579138
16-Mar-26,14.15,12689,12874,12674,12756,14802.584042621977
16-Mar-26,15.15,12759,12764,12697,12740,14797.79863284634
17-Mar-26,09.15,12796,13100,12686,13017,14778.791050590324
17-Mar-26,10.15,13017,13050,12833,12843,14769.293085906462
17-Mar-26,11.15,12842,12843,12711,12805,14760.031204272029
17-Mar-26,12.15,12805,12938,12771,12920,14749.04580133857
17-Mar-26,13.15,12920,12959,12808,12955,14732.657993109886
17-Mar-26,14.15,12955,13037,12901,12950,14710.003684245748
17-Mar-26,15.15,12948,13028,12924,13010,14704.497025971992
18-Mar-26,09.15,13041,13165,13015,13105,14698.731261894049
18-Mar-26,10.15,13109,13176,13101,13147,14694.569668696364
18-Mar-26,11.15,13146,13156,13100,13124,14689.522771884604
18-Mar-26,12.15,13124,13124,13046,13096,14684.25129438443
18-Mar-26,13.15,13093,13118,13064,13090,14681.12527429642
18-Mar-26,14.15,13085,13108,13034,13036,14675.783569786225
18-Mar-26,15.15,13040,13058,13022,13043,14674.094158588196
19-Mar-26,09.15,12768,12838,12700,12739,14669.101988235054
19-Mar-26,10.15,12739,12739,12628,12643,14665.437325860554
19-Mar-26,11.15,12643,12677,12589,12612,14660.218249000389
19-Mar-26,12.15,12611,12653,12600,12610,14656.318757629024
19-Mar-26,13.15,12610,12652,12600,12623,14649.53259798038
19-Mar-26,14.15,12623,12650,12505,12611,14636.48958767482
19-Mar-26,15.15,12614,12627,12590,12600,14627.202028858668
20-Mar-26,09.15,12603,12756,12602,12684,14620.72713682536
20-Mar-26,10.15,12680,12748,12620,12674,14614.210954410157
20-Mar-26,11.15,12674,12736,12644,12657,14607.695118396072
20-Mar-26,12.15,12656,12687,12575,12678,14601.510367804589
20-Mar-26,13.15,12678,12708,12640,12658,14596.82031765384
20-Mar-26,14.15,12656,12673,12556,12595,14580.06366870591
20-Mar-26,15.15,12596,12625,12589,12615,14570.868783758291
23-Mar-26,09.15,12461,12495,12278,12335,14561.470851740163
23-Mar-26,10.15,12340,12408,12311,12397,14556.839101244312
23-Mar-26,11.15,12397,12418,12349,12349,14552.553296998469
23-Mar-26,12.15,12353,12397,12324,12339,14547.644244975296
23-Mar-26,13.15,12341,12433,12301,12403,14540.840350713306
23-Mar-26,14.15,12403,12425,12330,12346,14529.864438398898
23-Mar-26,15.15,12349,12355,12305,12309,14527.166172839645
24-Mar-26,09.15,12600,12650,12393,12416,14521.74332188672
24-Mar-26,10.15,12412,12449,12332,12358,14513.010210306897
24-Mar-26,11.15,12364,12462,12346,12424,14507.270647779796
24-Mar-26,12.15,12422,12630,12420,12570,14500.315149007514
24-Mar-26,13.15,12570,12614,12518,12543,14495.073223315308
24-Mar-26,14.15,12545,12565,12418,12451,14485.902445401138
24-Mar-26,15.15,12451,12525,12445,12490,14482.306291713863
25-Mar-26,09.15,12540,12720,12506,12693,14475.355594124912
