Date,Time,Open,High,Low,Close,EMA,Super Trend UP,Super Trend DN,EMA 100,EMA 200
18-Mar-26,10.51,142.18,142.29,142.14,142.14,140.94564560594318,141.45625152396008,,142.21089998738736,140.94564560594318
18-Mar-26,10.54,142.14,142.34,142.14,142.26,140.97167242562747,141.45625152396008,,142.21099808931066,140.97167242562747
18-Mar-26,10.57,142.26,142.35,142.11,142.23,140.99658980333783,141.45625152396008,,142.21103605516618,140.99658980333783
18-Mar-26,11.00,142.12,142.23,142.09,142.09,141.01824149040044,141.45625152396008,,142.21079422488611,141.01824149040044
18-Mar-26,11.03,142.08,142.2,142.08,142.1,141.03966245098658,141.45625152396008,,142.2105728578034,141.03966245098658
18-Mar-26,11.06,142.06,142.08,142.0,142.08,141.06026319453142,141.45625152396008,,142.21031197297265,141.06026319453142
18-Mar-26,11.09,142.13,142.26,142.05,142.19,141.0826342203823,141.45625152396008,,142.21027138961006,141.0826342203823
18-Mar-26,11.12,142.23,142.33,142.23,142.3,141.10674047344403,141.583519410746,,142.2104506675529,141.10674047344403
18-Mar-26,11.15,142.31,142.57,142.31,142.48,141.13393373139564,141.7321674696714,,142.21098922765768,141.13393373139564
18-Mar-26,11.18,142.48,142.5,142.39,142.42,141.15940039017988,141.77495072270426,,142.21140683159842,141.15940039017988
18-Mar-26,11.21,142.42,142.42,142.25,142.25,141.18099642205752,141.77495072270426,,142.211483940826,141.18099642205752
18-Mar-26,11.24,142.32,142.4,142.29,142.29,141.20295688894743,141.77495072270426,,142.21164081606912,141.20295688894743
18-Mar-26,11.27,142.23,142.4,142.23,142.37,141.22606665352276,141.77495072270426,,142.21195721803502,141.22606665352276
18-Mar-26,11.30,142.37,142.41,142.37,142.41,141.24951087820548,141.81885166916626,,142.2123529079091,141.24951087820548
18-Mar-26,11.33,142.41,142.41,142.26,142.3,141.2703126429935,141.81885166916626,,142.2125280269742,141.2703126429935
18-Mar-26,11.36,142.26,142.34,142.25,142.25,141.2897123926372,141.81885166916626,,142.21260289605118,141.2897123926372
18-Mar-26,11.39,142.21,142.26,142.21,142.22,141.30813392941667,141.81885166916626,,142.21261767547966,141.30813392941667
18-Mar-26,11.42,142.25,142.39,142.11,142.11,141.32401246546783,141.81885166916626,,142.21241264515902,141.32401246546783
18-Mar-26,11.45,142.19,142.25,142.11,142.11,141.33957657506252,141.81885166916626,,142.21220802448937,141.33957657506252
18-Mar-26,11.48,142.11,142.17,141.9,141.92,141.3510701082296,141.81885166916626,,142.2116241922726,141.3510701082296
18-Mar-26,11.51,141.92,142.0,141.8,141.81,141.36015782885872,,142.45103405107793,142.210821746334,141.36015782885872
18-Mar-26,11.54,141.82,141.9,141.81,141.81,141.3690655946239,,142.37793064597017,142.21002090368398,141.3690655946239
18-Mar-26,11.57,141.88,141.9,141.8,141.8,141.3775989491858,,142.35063758137315,142.2092016810992,141.3775989491858
18-Mar-26,12.00,141.7,141.79,141.7,141.75,141.38497322741975,,142.22557382323583,142.20828419522286,141.38497322741975
18-Mar-26,12.03,141.75,141.75,141.7,141.75,141.39220148034212,,142.17251644091223,142.20736854248514,141.39220148034212
18-Mar-26,12.06,141.75,141.75,141.69,141.72,141.39869254013732,,142.140764796821,142.2063947791635,141.39869254013732
18-Mar-26,12.09,141.73,141.75,141.73,141.75,141.40564912350092,,142.12768831713893,142.20548290148287,141.40564912350092
18-Mar-26,12.12,141.75,141.75,141.69,141.69,141.41127983392664,,142.08691948542503,142.20445296561576,141.41127983392664
18-Mar-26,12.15,141.7,141.7,141.63,141.69,141.416799045136,,142.01622753688252,142.20342508756258,141.416799045136
18-Mar-26,12.18,141.63,141.82,141.63,141.75,141.42339708384617,,142.01622753688252,142.20251914333167,141.42339708384617
18-Mar-26,12.21,141.73,141.82,141.73,141.74,141.42966644852248,,142.01622753688252,142.2015950291592,141.42966644852248
18-Mar-26,12.24,141.82,141.87,141.74,141.75,141.4360096871656,,142.01622753688252,142.20069274138865,141.4360096871656
18-Mar-26,12.27,141.8,141.8,141.75,141.76,141.4424253369247,,142.01622753688252,142.19981223641085,141.4424253369247
18-Mar-26,12.30,141.76,141.77,141.74,141.74,141.44831790451036,,142.01622753688252,142.1988935306438,141.44831790451036
18-Mar-26,12.33,141.74,141.85,141.74,141.85,141.45627200541114,,142.01622753688252,142.1981964406725,141.45627200541114
18-Mar-26,12.36,141.83,141.83,141.69,141.76,141.46228642114556,,142.01622753688252,142.1973209233085,141.46228642114556
18-Mar-26,12.39,141.78,141.8,141.76,141.79,141.46877579894465,,142.01622753688252,142.1965070952899,141.46877579894465
18-Mar-26,12.42,141.84,141.84,141.67,141.75,141.47434459500516,,142.01622753688252,142.19561497322138,141.47434459500516
18-Mar-26,12.45,141.78,141.85,141.71,141.8,141.48079321688624,,142.01622753688252,142.19482453371444,141.48079321688624
18-Mar-26,12.48,141.76,141.8,141.69,141.8,141.48711414328454,,142.01622753688252,142.19403567350722,141.48711414328454
18-Mar-26,12.51,141.78,141.82,141.7,141.75,141.49231980381356,,142.01622753688252,142.19314848934437,141.49231980381356
18-Mar-26,12.54,141.73,141.88,141.7,141.71,141.49663030274797,,142.01622753688252,142.19218315769731,141.49663030274797
18-Mar-26,12.57,141.81,141.81,141.71,141.71,141.50085544526775,,142.01622753688252,142.19121975478484,141.50085544526775
18-Mar-26,13.00,141.71,141.85,141.71,141.72,141.50519494140107,,142.01622753688252,142.19027825677327,141.50519494140107
18-Mar-26,13.03,141.71,141.85,141.71,141.8,141.51103266533372,,142.01622753688252,142.18949848003646,141.51103266533372
18-Mar-26,13.06,141.8,141.84,141.75,141.83,141.5173488501786,,142.01622753688252,142.18878020135506,141.5173488501786
18-Mar-26,13.09,141.83,141.85,141.76,141.85,141.52393600166022,,142.01622753688252,142.18810331783587,141.52393600166022
18-Mar-26,13.12,141.85,142.24,141.85,142.15,141.53633330855803,141.61317649409034,,142.1880271873307,141.53633330855803
18-Mar-26,13.15,142.12,142.2,142.1,142.1,141.54749502522026,141.73135884468127,,142.18785130883452,141.54749502522026
18-Mar-26,13.18,142.11,142.17,142.1,142.16,141.55962383660204,141.73722296021316,,142.18779566186382,141.55962383660204
18-Mar-26,13.21,142.16,142.25,142.13,142.25,141.57329465171884,141.7960006641919,,142.1879199462557,141.57329465171884
18-Mar-26,13.24,142.25,142.3,142.14,142.14,141.58451653980362,141.81740059777266,,142.18782420210735,141.58451653980362
18-Mar-26,13.27,142.1,142.16,141.85,141.85,141.58977363802532,141.81740059777266,,142.18714922867656,141.58977363802532
18-Mar-26,13.30,141.85,141.99,141.85,141.99,141.59769891251986,141.81740059777266,,142.18675532412377,141.59769891251986
18-Mar-26,13.33,141.98,142.0,141.9,141.9,141.603685072668,141.81740059777266,,142.18618238641324,141.603685072668
18-Mar-26,13.36,142.01,142.15,142.0,142.15,141.6145031900409,141.81740059777266,,142.18611009393288,141.6145031900409
18-Mar-26,13.39,142.1,142.25,142.1,142.21,141.62629520607967,141.81740059777266,,142.18615782601293,141.62629520607967
18-Mar-26,13.42,142.21,142.24,142.15,142.15,141.6366655980385,141.81740059777266,,142.1860855826043,141.6366655980385
18-Mar-26,13.45,142.15,142.17,142.15,142.17,141.64722667530506,141.81740059777266,,142.18605344357812,141.64722667530506
18-Mar-26,13.48,142.17,142.18,141.85,142.0,141.65421228569505,141.81740059777266,,142.1856817084261,141.65421228569505
18-Mar-26,13.51,142.0,142.0,141.9,142.0,141.66105956716643,141.81740059777266,,142.18531071600168,141.66105956716643
18-Mar-26,13.54,142.0,142.08,141.93,142.0,141.6677712589057,141.81740059777266,,142.18494046482087,141.6677712589057
18-Mar-26,13.57,142.0,142.14,142.0,142.1,141.67633024387786,141.81740059777266,,142.18477075360244,141.67633024387786
18-Mar-26,14.00,142.24,142.24,142.05,142.16,141.68590786281098,141.81740059777266,,142.18472126158724,141.68590786281098
18-Mar-26,14.03,142.1,142.12,141.92,141.92,141.6905433506761,141.81740059777266,,142.18419234797767,141.6905433506761
18-Mar-26,14.06,141.92,141.96,141.77,141.79,141.69251278927658,,142.35853460037333,142.18340475087882,141.69251278927658
18-Mar-26,14.09,141.88,142.0,141.8,141.8,141.69464124889487,,142.35853460037333,142.18263870742052,141.69464124889487
18-Mar-26,14.12,141.8,141.87,141.65,141.85,141.69771765980784,,142.2824630263024,142.18197409461848,141.69771765980784
18-Mar-26,14.15,141.77,141.83,141.71,141.8,141.69974305268292,,142.28221672367215,142.18121090961424,141.69974305268292
18-Mar-26,14.18,141.8,141.89,141.66,141.78,141.70133229916445,,142.28221672367215,142.1804092894152,141.70133229916445
18-Mar-26,14.21,141.75,141.8,141.68,141.76,141.70249403581465,,142.25299554617445,142.17956931081497,141.70249403581465
18-Mar-26,14.24,141.78,141.95,141.76,141.8,141.70442484698663,,142.25299554617445,142.17881093057358,141.70442484698663
18-Mar-26,14.27,141.87,141.87,141.52,141.63,141.70295108764034,,142.25299554617445,142.17771440523777,141.70295108764034
18-Mar-26,14.30,141.63,141.63,141.55,141.6,141.7009124522415,,142.12864375316116,142.17656013070183,141.7009124522415
18-Mar-26,14.33,141.6,141.6,141.53,141.56,141.69812210665256,,142.07077937784504,142.1753282423288,141.69812210665256
18-Mar-26,14.36,141.56,141.57,141.4,141.45,141.69320879760994,,141.99120144006054,142.1738790350514,141.69320879760994
18-Mar-26,14.39,141.4,141.48,141.25,141.44,141.6881947620137,,141.88958129605447,142.1724127432731,141.6881947620137
18-Mar-26,14.42,141.43,141.43,141.2,141.25,141.67951763801344,,141.85912316644902,142.17056976076907,141.67951763801344
18-Mar-26,14.45,141.25,141.55,141.25,141.49,141.67576481349832,,141.85912316644902,142.16920998102728,141.67576481349832
18-Mar-26,14.48,141.49,141.79,141.39,141.77,141.6776308567954,,141.85912316644902,142.16841235868756,141.6776308567954
18-Mar-26,14.51,141.76,141.78,141.15,141.15,141.66718272101727,,141.85912316644902,142.1663775687601,141.66718272101727
18-Mar-26,14.54,141.15,141.19,141.15,141.18,141.65753553842288,,141.85912316644902,142.16440678440694,141.65753553842288
18-Mar-26,14.57,141.18,141.19,141.18,141.19,141.64827740894916,,141.8197182885565,142.16245991770484,141.64827740894916
18-Mar-26,15.00,141.43,141.5,141.25,141.4,141.64336102461354,,141.8197182885565,142.16093652126585,141.64336102461354
18-Mar-26,15.03,141.36,141.44,141.33,141.42,141.63893803402712,,141.8197182885565,142.15945612861597,141.63893803402712
18-Mar-26,15.06,141.42,141.42,141.3,141.3,141.63222638978897,,141.8197182885565,142.15773893355382,141.63222638978897
18-Mar-26,15.09,141.3,141.37,141.26,141.34,141.62643972860502,,141.8197182885565,142.15610508953074,141.62643972860502
18-Mar-26,15.12,141.34,141.4,141.3,141.35,141.62096567457323,,141.8197182885565,142.15449448995125,141.62096567457323
18-Mar-26,15.15,141.35,141.35,141.01,141.02,141.60906536418562,,141.77585619198874,142.1522277676936,141.60906536418562
18-Mar-26,15.18,141.08,141.12,141.0,141.03,141.59759872331065,,141.63227057278988,142.14998555437154,141.59759872331065
18-Mar-26,15.21,141.07,141.07,140.94,141.05,141.5867551842352,,141.5590435155109,142.14778778103613,141.5867551842352
18-Mar-26,15.24,141.04,141.5,141.03,141.35,141.5820669627652,,141.5590435155109,142.14619379945563,141.5820669627652
18-Mar-26,15.27,141.34,141.49,141.12,141.12,141.57291712191835,,141.5590435155109,142.144143462194,141.57291712191835
19-Mar-26,09.15,140.0,140.07,139.01,139.6,141.5338494561378,,140.79100772280742,142.13906025847334,141.5338494561378
19-Mar-26,09.18,139.6,139.8,139.39,139.39,141.49139699165983,,140.79100772280742,142.13356763058428,141.49139699165983
19-Mar-26,09.21,139.39,139.84,139.2,139.6,141.4539435858844,,140.79100772280742,142.1285055573963,141.4539435858844
19-Mar-26,09.24,139.62,139.94,139.55,139.82,141.42158826735204,,140.79100772280742,142.12389315868023,141.42158826735204
19-Mar-26,09.27,139.84,140.36,139.7,140.11,141.39561622245398,,140.79100772280742,142.11986939612544,141.39561622245398
19-Mar-26,09.30,140.09,140.18,139.82,139.9,141.3660000596331,,140.79100772280742,142.11543409263666,141.3660000596331
19-Mar-26,09.33,139.78,140.21,139.77,140.21,141.34310896934335,,140.79100772280742,142.1116270315125,141.34310896934335
19-Mar-26,09.36,140.22,140.31,139.9,139.98,141.31611671252466,,140.79100772280742,142.10736803644454,141.31611671252466
19-Mar-26,09.39,139.8,139.89,139.71,139.71,141.28431242118754,,140.79100772280742,142.1025780903178,141.28431242118754
19-Mar-26,09.42,139.65,139.65,139.3,139.31,141.24521712571848,,140.74615891234285,142.09699851371377,141.24521712571848
19-Mar-26,09.45,139.35,139.53,139.2,139.53,141.2112524301597,,140.60804302110856,142.0918696455545,141.2112524301597
19-Mar-26,09.48,139.45,139.45,139.01,139.02,141.16786129292882,,140.5047387189977,142.08573204386508,141.16786129292882
19-Mar-26,09.51,139.01,139.6,139.01,139.25,141.1298838415837,,140.5047387189977,142.08006624557564,141.1298838415837
19-Mar-26,09.54,139.43,139.43,139.22,139.24,141.0924603991761,,140.5047387189977,142.0743917875425,141.0924603991761
19-Mar-26,09.57,139.24,139.3,139.13,139.15,141.05399583681617,,140.39535452614933,142.06854884690807,141.05399583681617
19-Mar-26,10.00,139.2,139.2,139.09,139.17,141.01668898856238,,140.24031907353438,142.06275754052064,141.01668898856238
19-Mar-26,10.03,139.17,139.35,139.15,139.33,140.98328920661064,,140.24031907353438,142.05729748549462,140.98328920661064
19-Mar-26,10.06,139.3,139.5,139.26,139.34,140.9507488262817,,140.24031907353438,142.05186831968942,140.9507488262817
19-Mar-26,10.09,139.34,139.51,139.28,139.4,140.92004092873157,,140.24031907353438,142.04656988148824,140.92004092873157
19-Mar-26,10.12,139.4,139.5,139.4,139.49,140.89172328657847,,140.24031907353438,142.04146184975698,140.89172328657847
19-Mar-26,10.15,139.4,139.58,139.4,139.48,140.86376837001256,,140.24031907353438,142.03634404386335,140.86376837001256
19-Mar-26,10.18,139.5,139.57,139.4,139.4,140.8347828577351,,140.24031907353438,142.0310766231963,140.8347828577351
19-Mar-26,10.21,139.31,139.55,139.31,139.45,140.80736141500768,,140.24031907353438,142.02591962694615,140.80736141500768
19-Mar-26,10.24,139.55,139.6,139.48,139.6,140.78345326817583,,140.24031907353438,142.02107263468451,140.78345326817583
19-Mar-26,10.27,139.58,139.66,139.52,139.52,140.7584343915783,,140.24031907353438,142.01607548656327,140.7584343915783
19-Mar-26,10.30,139.58,139.75,139.58,139.75,140.73846539372528,,140.24031907353438,142.01154786321348,140.73846539372528
19-Mar-26,10.33,139.8,139.9,139.64,139.64,140.71671360375052,,140.24031907353438,142.00680950584442,140.71671360375052
19-Mar-26,10.36,139.65,140.19,139.65,140.19,140.70628363139903,,140.24031907353438,142.00317951682177,140.70628363139903
19-Mar-26,10.39,140.1,140.1,139.87,139.93,140.69091167830203,,140.24031907353438,141.99903730000491,140.69091167830203
19-Mar-26,10.42,139.87,139.87,139.65,139.75,140.6722797638802,,140.24031907353438,141.99454371898594,140.6722797638802
19-Mar-26,10.45,139.75,139.77,139.66,139.7,140.6530266992489,,140.24031907353438,141.9899592160509,140.6530266992489
19-Mar-26,10.48,139.7,139.96,139.7,139.93,140.63870933886773,,140.24031907353438,141.9858434134214,140.63870933886773
19-Mar-26,10.51,139.94,139.94,139.84,139.89,140.6238834113654,,140.24031907353438,141.9816559140939,140.6238834113654
19-Mar-26,10.54,139.89,140.0,139.8,139.8,140.60756888836806,,140.24031907353438,141.97729696121857,140.60756888836806
19-Mar-26,10.57,139.87,139.93,139.6,139.6,140.58761702919247,,140.24031907353438,141.9725471171402,140.58761702919247
19-Mar-26,11.00,139.6,139.7,139.6,139.7,140.57004045435698,,140.24031907353438,141.9680065634596,140.57004045435698
19-Mar-26,11.03,139.55,139.65,139.55,139.65,140.55182183149844,,140.24031907353438,141.9633751817144,140.55182183149844
19-Mar-26,11.06,139.7,139.77,139.65,139.65,140.53396397344898,,140.24031907353438,141.95875305347923,140.53396397344898
19-Mar-26,11.09,139.6,139.65,139.51,139.6,140.51546963734108,,140.2100538446298,141.95404026016558,140.51546963734108
19-Mar-26,11.12,139.6,139.8,139.6,139.6,140.49734152571057,,140.2100538446298,141.9493368830224,140.49734152571057
19-Mar-26,11.15,139.61,139.61,139.55,139.56,140.47878030737965,,140.1623436141502,141.94456298315623,140.47878030737965
19-Mar-26,11.18,139.52,139.58,139.4,139.48,140.45900247951076,,140.06810925273516,141.9396387813917,140.45900247951076
19-Mar-26,11.21,139.5,139.65,139.5,139.65,140.44298262843134,,140.06810925273516,141.93506407853178,140.44298262843134
19-Mar-26,11.24,139.65,139.65,139.4,139.47,140.42371564569012,,140.06810925273516,141.93013887557768,140.42371564569012
19-Mar-26,11.27,139.47,139.47,139.31,139.31,140.40166187052793,,139.96825164524392,141.92490383286923,140.40166187052793
19-Mar-26,11.30,139.35,139.73,139.25,139.59,140.38558935824025,,139.96825164524392,141.92023869034605,140.38558935824025
19-Mar-26,11.33,139.57,139.62,139.57,139.62,140.37042917292857,,139.96825164524392,141.91564280884683,140.37042917292857
19-Mar-26,11.36,139.52,139.71,139.52,139.7,140.35715334772206,,139.96825164524392,141.9112159500879,140.35715334772206
19-Mar-26,11.39,139.7,139.72,139.65,139.65,140.3431503111335,,139.96825164524392,141.90669803610172,140.3431503111335
19-Mar-26,11.42,139.71,139.72,139.69,139.69,140.3302166416061,,139.96825164524392,141.90226906899662,140.3302166416061
19-Mar-26,11.45,139.69,139.7,139.43,139.51,140.31397472791093,,139.96825164524392,141.897489310617,140.31397472791093
19-Mar-26,11.48,139.48,139.51,139.22,139.22,140.2923118620117,,139.95657752334006,141.89213968162477,140.2923118620117
19-Mar-26,11.51,139.38,139.45,139.2,139.45,140.27563241919958,,139.93241977100604,141.8872602816615,140.27563241919958
19-Mar-26,11.54,139.34,139.51,139.34,139.43,140.25888722277978,,139.93241977100604,141.88235067070912,140.25888722277978
19-Mar-26,11.57,139.36,139.51,139.21,139.5,140.24385975302175,,139.93241977100604,141.8775907293091,140.24385975302175
19-Mar-26,12.00,139.54,139.57,139.4,139.55,140.23011995593222,,139.93241977100604,141.87294019838143,140.23011995593222
19-Mar-26,12.03,139.53,139.53,139.42,139.49,140.2154641152207,,139.93241977100604,141.86817907910395,140.2154641152207
19-Mar-26,12.06,139.49,139.6,139.4,139.48,140.20090046937474,,139.93241977100604,141.8634074925323,140.20090046937474
19-Mar-26,12.09,139.48,139.5,139.41,139.41,140.18523907394157,,139.93241977100604,141.8585055794603,140.18523907394157
19-Mar-26,12.12,139.48,139.51,139.41,139.51,140.17186800317046,,139.93241977100604,141.85381326062023,140.17186800317046
19-Mar-26,12.15,139.52,139.6,139.47,139.47,140.15796962687006,,139.93241977100604,141.84905039696264,140.15796962687006
19-Mar-26,12.18,139.44,139.5,139.42,139.49,140.1447425055459,,139.93241977100604,141.8443370095561,140.1447425055459
19-Mar-26,12.21,139.49,139.49,139.41,139.41,140.13019314900043,,139.91761811297928,141.8394731993472,140.13019314900043
19-Mar-26,12.24,139.41,139.45,139.3,139.31,140.11395170050537,,139.84085630168136,141.834419306841,140.11395170050537
19-Mar-26,12.27,139.3,139.39,139.3,139.39,140.09961602326763,,139.79127067151322,141.82953535218198,140.09961602326763
19-Mar-26,12.30,139.4,139.4,139.33,139.4,140.08576224062867,,139.7876436043619,141.8246811356941,140.08576224062867
19-Mar-26,12.33,139.35,139.4,139.31,139.4,140.0721827903192,,139.76237924392572,141.81983661794047,140.0721827903192
19-Mar-26,12.36,139.4,139.45,139.34,139.45,140.05986233902576,,139.76237924392572,141.81510167964288,140.05986233902576
19-Mar-26,12.39,139.43,139.43,139.4,139.43,140.0473898174609,,139.76237924392572,141.8103362417215,140.0473898174609
19-Mar-26,12.42,139.4,139.45,139.28,139.28,140.03219397949138,,139.75320946882184,141.80528062485493,140.03219397949138
19-Mar-26,12.45,139.41,139.42,139.33,139.33,140.01828914821434,,139.75320946882184,141.80033500922084,140.01828914821434
19-Mar-26,12.48,139.44,139.5,139.3,139.5,140.00802599676456,,139.75320946882184,141.79573893527635,140.00802599676456
19-Mar-26,12.51,139.45,139.45,139.34,139.41,139.99618389781872,,139.75320946882184,141.79097222411696,139.99618389781872
19-Mar-26,12.54,139.41,139.45,139.37,139.39,139.98418025627777,,139.75320946882184,141.78617507681602,139.98418025627777
19-Mar-26,12.57,139.44,139.49,139.38,139.38,139.97221629080693,,139.75320946882184,141.781367534205,139.97221629080693
19-Mar-26,13.00,139.35,139.57,139.35,139.5,139.9628654731672,,139.75320946882184,141.77680935731348,139.9628654731672
19-Mar-26,13.03,139.5,139.5,139.4,139.49,139.9535018004312,,139.75320946882184,141.77224030764853,139.9535018004312
19-Mar-26,13.06,139.49,139.5,139.48,139.49,139.94432354695732,,139.75320946882184,141.76768038695394,139.94432354695732
19-Mar-26,13.09,139.48,139.49,139.31,139.41,139.93374288266114,,139.75320946882184,141.76296973683014,139.93374288266114
19-Mar-26,13.12,139.41,139.41,139.26,139.26,139.92040143944013,,139.73129157035882,141.75796879829502,139.92040143944013
19-Mar-26,13.15,139.26,139.31,139.2,139.2,139.90613606440172,,139.64466241332295,141.7528579715252,139.90613606440172
19-Mar-26,13.18,139.2,139.23,139.01,139.16,139.8913610928294,,139.53669617199068,141.74767743611756,139.8913610928294
19-Mar-26,13.21,139.16,139.16,139.01,139.05,139.87470047712984,,139.50502655479158,141.74228747121023,139.87470047712984
19-Mar-26,13.24,139.1,139.1,139.01,139.09,139.85916185382032,,139.46002389931246,141.7369881955435,139.85916185382032
19-Mar-26,13.27,139.01,139.24,139.01,139.01,139.84234676760607,,139.46002389931246,141.73153966768027,139.84234676760607
19-Mar-26,13.30,139.1,139.21,139.01,139.05,139.82665673260396,,139.46002389931246,141.72618194606653,139.82665673260396
19-Mar-26,13.33,139.05,139.09,139.01,139.08,139.8118714507702,,139.46002389931246,141.72089486925125,139.8118714507702
19-Mar-26,13.36,139.08,139.08,138.75,138.78,139.79143835273516,,139.40023718033893,141.71501895542656,139.79143835273516
19-Mar-26,13.39,138.76,139.15,138.7,139.15,139.77873660317604,,139.40023718033893,141.70989404242872,139.77873660317604
19-Mar-26,13.42,139.19,139.46,138.9,138.9,139.76133587836068,,139.40023718033893,141.70427986851777,139.76133587836068
19-Mar-26,13.45,139.05,139.12,138.91,138.96,139.74546784116544,,139.40023718033893,141.6987967918574,139.74546784116544
19-Mar-26,13.48,138.96,138.96,138.66,138.9,139.72872590371662,,139.40023718033893,141.69320479027527,139.72872590371662
19-Mar-26,13.51,138.9,139.15,138.68,139.02,139.7146917274054,,139.40023718033893,141.68786372176322,139.7146917274054
19-Mar-26,13.54,139.0,139.21,139.0,139.15,139.70350971300135,,139.40023718033893,141.6827930649765,139.70350971300135
19-Mar-26,13.57,139.01,139.09,138.95,139.09,139.6913610058132,,139.40023718033893,141.67761265925228,139.6913610058132
19-Mar-26,14.00,139.12,139.29,139.02,139.02,139.67806672847038,,139.40023718033893,141.67230274384917,139.67806672847038
19-Mar-26,14.03,138.66,138.85,138.66,138.69,139.6585010506789,,139.40023718033893,141.6663440970083,139.6585010506789
19-Mar-26,14.06,138.77,138.8,138.66,138.66,139.63872875264565,,139.40023718033893,141.6603374154958,139.63872875264565
19-Mar-26,14.09,138.66,138.72,138.61,138.66,139.61934798526653,,139.3697174082327,141.65434273534495,139.61934798526653
19-Mar-26,14.12,138.6,138.73,138.41,138.41,139.59540050040977,,139.3002456674094,141.64786053207754,139.59540050040977
19-Mar-26,14.15,138.4,138.73,138.4,138.48,139.5733133617878,,139.3002456674094,141.64153114040505,139.5733133617878
19-Mar-26,14.18,138.66,138.75,138.48,138.58,139.55364379026724,,139.3002456674094,141.6354141950696,139.55364379026724
19-Mar-26,14.21,138.59,138.59,138.23,138.39,139.53060133897483,,139.20343909154147,141.62892985102349,139.53060133897483
19-Mar-26,14.24,138.39,138.39,138.1,138.36,139.5074211144407,,139.04609518238732,141.6223985226498,139.5074211144407
19-Mar-26,14.27,138.23,138.3,138.1,138.26,139.48271970623395,,138.9989856641486,141.61568044368346,139.48271970623395
19-Mar-26,14.30,138.33,138.48,138.27,138.33,139.45989357343723,,138.9989856641486,141.60911564759218,139.45989357343723
19-Mar-26,14.33,138.33,138.5,138.33,138.5,139.44088577990382,,138.9989856641486,141.60290362831626,139.44088577990382
19-Mar-26,14.36,138.45,138.74,138.21,138.21,139.41651180406416,,138.9989856641486,141.59612460008785,139.41651180406416
19-Mar-26,14.39,138.25,138.47,138.21,138.36,139.39559077824111,,138.9989856641486,141.5896588166711,139.39559077824111
19-Mar-26,14.42,138.31,138.44,138.14,138.31,139.37409393114723,,138.9989856641486,141.58310605180262,139.37409393114723
19-Mar-26,14.45,138.32,138.37,138.15,138.15,139.34985444736213,,138.9989856641486,141.57624669905175,139.34985444736213
19-Mar-26,14.48,138.12,138.19,138.12,138.13,139.325698913751,,138.9168243623067,141.56936109126144,139.325698913751
19-Mar-26,14.51,138.14,138.14,137.7,137.74,139.29429893526088,,138.73764192607604,141.56171002015003,139.29429893526088
19-Mar-26,14.54,137.75,137.75,137.1,137.15,139.25183757020622,,138.35587773346845,141.55289541471515,139.25183757020622
19-Mar-26,14.57,137.2,137.34,137.15,137.2,139.21120712327144,,138.1397899601216,141.54419832097946,139.21120712327144
19-Mar-26,15.00,137.15,137.2,136.53,137.0,139.16742084360268,,137.87131096410943,141.5351190036548,139.16742084360268
19-Mar-26,15.03,137.01,137.01,136.56,136.57,139.11598676749173,,137.82567986769848,141.5251986859652,139.11598676749173
19-Mar-26,15.06,136.58,136.58,136.1,136.1,139.05626425724438,,137.42061188092865,141.51435912815109,139.05626425724438
19-Mar-26,15.09,136.2,136.71,136.15,136.68,139.00920951947717,,137.42061188092865,141.50470006895398,139.00920951947717
19-Mar-26,15.12,136.37,136.66,136.33,136.59,138.96130438047763,,137.42061188092865,141.49488048839663,138.96130438047763
19-Mar-26,15.15,136.65,136.7,136.5,136.65,138.9155359769038,,137.42061188092865,141.48520040750074,138.9155359769038
19-Mar-26,15.18,136.7,137.36,136.62,137.36,138.88473328429183,,137.42061188092865,141.4769582488444,138.88473328429183
19-Mar-26,15.21,137.44,137.64,137.05,137.51,138.85751084301876,136.0848981904305,,141.46903225833722,138.85751084301876
19-Mar-26,15.24,137.5,137.62,137.4,137.57,138.83201557880056,136.3099083713874,,141.46124198409478,138.83201557880056
19-Mar-26,15.27,137.6,137.62,136.5,136.99,138.7955400227847,136.3099083713874,,141.45230843367702,138.7955400227847
20-Mar-26,09.15,138.74,141.71,138.74,141.04,138.83998477480878,137.53452578082383,,141.45148464060273,138.83998477480878
20-Mar-26,09.18,141.24,141.81,141.0,141.0,138.88275735352545,138.74057320274142,,141.45058257338874,138.88275735352545
20-Mar-26,09.21,141.0,142.25,140.86,141.9,138.94250473266356,138.74057320274142,,141.45148051030506,138.94250473266356
20-Mar-26,09.24,141.9,142.13,141.69,141.84,138.9998808765712,139.24451429422055,,141.45225677302173,138.9998808765712
20-Mar-26,09.27,141.93,142.32,141.84,141.84,139.05612085921337,139.5370628647985,,141.45303148476395,139.05612085921337
20-Mar-26,09.30,141.94,141.94,141.6,141.75,139.10946500061507,139.5370628647985,,141.45362482845073,139.10946500061507
20-Mar-26,09.33,141.7,141.79,141.51,141.65,139.15977262436527,139.5370628647985,,141.45401718643583,139.15977262436527
20-Mar-26,09.36,141.6,141.76,141.14,141.14,139.19898504764518,139.5370628647985,,141.45338977946992,139.19898504764518
20-Mar-26,09.39,141.0,141.08,140.8,140.84,139.23148039323635,139.5370628647985,,141.45216422546497,139.23148039323635
20-Mar-26,09.42,140.85,140.85,140.4,140.4,139.2546193953505,139.5370628647985,,141.45006199924026,139.2546193953505
20-Mar-26,09.45,140.38,140.52,140.21,140.28,139.2749239617792,139.5370628647985,,141.44772421302798,139.2749239617792
20-Mar-26,09.48,140.38,140.55,140.29,140.29,139.29502447738753,139.5370628647985,,141.44541107773722,139.29502447738753
20-Mar-26,09.51,140.37,140.37,140.02,140.09,139.3107665669442,139.5370628647985,,141.44270296369578,139.3107665669442
20-Mar-26,09.54,140.1,140.7,139.9,140.52,139.33471178344035,139.5370628647985,,141.44085940133075,139.33471178344035
20-Mar-26,09.57,140.45,140.88,140.45,140.8,139.36372739168905,139.5370628647985,,141.43957896296646,139.36372739168905
20-Mar-26,10.00,140.8,140.8,140.25,140.32,139.38266348294275,139.5370628647985,,141.43734204196153,139.38266348294275
20-Mar-26,10.03,140.5,140.61,140.36,140.54,139.40558103773597,139.5370628647985,,141.4355491507688,139.40558103773597
20-Mar-26,10.06,140.6,140.6,140.25,140.25,139.42230220530556,139.5370628647985,,141.43318042119682,139.42230220530556
20-Mar-26,10.09,140.25,140.51,140.01,140.08,139.43532592401235,139.5370628647985,,141.43047676401162,139.43532592401235
20-Mar-26,10.12,140.25,140.25,139.8,139.9,139.4445273908636,139.5370628647985,,141.42741886837922,139.4445273908636
20-Mar-26,10.15,139.9,139.96,139.83,139.83,139.4521605118366,139.5370628647985,,141.42422722228855,139.4521605118366
20-Mar-26,10.18,139.81,139.88,139.8,139.85,139.4600385215032,139.5370628647985,,141.4210819131531,139.4600385215032
20-Mar-26,10.21,139.81,139.85,139.7,139.72,139.46518627355266,139.5370628647985,,141.41768314809187,139.46518627355266
20-Mar-26,10.24,139.8,140.04,139.59,140.04,139.47656872358132,139.5370628647985,,141.41493053440936,139.47656872358132
20-Mar-26,10.27,140.15,140.34,139.89,140.31,139.4930723132134,139.5370628647985,,141.41272288099395,139.4930723132134
20-Mar-26,10.30,140.5,140.78,140.38,140.56,139.51419959413985,139.5370628647985,,141.41101913897398,139.51419959413985
20-Mar-26,10.33,140.46,140.65,140.46,140.61,139.5358986120777,139.5370628647985,,141.4094187011339,139.5358986120777
20-Mar-26,10.36,140.61,140.7,140.38,140.39,139.5528115108484,139.5370628647985,,141.40738190053222,139.5528115108484
20-Mar-26,10.39,140.24,140.61,140.24,140.49,139.57136969875242,139.5370628647985,,141.40554896966202,139.57136969875242
20-Mar-26,10.42,140.55,140.75,140.49,140.66,139.5929267344207,139.5370628647985,,141.40405936133104,139.5929267344207
20-Mar-26,10.45,140.59,140.85,140.59,140.6,139.61286877928364,139.62581057573786,,141.40245284912058,139.61286877928364
20-Mar-26,10.48,140.55,140.64,140.43,140.64,139.63320801137704,139.62581057573786,,141.40092946680466,139.63320801137704
20-Mar-26,10.51,140.63,140.64,140.44,140.58,139.6519563675874,139.62581057573786,,141.39928924808976,139.6519563675874
20-Mar-26,10.54,140.58,140.58,140.34,140.34,139.6655809939718,139.62581057573786,,141.39717278605562,139.6655809939718
20-Mar-26,10.57,140.33,140.42,140.22,140.28,139.67774770696244,139.62581057573786,,141.39494067259696,139.67774770696244
20-Mar-26,11.00,140.15,140.15,140.0,140.08,139.68571309890376,139.62581057573786,,141.39231341850586,139.68571309890376
20-Mar-26,11.03,140.02,140.15,140.01,140.02,139.69233264149972,139.62581057573786,,141.3895715335538,139.69233264149972
20-Mar-26,11.06,140.03,140.24,140.03,140.24,139.70317753968783,139.62581057573786,,141.3872746873329,139.70317753968783
20-Mar-26,11.09,140.15,140.2,140.0,140.01,139.70925323197125,139.62581057573786,,141.38452288975583,139.70925323197125
20-Mar-26,11.12,140.01,140.1,140.01,140.02,139.71540663331834,139.62581057573786,,141.3817965702958,139.71540663331834
20-Mar-26,11.15,140.04,140.1,140.02,140.05,139.72203224453975,139.62581057573786,,141.3791356380874,139.72203224453975
20-Mar-26,11.18,140.06,140.22,140.06,140.15,139.73050685355875,139.62581057573786,,141.3766798226267,139.73050685355875
20-Mar-26,11.21,140.15,140.5,140.15,140.25,139.74079384655758,139.62581057573786,,141.37442871409,139.74079384655758
20-Mar-26,11.24,140.1,140.1,139.68,139.72,139.7403820872198,139.62581057573786,,141.37112316221368,139.7403820872198
20-Mar-26,11.27,139.75,139.82,139.71,139.71,139.7397804617303,139.62581057573786,,141.36780423481665,139.7397804617303
20-Mar-26,11.30,139.74,139.75,139.47,139.5,139.73503233377525,,140.40325666506237,141.3640723582236,139.73503233377525
20-Mar-26,11.33,139.5,139.55,139.46,139.55,139.73136832716585,,140.2459309985561,141.36044783802737,139.73136832716585
20-Mar-26,11.36,139.55,139.61,139.46,139.53,139.7273808355388,,140.2459309985561,141.35679059958974,139.7273808355388
20-Mar-26,11.39,139.56,139.56,139.14,139.21,139.71713567047863,,140.11665410883046,141.35250130768247,139.71713567047863
20-Mar-26,11.42,139.22,139.63,138.96,139.36,139.7100636770038,,140.11665410883046,141.3485202860887,139.7100636770038
20-Mar-26,11.45,139.35,139.59,139.35,139.59,139.70768617844928,,140.11665410883046,141.34500675904357,139.70768617844928
20-Mar-26,11.48,139.52,139.52,139.38,139.39,139.70139536303444,,140.11665410883046,141.3411006516329,139.70139536303444
20-Mar-26,11.51,139.39,139.39,139.39,139.39,139.69522911822187,,140.11665410883046,141.33720234863264,139.69522911822187
20-Mar-26,11.54,139.35,139.35,139.02,139.2,139.68542260102936,,139.9840956847233,141.33293221406993,139.68542260102936
20-Mar-26,11.57,139.2,139.26,139.14,139.24,139.67660235150402,,139.95518611625096,141.32875053132454,139.67660235150402
20-Mar-26,12.00,139.35,139.45,139.0,139.08,139.66478844355345,,139.95518611625096,141.32425752326995,139.66478844355345
20-Mar-26,12.03,139.08,139.08,138.94,139.05,139.65261441496824,,139.78520075416327,141.3197135521945,139.65261441496824
20-Mar-26,12.06,139.03,139.08,139.01,139.01,139.63988937704806,,139.76368067874697,141.3150987399024,139.63988937704806
20-Mar-26,12.09,139.02,139.14,139.02,139.14,139.62999057750255,,139.76368067874697,141.3107528882742,139.62999057750255
20-Mar-26,12.12,139.2,139.32,139.04,139.08,139.61909967497775,,139.76368067874697,141.30629583954638,139.61909967497775
20-Mar-26,12.15,139.03,139.08,139.02,139.03,139.60743433487917,,139.69910821480656,141.30174779591093,139.60743433487917
20-Mar-26,12.18,139.0,139.0,138.8,138.86,139.59263365498057,,139.5531973933259,141.29686917893608,139.59263365498057
20-Mar-26,12.21,138.86,138.86,138.75,138.78,139.5765418994364,,139.4258776539933,141.29184046928785,139.5765418994364
20-Mar-26,12.24,138.7,138.71,138.51,138.64,139.55799651528915,,139.249789888594,141.28654208673183,139.55799651528915
20-Mar-26,12.27,138.57,138.61,138.48,138.59,139.53882826746164,,139.16881089973458,141.28115439025484,139.53882826746164
20-Mar-26,12.30,138.59,138.6,138.45,138.45,139.5172673116703,,139.1314298097611,141.27549773812646,139.5172673116703
20-Mar-26,12.33,138.54,138.76,138.51,138.61,139.4993016223303,,139.1314298097611,141.27017206832002,139.4993016223303
20-Mar-26,12.36,138.62,138.72,138.61,138.65,139.48248376842278,,139.1314298097611,141.2649369592924,139.48248376842278
20-Mar-26,12.39,138.77,139.12,138.6,139.1,139.4749098324144,,139.1314298097611,141.2606114109222,139.4749098324144
20-Mar-26,12.42,139.16,139.32,139.16,139.25,139.4704561723666,138.54119440181574,,141.25659420530596,139.4704561723666
20-Mar-26,12.45,139.25,139.25,139.0,139.02,139.4615362481613,138.54119440181574,,141.25212548561504,139.4615362481613
20-Mar-26,12.48,139.0,139.0,138.63,138.77,139.447842461069,138.54119440181574,,141.2471661939355,139.447842461069
20-Mar-26,12.51,138.62,139.1,138.62,139.09,139.4407564717409,138.54119440181574,,141.24285617157,139.4407564717409
20-Mar-26,12.54,139.11,139.18,139.1,139.1,139.43400881883514,138.54119440181574,,141.23857474065778,139.43400881883514
20-Mar-26,12.57,139.15,139.19,139.05,139.12,139.42779082242257,138.54119440181574,,141.23434182409304,139.42779082242257
20-Mar-26,13.00,139.12,139.12,139.0,139.01,139.41951773683004,138.54119440181574,,141.22989758468427,139.41951773683004
20-Mar-26,13.03,139.05,139.2,139.04,139.2,139.41517085095222,138.54119440181574,,141.22584184525434,139.41517085095222
20-Mar-26,13.06,139.2,139.2,139.08,139.18,139.41051400241852,138.54119440181574,,141.22175424915991,139.41051400241852
20-Mar-26,13.09,139.05,139.55,139.05,139.51,139.4124840221726,138.56618168138553,,141.21833416075,139.4124840221726
20-Mar-26,13.12,139.53,139.53,139.4,139.44,139.41302889302068,138.76556351324697,,141.2147810455437,139.41302889302068
20-Mar-26,13.15,139.45,139.73,139.43,139.56,139.41593921197077,138.86050716192227,,141.21147478970846,139.41593921197077
20-Mar-26,13.18,139.56,139.56,139.0,139.16,139.41087110876342,138.86050716192227,,141.20737593897977,139.41087110876342
20-Mar-26,13.21,139.16,139.47,139.16,139.47,139.41204197789682,138.86050716192227,,141.2039046583824,139.41204197789682
20-Mar-26,13.24,139.42,139.42,139.09,139.36,139.41101144368105,138.86050716192227,,141.20022053319084,139.41101144368105
20-Mar-26,13.27,139.39,139.5,139.21,139.33,139.40940725667747,138.86050716192227,,141.19648382882883,139.40940725667747
20-Mar-26,13.30,139.45,139.49,138.8,139.0,139.40130018228783,138.86050716192227,,141.19209524975025,139.40130018228783
20-Mar-26,13.33,139.0,139.06,138.9,138.92,139.39176948560885,138.86050716192227,,141.1875555989016,139.39176948560885
20-Mar-26,13.36,138.97,139.31,138.97,139.2,139.38797207005223,138.86050716192227,,141.18358445884385,139.38797207005223
20-Mar-26,13.39,139.2,139.23,139.0,139.06,139.38147757361554,138.86050716192227,,141.17934153285216,139.38147757361554
20-Mar-26,13.42,139.06,139.13,139.0,139.06,139.3751116810687,138.86050716192227,,141.1751070842351,139.3751116810687
20-Mar-26,13.45,139.06,139.06,138.8,138.8,139.36372333094852,,139.56553253452927,141.17036161553528,139.36372333094852
20-Mar-26,13.48,138.81,138.9,138.8,138.87,139.35394663132578,,139.56553253452927,141.1657654884313,139.35394663132578
20-Mar-26,13.51,138.87,138.92,138.8,138.89,139.34475956931934,,139.56553253452927,141.16121850443844,139.34475956931934
20-Mar-26,13.54,138.89,138.9,138.83,138.9,139.3359524491348,,139.56553253452927,141.15670058534866,139.3359524491348
20-Mar-26,13.57,138.9,138.9,138.81,138.84,139.32613160855786,,139.51929915194998,141.15207181295037,139.32613160855786
20-Mar-26,14.00,138.84,138.9,138.75,138.9,139.31769335888345,,139.46786923675495,141.14757216896845,139.31769335888345
20-Mar-26,14.03,138.9,138.9,138.82,138.83,139.30803606464812,,139.46258231307948,141.14294165514434,139.30803606464812
20-Mar-26,14.06,138.83,138.83,138.38,138.38,139.2896591128729,,139.28232408177155,141.137421292197,139.2896591128729
20-Mar-26,14.09,138.33,138.42,138.2,138.42,139.27243814034077,,138.98559167359437,141.13199187902578,139.27243814034077
20-Mar-26,14.12,138.42,138.42,138.3,138.36,139.25437005835383,,138.98559167359437,141.12645343371304,139.25437005835383
20-Mar-26,14.15,138.36,138.36,138.2,138.24,139.23428352254484,,138.90762925561145,141.12068629398533,139.23428352254484
20-Mar-26,14.18,138.3,138.45,138.25,138.36,139.21697097754395,,138.90762925561145,141.11517043725408,139.21697097754395
20-Mar-26,14.21,138.38,138.47,138.2,138.2,139.19683293838466,,138.90762925561145,141.10934592089592,139.19683293838466
20-Mar-26,14.24,138.1,138.24,138.1,138.2,139.17709367227803,,138.79347172734077,141.10353304193308,139.17709367227803
20-Mar-26,14.27,138.2,140.38,138.2,140.27,139.19873538173786,138.07487544539333,,141.1018676412499,139.19873538173786
20-Mar-26,14.30,140.3,140.9,140.25,140.51,139.22470101774306,139.28638790085398,,141.10068508852012,139.22470101774306
20-Mar-26,14.33,140.48,140.48,139.87,140.2,139.24401386887686,139.28638790085398,,141.0988855179137,139.24401386887686
20-Mar-26,14.36,140.2,140.26,138.37,138.46,139.2284888417704,,141.09857580030825,141.0936130193764,139.2284888417704
20-Mar-26,14.39,138.38,138.38,137.2,137.42,139.1926771815373,,139.77321822027744,141.08627313322378,139.1926771815373
20-Mar-26,14.42,137.46,138.21,137.0,137.91,139.16727763338807,,139.7528963982497,141.0799269331574,139.16727763338807
20-Mar-26,14.45,137.9,137.96,137.75,137.95,139.14317312579624,,139.7528963982497,141.07367333289136,139.14317312579624
20-Mar-26,14.48,137.95,137.98,137.8,137.88,139.11815979657254,,139.74049608258224,141.06729236719127,139.11815979657254
20-Mar-26,14.51,137.88,137.88,137.15,137.3,139.08215663228398,,139.399446474324,141.05976530951455,139.08215663228398
20-Mar-26,14.54,137.4,139.0,137.25,138.78,139.0761733326348,,139.399446474324,141.0552103338712,139.0761733326348
20-Mar-26,14.57,138.7,138.87,138.18,138.33,139.06139762307768,,139.399446474324,141.04976535817914,139.06139762307768
20-Mar-26,15.00,138.33,138.34,137.81,138.03,139.0409739077692,,139.399446474324,141.04373186096,139.0409739077692
20-Mar-26,15.03,138.15,138.5,137.91,138.5,139.0302615531599,,139.399446474324,141.03864947961944,139.0302615531599
20-Mar-26,15.06,138.5,138.82,138.39,138.81,139.02589993824586,,139.399446474324,141.0341966335063,139.02589993824586
20-Mar-26,15.09,138.54,138.72,138.09,138.22,139.00994152362713,,139.399446474324,141.02857386300977,139.00994152362713
20-Mar-26,15.12,138.22,138.22,137.76,137.76,138.9851902063276,,139.399446474324,141.02204324590085,138.9851902063276
20-Mar-26,15.15,137.8,137.9,137.73,137.78,138.96132505372705,,139.399446474324,141.01556563701791,138.96132505372705
20-Mar-26,15.18,137.7,137.7,137.2,137.53,138.93298198335623,,139.26787266712694,141.008601469911,138.93298198335623
20-Mar-26,15.21,137.5,138.07,137.5,138.02,138.91490313220066,,139.26787266712694,141.00263023820287,138.91490313220066
20-Mar-26,15.24,137.7,138.44,137.7,138.44,138.90549910978086,,139.26787266712694,140.9975100978668,138.90549910978086
20-Mar-26,15.27,138.42,138.99,138.1,138.15,138.89053873136936,,139.26787266712694,140.99182076700194,138.89053873136936
23-Mar-26,09.15,136.05,136.39,135.0,135.45,138.82240925154025,,138.377485256902,140.9807481980369,138.82240925154025
23-Mar-26,09.18,135.49,135.49,134.16,134.75,138.741767484183,,137.6382367312118,140.96829915068818,138.741767484183
23-Mar-26,09.21,134.7,135.21,134.7,135.04,138.6684651577635,,137.6382367312118,140.95645439714036,138.6684651577635
23-Mar-26,09.24,135.0,135.0,134.55,134.91,138.59404010513455,,137.33842175228156,140.94437356917405,138.59404010513455
23-Mar-26,09.27,134.75,134.92,134.4,134.4,138.510989806023,,137.1230795770534,140.93129789770717,138.510989806023
23-Mar-26,09.30,134.27,134.78,134.15,134.78,138.43710881976511,,136.87077161934806,140.91900759221724,138.43710881976511
23-Mar-26,09.33,134.8,135.12,134.8,135.12,138.37142349660144,,136.87077161934806,140.90742116346155,138.37142349660144
23-Mar-26,09.36,135.06,135.26,135.0,135.26,138.3098111501341,,136.87077161934806,140.8961376046934,138.3098111501341
23-Mar-26,09.39,135.28,135.75,135.19,135.71,138.25832974122054,,136.87077161934806,140.8857756913973,138.25832974122054
23-Mar-26,09.42,135.77,135.77,135.16,135.4,138.20172915228548,,136.87077161934806,140.8748151006053,138.20172915228548
23-Mar-26,09.45,135.19,135.19,135.0,135.06,138.1395166938244,,136.87077161934806,140.86319708841629,138.1395166938244
23-Mar-26,09.48,135.06,135.06,134.22,134.47,138.06685299691696,,136.66063345515795,140.85042346786,138.06685299691696
23-Mar-26,09.51,134.39,134.45,134.23,134.34,137.99305392767107,,136.23057010964214,140.83741562876338,137.99305392767107
23-Mar-26,09.54,134.3,134.59,134.3,134.39,137.92170632514294,,136.23057010964214,140.82453367945516,137.92170632514294
23-Mar-26,09.57,134.27,134.55,134.22,134.34,137.85078144741732,,136.09366178881015,140.8115775682075,137.85078144741732
23-Mar-26,10.00,134.34,134.5,134.2,134.2,137.77848874548826,,135.97779560992913,140.79836762301628,137.77848874548826
23-Mar-26,10.03,134.2,134.36,134.2,134.3,137.70960778023107,,135.79301604893624,140.78538387152173,137.70960778023107
23-Mar-26,10.06,134.24,134.31,134.0,134.14,137.63892247765224,,135.60971444404262,140.77210638126894,137.63892247765224
23-Mar-26,10.09,134.0,134.11,133.55,134.0,137.56686460680766,,135.31624299963835,140.75857569918847,137.56686460680766
23-Mar-26,10.12,134.03,134.09,134.0,134.05,137.49722372350453,,135.31624299963835,140.74517195153774,137.49722372350453
23-Mar-26,10.15,134.0,134.02,133.55,133.62,137.4204470161084,,135.16315682970708,140.73093584374246,137.4204470161084
23-Mar-26,10.18,133.62,133.7,133.25,133.41,137.34103222371022,,134.85034114673635,140.71630859929942,137.34103222371022
23-Mar-26,10.21,133.27,133.4,133.25,133.37,137.2623979222506,,134.6108070320627,140.70163066004008,137.2623979222506
23-Mar-26,10.24,133.37,133.37,133.0,133.15,137.18096430002782,,134.45322632885646,140.68654248689316,137.18096430002782
23-Mar-26,10.27,133.1,133.14,132.34,132.37,137.08569768022528,,134.1244036959708,140.66992601838788,137.08569768022528
23-Mar-26,10.30,132.48,132.5,132.07,132.4,136.99291158754755,,133.6599633263737,140.6534026896798,136.99291158754755
23-Mar-26,10.33,132.5,132.5,132.05,132.09,136.8958242293783,,133.64746699373634,140.63629299399614,136.8958242293783
23-Mar-26,10.36,132.1,133.2,132.1,132.88,136.8163029575094,,133.64746699373634,140.62079590509703,136.8163029575094
23-Mar-26,10.39,132.88,132.88,132.32,132.57,136.73221775043,,133.64746699373634,140.60471039879317,136.73221775043
23-Mar-26,10.42,132.58,132.66,132.3,132.5,136.64841145834228,,133.64746699373634,140.58851717122317,136.64841145834228
23-Mar-26,10.45,132.15,132.82,132.15,132.5,136.56626469679094,,133.64746699373634,140.57235629775417,136.56626469679094
23-Mar-26,10.48,132.6,132.77,132.16,132.16,136.47901193051786,,133.64746699373634,140.55554839306336,136.47901193051786
23-Mar-26,10.51,132.3,132.5,132.21,132.48,136.3998235754581,,133.64746699373634,140.53941343123907,136.3998235754581
23-Mar-26,10.54,132.38,132.38,131.59,131.83,136.30933201950845,,133.64203668145643,140.52201200580205,136.30933201950845
23-Mar-26,10.57,131.83,132.02,131.7,131.95,136.22300861318155,,133.44733301331078,140.50488510868755,136.22300861318155
23-Mar-26,11.00,131.95,132.0,131.75,131.99,136.1391866604453,,133.3785997119797,140.48787235122762,136.1391866604453
23-Mar-26,11.03,131.99,131.99,131.81,131.81,136.05346019192163,,133.30723974078174,140.47053394493147,136.05346019192163
23-Mar-26,11.06,131.88,132.08,131.75,131.99,135.97299563366576,,133.2805157667036,140.45358982116537,135.97299563366576
23-Mar-26,11.09,131.94,131.99,131.5,131.58,135.88600562111793,,133.12096419003322,140.43586037097322,135.88600562111793
23-Mar-26,11.12,131.58,131.61,131.21,131.37,135.79657976723442,,132.76836777102992,140.4177467638384,135.79657976723442
23-Mar-26,11.15,131.37,131.37,131.21,131.35,135.70852868273474,,132.5605309939269,140.39962938768687,135.70852868273474
23-Mar-26,11.18,131.33,131.62,131.26,131.29,135.62103306525484,,132.5605309939269,140.38142832996922,135.62103306525484
23-Mar-26,11.21,131.56,131.56,131.21,131.37,135.53685419267552,,132.5605309939269,140.36342347816108,135.53685419267552
23-Mar-26,11.24,131.41,131.41,131.21,131.38,135.4545402482661,,132.47819709457272,140.34547458010283,135.4545402482661
23-Mar-26,11.27,131.38,131.46,131.3,131.38,135.3738562829539,,132.47819709457272,140.32756154397876,135.3738562829539
23-Mar-26,11.30,131.5,131.71,131.3,131.53,135.29774031695482,,132.47819709457272,140.30998399843634,135.29774031695482
23-Mar-26,11.33,131.5,131.57,131.3,131.46,135.22174545919333,,132.47819709457272,140.29230171272516,135.22174545919333
23-Mar-26,11.36,131.46,131.5,131.31,131.45,135.14705743029842,,132.43597611374915,140.2746347762362,135.14705743029842
23-Mar-26,11.39,131.4,131.62,131.4,131.58,135.07642262969844,,132.43597611374915,140.2572628785814,135.07642262969844
23-Mar-26,11.42,131.52,131.64,131.47,131.49,135.00540435980344,,132.43597611374915,140.23974586983297,135.00540435980344
23-Mar-26,11.45,131.33,131.43,131.3,131.36,134.93321813485684,,132.27294158692314,140.2220041198433,134.93321813485684
23-Mar-26,11.48,131.37,131.54,131.37,131.54,134.86602569654283,,132.27294158692314,140.2046574582652,134.86602569654283
23-Mar-26,11.51,131.6,131.72,131.55,131.69,134.8031340985915,,132.27294158692314,140.18764515565127,134.8031340985915
23-Mar-26,11.54,131.61,131.67,131.27,131.35,134.73475520555007,,132.27294158692314,140.16998752297263,134.73475520555007
23-Mar-26,11.57,131.45,131.5,131.31,131.39,134.66852242920254,,132.25420647518027,140.1524450903593,134.66852242920254
23-Mar-26,12.00,131.41,131.47,131.21,131.31,134.60201703456485,,132.18228582766224,140.13477786740154,134.60201703456485
23-Mar-26,12.03,131.31,131.31,131.21,131.25,134.53564045962298,,132.048057244896,140.11702606347066,134.53564045962298
23-Mar-26,12.06,131.21,131.28,131.0,131.1,134.467607975274,,131.9332515204064,140.09901002737982,134.467607975274
23-Mar-26,12.09,131.15,131.28,131.08,131.28,134.4044870252686,,131.9332515204064,140.08138962772472,134.4044870252686
23-Mar-26,12.12,131.26,131.34,131.2,131.2,134.34103183664942,,131.9332515204064,140.06364459350348,134.34103183664942
23-Mar-26,12.15,131.1,131.15,131.1,131.1,134.27685298839893,,131.81968035837627,140.04573521369628,134.27685298839893
23-Mar-26,12.18,131.1,131.22,131.1,131.1,134.21394500843064,,131.81968035837627,140.02786161686572,134.21394500843064
23-Mar-26,12.21,131.21,131.21,131.1,131.1,134.15228273103597,,131.78309109028478,140.01002373151735,134.15228273103597
23-Mar-26,12.24,131.1,131.11,131.0,131.04,134.09065337002536,,131.65328198125633,139.99210160617966,134.09065337002536
23-Mar-26,12.27,131.0,131.16,131.0,131.16,134.0326206300249,,131.65328198125633,139.97445504952395,134.0326206300249
23-Mar-26,12.30,131.17,131.5,131.17,131.45,133.9814796274501,,131.65328198125633,139.95742317130313,133.9814796274501
23-Mar-26,12.33,131.45,131.5,131.45,131.5,133.93234141700557,,131.65328198125633,139.94052522290892,133.93234141700557
23-Mar-26,12.36,131.5,131.5,131.28,131.32,133.88061188399553,,131.65328198125633,139.92330139628973,133.88061188399553
23-Mar-26,12.39,131.3,131.43,131.24,131.4,133.83149085658968,,131.65328198125633,139.90627182307037,133.83149085658968
23-Mar-26,12.42,131.35,131.39,131.25,131.35,133.78235242378594,,131.65328198125633,139.88917637487242,133.78235242378594
23-Mar-26,12.45,131.23,131.34,131.2,131.2,133.73121673222582,,131.65328198125633,139.87181538311444,133.73121673222582
23-Mar-26,12.48,131.27,131.36,131.2,131.21,133.68129164841935,,131.65328198125633,139.85450905867265,133.68129164841935
23-Mar-26,12.51,131.34,131.38,131.22,131.38,133.63572151676752,,131.65328198125633,139.83757697264133,133.63572151676752
23-Mar-26,12.54,131.42,131.42,131.2,131.25,133.5884795065345,,131.65328198125633,139.820418976692,133.5884795065345
23-Mar-26,12.57,131.28,131.29,131.2,131.28,133.54276704105857,,131.65328198125633,139.8033552025128,133.54276704105857
23-Mar-26,13.00,131.25,131.25,131.01,131.11,133.49459343628513,,131.65328198125633,139.78598586144884,133.49459343628513
23-Mar-26,13.03,131.13,131.13,131.0,131.12,133.44757178408148,,131.6071039362838,139.768671204383,133.44757178408148
23-Mar-26,13.06,131.2,131.2,131.1,131.1,133.40108521409965,,131.6071039362838,139.75135118199665,133.40108521409965
23-Mar-26,13.09,131.21,131.21,131.1,131.15,133.35650926926598,,131.6071039362838,139.73416566514948,133.35650926926598
23-Mar-26,13.12,131.1,131.15,130.5,130.55,133.30093482829042,,131.46919376955088,139.7158156838005,133.30093482829042
23-Mar-26,13.15,130.55,131.01,130.55,131.0,133.25537176238367,,131.46919376955088,139.69840146665007,133.25537176238367
23-Mar-26,13.18,131.1,131.1,130.58,130.58,133.2023941037226,,131.46919376955088,139.68018288230112,133.2023941037226
23-Mar-26,13.21,130.69,130.77,130.65,130.65,133.15185164622315,,131.46919376955088,139.66214055885996,133.15185164622315
23-Mar-26,13.24,130.81,130.82,130.7,130.74,133.1040922076841,,131.46919376955088,139.6443141041969,133.1040922076841
23-Mar-26,13.27,130.78,130.85,130.7,130.8,133.0584666194131,,131.46919376955088,139.62664314694575,133.0584666194131
23-Mar-26,13.30,130.94,130.94,130.71,130.92,133.01612074576136,,131.46919376955088,139.60924725654226,133.01612074576136
23-Mar-26,13.33,130.95,131.05,130.79,131.02,132.97659360228093,,131.46919376955088,139.59208592336236,132.97659360228093
23-Mar-26,13.36,131.03,131.5,131.02,131.3,132.94339372896843,,131.46919376955088,139.57551831911988,132.94339372896843
23-Mar-26,13.39,131.33,131.4,131.29,131.36,132.91203939770173,,131.46919376955088,139.55910369710367,132.91203939770173
23-Mar-26,13.42,131.36,131.51,131.35,131.4,132.88209802348982,,131.46919376955088,139.54280179161495,132.88209802348982
23-Mar-26,13.45,131.48,131.48,131.3,131.47,132.854135686391,130.70735524476885,,139.52667231750584,132.854135686391
23-Mar-26,13.48,131.47,131.56,131.38,131.42,132.8257369599278,130.7820577482628,,139.5104751700183,132.8257369599278
23-Mar-26,13.51,131.45,131.54,131.45,131.49,132.79928672309757,130.8398519734365,,139.49445024460368,132.79928672309757
23-Mar-26,13.54,131.5,131.8,131.38,131.62,132.775934510759,130.87436677609284,,139.4787170772818,132.775934510759
23-Mar-26,13.57,131.63,131.74,131.5,131.6,132.75264867886276,130.90393009848356,,139.46297538481969,132.75264867886276
23-Mar-26,14.00,131.6,132.0,131.51,132.0,132.73774474462786,130.9635370886352,,139.4480643450898,132.73774474462786
23-Mar-26,14.03,131.93,132.04,131.77,131.97,132.7225418783976,131.11168337977168,,139.43312315758712,132.7225418783976
23-Mar-26,14.06,131.95,131.95,131.4,131.44,132.69714500951844,131.11168337977168,,139.417152881548,132.69714500951844
23-Mar-26,14.09,131.33,131.33,130.9,131.15,132.66650847467648,131.11168337977168,,139.40063509357287,132.66650847467648
23-Mar-26,14.12,131.15,131.19,130.85,130.98,132.63311226725713,,131.98463781614643,139.38381064783147,132.63311226725713
23-Mar-26,14.15,130.98,131.04,130.76,130.98,132.6003773708758,,131.85217403453177,139.36701981736627,132.6003773708758
23-Mar-26,14.18,130.98,131.46,130.98,131.46,132.57779564075946,,131.85217403453177,139.35122157597294,132.57779564075946
23-Mar-26,14.21,131.46,131.46,131.23,131.23,132.55110661817017,,131.85217403453177,139.33499535903792,132.55110661817017
23-Mar-26,14.24,131.23,131.31,130.72,130.86,132.51761935840443,,131.85217403453177,139.3180623013775,132.51761935840443
23-Mar-26,14.27,130.76,130.89,130.76,130.8,132.48360709388157,,131.8088873840563,139.30104319588025,132.48360709388157
23-Mar-26,14.30,130.9,130.9,130.11,130.4,132.44234754746807,,131.6274986456507,139.28325889379056,132.44234754746807
23-Mar-26,14.33,130.32,130.33,130.0,130.33,132.40051888316177,,131.29524878108563,139.26537026463214,132.40051888316177
23-Mar-26,14.36,130.39,130.6,130.3,130.47,132.36229078646548,,131.29524878108563,139.24779709727025,132.36229078646548
23-Mar-26,14.39,130.48,130.55,130.3,130.35,132.32244344415923,,131.29524878108563,139.2300192808921,132.32244344415923
23-Mar-26,14.42,130.35,130.72,130.15,130.24,132.2812069403145,,131.29524878108563,139.2120572044068,132.2812069403145
23-Mar-26,14.45,130.33,130.44,130.08,130.32,132.24237115931817,,131.29524878108563,139.19429085634604,132.24237115931817
23-Mar-26,14.48,130.31,130.35,130.15,130.31,132.2041063838861,,131.29524878108563,139.17654002546422,132.2041063838861
23-Mar-26,14.51,130.3,130.63,130.29,130.52,132.17075774262105,,131.29524878108563,139.15924424119757,132.17075774262105
23-Mar-26,14.54,130.43,130.47,130.0,130.06,132.12896055959885,,131.29524878108563,139.14106393302336,132.12896055959885
23-Mar-26,14.57,130.01,130.31,130.0,130.22,132.09115936039888,,131.25603242539984,139.12323962946087,132.09115936039888
23-Mar-26,15.00,130.25,130.7,130.15,130.43,132.0582651156385,,131.25603242539984,139.1058705193121,132.0582651156385
23-Mar-26,15.03,130.49,130.56,130.0,130.56,132.02859649948724,,131.25603242539984,139.08879585293985,132.02859649948724
23-Mar-26,15.06,130.6,130.61,130.34,130.56,131.9995153806855,,131.25603242539984,139.07175530178512,131.9995153806855
23-Mar-26,15.09,130.61,130.91,130.5,130.7,131.97378240285013,,131.25603242539984,139.05502851796535,131.97378240285013
23-Mar-26,15.12,130.75,130.75,130.5,130.62,131.94697483051647,,131.25603242539984,139.03817531413327,131.94697483051647
23-Mar-26,15.15,130.65,130.72,130.5,130.66,131.92149018040723,,131.25603242539984,139.02143570311603,131.92149018040723
23-Mar-26,15.18,130.68,130.71,130.5,130.6,131.89532205802294,,131.25603242539984,139.00460965775517,131.89532205802294
23-Mar-26,15.21,130.58,130.58,130.5,130.5,131.8676919182601,,131.25603242539984,138.98761743066677,131.8676919182601
23-Mar-26,15.24,130.54,130.54,130.03,130.15,131.83367821690842,,131.25603242539984,138.9699598533827,131.83367821690842
23-Mar-26,15.27,130.15,130.2,129.0,129.48,131.78707072746468,,130.87977478245293,138.9509988946347,131.78707072746468
24-Mar-26,09.15,134.65,134.87,133.42,133.9,131.82891091107925,131.37620269579236,,138.9409069887513,131.82891091107925
24-Mar-26,09.18,134.35,135.05,133.4,133.57,131.86338792274103,131.37620269579236,,138.9301759058567,131.86338792274103
24-Mar-26,09.21,133.18,133.56,132.52,132.86,131.88312281536005,131.37620269579236,,138.91804768226856,131.88312281536005
24-Mar-26,09.24,132.77,133.34,132.77,133.2,131.90919959129351,131.37620269579236,,138.9066230115747,131.90919959129351
24-Mar-26,09.27,133.23,133.99,133.23,133.72,131.94505702512927,131.37620269579236,,138.8962601284347,131.94505702512927
24-Mar-26,09.30,133.73,133.73,133.25,133.5,131.97584797512673,131.37620269579236,,138.88547838991636,131.97584797512673
24-Mar-26,09.33,133.44,133.62,133.3,133.56,132.0072173221539,131.37620269579236,,138.874838073453,132.0072173221539
24-Mar-26,09.36,133.57,133.8,133.57,133.8,132.04271796923996,131.37620269579236,,138.8646985368427,132.04271796923996
24-Mar-26,09.39,133.71,133.71,133.31,133.38,132.06919880153222,131.37620269579236,,138.85374009820765,132.06919880153222
24-Mar-26,09.42,133.39,133.39,132.39,132.73,132.0822839737791,131.37620269579236,,138.8415048532562,132.0822839737791
24-Mar-26,09.45,132.62,132.66,132.25,132.32,132.0869912218231,131.37620269579236,,138.82847487352942,132.0869912218231
24-Mar-26,09.48,132.25,132.27,132.08,132.23,132.0898230788167,131.37620269579236,,138.81529110754835,132.0898230788167
24-Mar-26,09.51,132.15,132.22,132.07,132.08,132.08962856240447,131.37620269579236,,138.80183398245833,132.08962856240447
24-Mar-26,09.54,132.05,132.58,132.02,132.55,132.09874482849548,131.37620269579236,,138.7893428056702,132.09874482849548
24-Mar-26,09.57,132.5,132.5,132.2,132.29,132.1025320596144,131.37620269579236,,138.77635710575876,132.1025320596144
24-Mar-26,10.00,132.22,132.26,132.03,132.03,132.1010957812062,131.37620269579236,,138.76287787078223,132.1010957812062
24-Mar-26,10.03,132.09,132.09,131.32,131.41,132.08741071623183,131.37620269579236,,138.74818680610534,132.08741071623183
24-Mar-26,10.06,131.5,131.8,131.26,131.6,132.0777590188807,131.37620269579236,,138.73390471458464,132.0777590188807
24-Mar-26,10.09,131.59,131.61,131.31,131.59,132.0681004244474,131.37620269579236,,138.71963117869137,132.0681004244474
24-Mar-26,10.12,131.59,131.73,131.51,131.63,132.05942516851775,131.37620269579236,,138.70546608143124,132.05942516851775
24-Mar-26,10.15,131.63,131.63,131.52,131.61,132.05052566023028,131.37620269579236,,138.6912893260238,132.05052566023028
24-Mar-26,10.18,131.61,131.61,131.05,131.08,132.03130733032472,,132.7982402078945,138.676081954743,132.03130733032472
24-Mar-26,10.21,131.13,131.13,130.81,130.99,132.01068738318958,,132.38741618710506,138.66072514764062,132.01068738318958
24-Mar-26,10.24,130.99,131.05,130.84,130.85,131.98770347461158,,132.28367456839456,138.6451193031898,131.98770347461158
24-Mar-26,10.27,130.72,130.8,130.21,130.44,131.9570558810549,,131.9018071115551,138.6287254584282,131.9570558810549
24-Mar-26,10.30,130.46,130.46,130.0,130.4,131.92622309133105,,131.6251264003996,138.61228444852125,131.92622309133105
24-Mar-26,10.33,130.45,130.45,130.08,130.08,131.8896642182354,,131.6251264003996,138.59523692714558,131.8896642182354
24-Mar-26,10.36,130.09,130.31,130.09,130.25,131.8571956198545,,131.49895238432364,138.57856312709134,131.8571956198545
24-Mar-26,10.39,130.17,130.2,130.02,130.17,131.82378580559995,,131.3480571458913,138.5617628011631,131.82378580559995
24-Mar-26,10.42,130.19,130.45,130.14,130.17,131.79103757182568,,131.3480571458913,138.5449960423196,131.79103757182568
24-Mar-26,10.45,130.17,130.22,130.0,130.22,131.75992791693804,,131.26252628817196,138.52836268359368,131.75992791693804
24-Mar-26,10.48,130.16,130.63,130.1,130.4,131.7329986512561,,131.26252628817196,138.51212219871138,131.7329986512561
24-Mar-26,10.51,130.3,130.3,130.1,130.22,131.7030382819243,,131.26252628817196,138.49555452199067,131.7030382819243
24-Mar-26,10.54,130.2,130.25,130.06,130.21,131.67347316743076,,131.26198166407735,138.47899996750118,131.67347316743076
24-Mar-26,10.57,130.25,130.25,130.06,130.14,131.6431073621351,,131.2082834976696,138.46233862890475,131.6431073621351
24-Mar-26,11.00,130.14,130.2,130.08,130.12,131.61294682031067,,131.12395514790262,138.44567061965623,131.61294682031067
24-Mar-26,11.03,130.12,130.12,130.0,130.0,131.5810072793144,,130.9815596331124,138.42879615288368,131.5810072793144
24-Mar-26,11.06,130.02,130.05,129.8,129.86,131.5469279272488,,130.82940366980117,138.41167568104976,131.5469279272488
24-Mar-26,11.09,129.86,130.06,129.81,129.95,131.51530559205574,,130.82396330282103,138.3947692361326,131.51530559205574
24-Mar-26,11.12,129.96,130.07,129.95,129.96,131.48450746152,,130.82396330282103,138.3779165503461,131.48450746152
24-Mar-26,11.15,129.96,129.96,129.65,129.8,131.45115087812357,,130.65046027528504,138.3607778559398,131.45115087812357
24-Mar-26,11.18,129.8,131.08,129.79,130.94,131.44102907855677,129.60632543160543,,138.3459511269569,131.44102907855677
24-Mar-26,11.21,130.88,130.99,130.26,130.26,131.4176423641299,129.60632543160543,,138.3297953804495,131.4176423641299
24-Mar-26,11.24,130.38,130.49,130.22,130.35,131.39650093117683,129.60632543160543,,138.31385173333572,131.39650093117683
24-Mar-26,11.27,130.48,130.75,130.48,130.63,131.3813226949159,129.60632543160543,,138.29849938222017,131.3813226949159
24-Mar-26,11.30,130.69,130.69,130.22,130.35,131.3609004633334,129.60632543160543,,138.2826182645734,131.3609004633334
24-Mar-26,11.33,130.37,130.51,130.3,130.3,131.3398925333664,129.60632543160543,,138.26666897733148,131.3398925333664
24-Mar-26,11.36,130.35,130.49,130.22,130.23,131.31791446339875,129.60632543160543,,138.2506116966575,131.31791446339875
24-Mar-26,11.39,130.29,130.38,130.2,130.3,131.29775774135126,129.60632543160543,,138.23472635860224,131.29775774135126
24-Mar-26,11.42,130.3,130.3,130.1,130.14,131.2748318454829,129.60632543160543,,138.21855307916448,131.2748318454829
24-Mar-26,11.45,130.14,130.16,129.9,130.13,131.2521619079486,129.60632543160543,,138.20239213395138,131.2521619079486
24-Mar-26,11.48,130.13,130.13,129.86,129.95,131.22637652363278,129.60632543160543,,138.18590383797945,131.22637652363278
24-Mar-26,11.51,129.99,130.15,129.99,130.03,131.20268589940244,129.60632543160543,,138.16960832581566,131.20268589940244
24-Mar-26,11.54,130.12,131.14,130.0,131.14,131.20144459446377,129.60632543160543,,138.1555631543355,131.20144459446377
24-Mar-26,11.57,130.99,131.74,130.82,131.74,131.21210905793973,129.93186367431397,,138.14274484633484,131.21210905793973
24-Mar-26,12.00,131.83,131.86,131.39,131.5,131.21780986867358,130.27067730688253,,138.12947262885965,131.21780986867358
24-Mar-26,12.03,131.55,131.88,131.45,131.45,131.22240769305628,130.31710957619427,,138.11612702920158,131.22240769305628
24-Mar-26,12.06,131.45,131.9,131.28,131.9,131.23582536250072,130.31710957619427,,138.1037071949774,131.23582536250072
24-Mar-26,12.09,132.1,132.24,131.91,131.99,131.25075951373833,130.71380875671736,,138.09149199578664,131.25075951373833
24-Mar-26,12.12,131.91,132.11,131.91,132.1,131.26757615703065,130.7249278810456,,138.07952098280805,131.26757615703065
24-Mar-26,12.15,132.1,132.24,132.01,132.24,131.2868320747132,130.89943509294105,,138.06785360821704,131.2868320747132
24-Mar-26,12.18,132.13,132.34,132.09,132.16,131.30412252867927,131.03699158364694,,138.05604970490393,131.30412252867927
24-Mar-26,12.21,132.09,132.84,132.09,132.81,131.33394188454702,131.17979242528224,,138.04556808711192,131.33394188454702
24-Mar-26,12.24,132.89,134.58,132.85,134.58,131.39822026307084,132.02731318275403,,138.03864387514966,131.39822026307084
24-Mar-26,12.27,134.4,134.59,133.77,134.0,131.44974065390113,132.41508186447862,,138.0305746566179,131.44974065390113
24-Mar-26,12.30,134.08,134.8,134.06,134.7,131.514102225111,132.60157367803075,,138.02392016179948,131.514102225111
24-Mar-26,12.33,134.7,136.85,134.7,136.85,131.61976356718802,133.48441631022766,,138.0215746669707,131.61976356718802
24-Mar-26,12.36,136.57,137.0,135.67,136.85,131.7233326054615,133.8744746792049,,138.0192338584453,131.7233326054615
24-Mar-26,12.39,136.9,139.41,136.7,139.2,131.87138542515535,135.02752721128442,,138.02159303155528,131.87138542515535
24-Mar-26,12.42,139.16,139.7,138.82,138.88,132.010169872182,136.27127449015595,,138.02330813039333,132.010169872182
24-Mar-26,12.45,138.7,139.5,138.59,139.21,132.15274076580215,136.27127449015595,,138.02567914311982,132.15274076580215
24-Mar-26,12.48,139.33,139.38,137.8,138.0,132.26852807737043,136.27127449015595,,138.02562783614056,132.26852807737043
24-Mar-26,12.51,138.0,139.5,137.96,139.4,132.40974534316507,136.27127449015595,,138.02837383446996,132.40974534316507
24-Mar-26,12.54,139.4,139.72,138.91,139.01,132.54044345518162,136.27127449015595,,138.03033512551,132.54044345518162
24-Mar-26,12.57,139.07,139.07,138.66,138.92,132.66677130755426,136.27127449015595,,138.03211267770678,132.66677130755426
24-Mar-26,13.00,138.92,138.92,138.51,138.6,132.7842609846324,136.27127449015595,,138.03324731771136,132.7842609846324
24-Mar-26,13.03,138.5,138.51,137.98,138.09,132.88932512355058,136.27127449015595,,138.03336070968396,132.88932512355058
24-Mar-26,13.06,138.01,139.28,138.0,139.13,133.0129028438763,136.27127449015595,,138.0355517971771,133.0129028438763
24-Mar-26,13.09,139.16,139.46,139.04,139.38,133.13898397568073,136.56623411055946,,138.03823800737257,133.13898397568073
24-Mar-26,13.12,139.21,139.29,138.67,138.67,133.24850904546923,136.56623411055946,,138.0395002690961,133.24850904546923
24-Mar-26,13.15,138.71,139.0,138.63,138.9,133.36041975744013,136.56623411055946,,138.0412195492777,133.36041975744013
24-Mar-26,13.18,138.97,139.2,138.81,139.2,133.47605500976803,136.65910466659784,,138.0435347949335,133.47605500976803
24-Mar-26,13.21,139.2,139.28,139.01,139.25,133.59039055412907,136.95269419993804,,138.04594531482374,133.59039055412907
24-Mar-26,13.24,139.15,139.3,139.0,139.3,133.70345212731465,137.08692477994424,,138.04845091859033,133.70345212731465
24-Mar-26,13.27,139.23,139.29,139.03,139.15,133.81130456043712,137.22223230194982,,138.0506518158559,133.81130456043712
24-Mar-26,13.30,139.15,139.26,139.08,139.17,133.91741734141857,137.37200907175486,,138.05288827576427,133.91741734141857
24-Mar-26,13.33,139.15,139.18,138.21,138.34,134.0049932356479,137.37200907175486,,138.05346192556294,134.0049932356479
24-Mar-26,13.36,138.37,138.37,137.85,137.85,134.08113198345686,137.37200907175486,,138.05305540822914,134.08113198345686
24-Mar-26,13.39,137.85,138.12,137.65,138.12,134.16110956794287,137.37200907175486,,138.0531891636573,134.16110956794287
24-Mar-26,13.42,137.99,138.22,137.86,138.02,134.2375232398648,137.37200907175486,,138.05312285164197,134.2375232398648
24-Mar-26,13.45,138.17,138.82,138.08,138.3,134.31796832422393,137.37200907175486,,138.05361611267764,134.31796832422393
24-Mar-26,13.48,138.28,138.3,138.0,138.01,134.39107786235812,137.37200907175486,,138.05352896759737,134.39107786235812
24-Mar-26,13.51,138.52,138.92,138.43,138.85,134.4793733502322,137.37200907175486,,138.05512031831145,134.4793733502322
24-Mar-26,13.54,138.79,139.07,138.75,138.9,134.56691051161374,137.37200907175486,,138.05680838960353,134.56691051161374
24-Mar-26,13.57,138.9,139.38,138.9,139.11,134.6568726797006,137.43023109985168,,138.0589126685454,134.6568726797006
24-Mar-26,14.00,139.16,139.54,139.01,139.01,134.74307322069663,137.5772079898665,,138.06081294293392,134.74307322069663
24-Mar-26,14.03,139.1,139.1,138.74,138.81,134.8236064242472,137.5772079898665,,138.0623098201708,134.8236064242472
24-Mar-26,14.06,138.74,139.17,138.74,139.07,134.90769342574723,137.5772079898665,,138.06432318716347,134.90769342574723
24-Mar-26,14.09,139.16,139.39,138.85,139.39,134.99645197177207,137.5772079898665,,138.0669718920842,134.99645197177207
24-Mar-26,14.12,139.25,139.5,139.12,139.29,135.0814727248063,137.75305666215144,,138.06941550468744,135.0814727248063
24-Mar-26,14.15,139.25,139.3,139.21,139.25,135.1640178193646,137.8267509959363,,138.0717743148679,135.1640178193646
24-Mar-26,14.18,139.25,139.3,139.07,139.11,135.2421560803673,137.83057589634268,,138.07384869186117,135.2421560803673
24-Mar-26,14.21,139.1,139.15,138.9,138.93,135.31518269263725,137.83057589634268,,138.07555928388544,135.31518269263725
24-Mar-26,14.24,138.9,139.12,138.85,138.85,135.38517907496126,137.83057589634268,,138.07710661798356,135.38517907496126
24-Mar-26,14.27,138.9,138.9,138.6,138.6,135.44883889525906,137.83057589634268,,138.07815136000556,135.44883889525906
24-Mar-26,14.30,138.6,138.7,138.6,138.7,135.5132183230757,137.83057589634268,,138.07939381483072,135.5132183230757
24-Mar-26,14.33,138.7,138.7,138.42,138.45,135.57137241568807,137.83057589634268,,138.08013428672916,135.57137241568807
24-Mar-26,14.36,138.45,138.52,138.08,138.19,135.6232264272586,137.83057589634268,,138.08035379864378,135.6232264272586
24-Mar-26,14.39,138.19,138.3,138.0,138.19,135.67405362671883,137.83057589634268,,138.08057287197315,135.67405362671883
24-Mar-26,14.42,138.25,138.43,138.09,138.12,135.72248820836796,137.83057589634268,,138.08065164745375,135.72248820836796
24-Mar-26,14.45,138.13,138.24,138.0,138.03,135.76818151117257,137.83057589634268,,138.08055044536093,135.76818151117257
24-Mar-26,14.48,138.03,138.13,137.8,138.13,135.81495019411966,137.83057589634268,,138.0806492456699,135.81495019411966
24-Mar-26,14.51,138.13,138.14,137.8,137.9,135.8562383090876,137.83057589634268,,138.0802883081161,135.8562383090876
24-Mar-26,14.54,137.9,138.47,137.9,138.28,135.90423359009574,137.83057589634268,,138.08068733247552,135.90423359009574
24-Mar-26,14.57,138.23,138.72,138.23,138.54,135.95642698435128,137.83057589634268,,138.08160504010294,135.95642698435128
24-Mar-26,15.00,138.59,138.59,138.0,138.13,135.9994680341661,137.83057589634268,,138.0817017333295,135.9994680341661
24-Mar-26,15.03,138.5,138.5,138.13,138.29,136.0448251027965,137.83057589634268,,138.0821179136825,136.0448251027965
24-Mar-26,15.06,138.29,138.87,138.27,138.6,136.0954226255134,137.83057589634268,,138.08315264312571,136.0954226255134
24-Mar-26,15.09,138.6,138.73,138.52,138.6,136.1450182170874,137.83057589634268,,138.0841853051774,136.1450182170874
24-Mar-26,15.12,138.65,138.74,138.54,138.6,136.19363171773912,137.83057589634268,,138.08521590396828,136.19363171773912
24-Mar-26,15.15,138.58,138.67,138.41,138.5,136.2393023767938,137.83057589634268,,138.08604464342088,136.2393023767938
24-Mar-26,15.18,138.45,138.53,138.29,138.29,136.27991025052066,137.83057589634268,,138.08645214663082,136.27991025052066
24-Mar-26,15.21,138.29,138.52,138.29,138.39,136.32169420595588,137.83057589634268,,138.08705863584834,136.32169420595588
24-Mar-26,15.24,138.34,138.71,138.06,138.7,136.36878937019438,137.83057589634268,,138.08828329391858,136.36878937019438
24-Mar-26,15.27,138.69,139.1,138.64,139.1,136.4228727490024,137.83057589634268,,138.09030470591875,136.4228727490024
25-Mar-26,09.15,144.93,149.0,143.05,148.04,136.65291487278455,142.02597736800269,,138.11018421699583,136.65291487278455
25-Mar-26,09.18,148.2,148.99,146.81,148.24,136.88236210302645,143.6468796312024,,138.13042360916967,136.88236210302645
25-Mar-26,09.21,148.27,151.5,148.27,150.4,137.15003810098634,145.07919166808216,,138.1549382473132,137.15003810098634
25-Mar-26,09.24,150.37,152.36,150.15,152.36,137.45122546532323,146.26677250127395,,138.1833199890768,137.45122546532323
25-Mar-26,09.27,152.36,152.36,152.36,152.36,137.74644872343563,147.87059525114657,,138.21164502406367,137.74644872343563
25-Mar-26,09.30,152.36,152.36,152.36,152.36,138.0358259764369,148.31953572603192,,138.23991346557403,138.0358259764369
25-Mar-26,09.33,152.36,152.36,152.36,152.36,138.3194729868045,148.72358215342874,,138.2681254266818,138.3194729868045
25-Mar-26,09.36,152.36,152.36,152.36,152.36,138.59750322468955,149.08722393808586,,138.2962810202349,138.59750322468955
25-Mar-26,09.39,152.36,154.45,151.44,154.11,138.90468137865608,149.09650154427726,,138.3278768623523,138.90468137865608
25-Mar-26,09.42,154.06,154.49,152.77,154.15,139.20656887610843,149.65035138984953,,138.35948949599396,139.20656887610843
25-Mar-26,09.45,154.01,154.9,153.7,153.95,139.4985180072746,150.3583162508646,,138.39063936713083,139.4985180072746
