Symbol,Date,Time,Open,High,Low,Close,EMA,Signal,Qty,TimeChart,TimeEpoch,SignalKey
AMBER,28-Dec-22,11.12,1938.4,1938.4,1936.7,1936.7,1942.7150104369705,SELL,100,2022-12-28 11:12,1672206120,28-Dec-22|11.12|1938.4|1936.7
AMBER,04-Jan-23,15.27,1865.0,1872.85,1865.0,1870.1,1865.601108394716,BUY,100,2023-01-04 15:27,1672826220,04-Jan-23|15.27|1865.0|1870.1
AMBER,06-Jan-23,13.00,1903.2,1903.3,1900.85,1900.85,1905.02257928974,SELL,100,2023-01-06 13:00,1672990200,06-Jan-23|13.00|1903.2|1900.85
AMBER,06-Jan-23,14.48,1907.95,1910.0,1906.1,1910.0,1903.8063932343928,BUY,100,2023-01-06 14:48,1672996680,06-Jan-23|14.48|1907.95|1910.0
AMBER,09-Jan-23,11.51,1897.65,1899.25,1896.05,1896.3,1904.5010675445733,SELL,100,2023-01-09 11:51,1673245260,09-Jan-23|11.51|1897.65|1896.3
AMBER,10-Jan-23,13.48,1885.05,1885.05,1885.05,1885.05,1890.3309652040773,BUY,100,2023-01-10 13:48,1673338680,10-Jan-23|13.48|1885.05|1885.05
AMBER,10-Jan-23,14.36,1883.4,1885.35,1880.2,1880.2,1890.7330479662592,SELL,100,2023-01-10 14:36,1673341560,10-Jan-23|14.36|1883.4|1880.2
AMBER,12-Jan-23,09.24,1890.0,1893.1,1889.6,1892.95,1888.9542611787613,BUY,100,2023-01-12 09:24,1673495640,12-Jan-23|09.24|1890.0|1892.95
AMBER,12-Jan-23,10.39,1888.25,1890.0,1885.0,1885.0,1889.638961070897,SELL,100,2023-01-12 10:39,1673500140,12-Jan-23|10.39|1888.25|1885.0
AMBER,13-Jan-23,12.15,1872.2,1889.9,1872.2,1885.15,1876.742220369018,BUY,100,2023-01-13 12:15,1673592300,13-Jan-23|12.15|1872.2|1885.15
AMBER,13-Jan-23,12.54,1876.1,1876.1,1873.0,1873.0,1876.9419478138136,SELL,100,2023-01-13 12:54,1673594640,13-Jan-23|12.54|1876.1|1873.0
AMBER,19-Jan-23,11.42,1857.95,1863.75,1857.95,1862.85,1860.6320078585188,BUY,100,2023-01-19 11:42,1674108720,19-Jan-23|11.42|1857.95|1862.85
AMBER,19-Jan-23,13.03,1858.25,1859.05,1857.0,1857.0,1862.09217280484,SELL,100,2023-01-19 13:03,1674113580,19-Jan-23|13.03|1858.25|1857.0
AMBER,19-Jan-23,14.45,1859.25,1862.2,1859.25,1862.2,1859.78850796654,BUY,100,2023-01-19 14:45,1674119700,19-Jan-23|14.45|1859.25|1862.2
AMBER,25-Jan-23,15.09,2019.1,2019.1,2004.5,2005.95,2018.8111564451256,SELL,100,2023-01-25 15:09,1674639540,25-Jan-23|15.09|2019.1|2005.95
AMBER,01-Feb-23,09.18,1918.05,1920.9,1915.1,1920.9,1915.438578139456,BUY,100,2023-02-01 09:18,1675223280,01-Feb-23|09.18|1918.05|1920.9
AMBER,01-Feb-23,09.51,1912.7,1912.85,1908.8,1908.8,1915.3004195847168,SELL,100,2023-02-01 09:51,1675225260,01-Feb-23|09.51|1912.7|1908.8
AMBER,02-Feb-23,09.24,1903.95,1916.25,1899.85,1916.25,1904.1642084590185,BUY,100,2023-02-02 09:24,1675310040,02-Feb-23|09.24|1903.95|1916.25
AMBER,02-Feb-23,10.21,1901.0,1901.0,1891.6,1894.8,1906.3054328428195,SELL,100,2023-02-02 10:21,1675313460,02-Feb-23|10.21|1901.0|1894.8
AMBER,06-Feb-23,09.21,1914.15,1920.25,1910.45,1917.75,1898.798924589704,BUY,100,2023-02-06 09:21,1675655460,06-Feb-23|09.21|1914.15|1917.75
AMBER,06-Feb-23,13.42,1903.2,1903.75,1902.0,1902.0,1904.1082122290045,SELL,100,2023-02-06 13:42,1675671120,06-Feb-23|13.42|1903.2|1902.0
AMBER,10-Feb-23,09.24,1892.5,1895.95,1892.5,1895.95,1890.566032729168,BUY,100,2023-02-10 09:24,1676001240,10-Feb-23|09.24|1892.5|1895.95
AMBER,13-Feb-23,10.54,1910.0,1910.0,1899.0,1899.0,1909.104604475596,SELL,100,2023-02-13 10:54,1676265840,13-Feb-23|10.54|1910.0|1899.0
AMBER,14-Feb-23,12.30,1892.2,1898.0,1892.2,1898.0,1893.8789607658368,BUY,100,2023-02-14 12:30,1676358000,14-Feb-23|12.30|1892.2|1898.0
AMBER,14-Feb-23,14.18,1887.0,1887.0,1884.95,1884.95,1893.3251346513512,SELL,100,2023-02-14 14:18,1676364480,14-Feb-23|14.18|1887.0|1884.95
AMBER,16-Feb-23,09.18,1866.3,1869.85,1863.5,1869.85,1866.450892526016,BUY,100,2023-02-16 09:18,1676519280,16-Feb-23|09.18|1866.3|1869.85
AMBER,17-Feb-23,10.48,1871.1,1871.1,1864.0,1864.0,1871.4451748739064,SELL,100,2023-02-17 10:48,1676611080,17-Feb-23|10.48|1871.1|1864.0
AMBER,17-Feb-23,15.18,1868.5,1872.0,1867.5,1871.0,1867.7275138619927,BUY,100,2023-02-17 15:18,1676627280,17-Feb-23|15.18|1868.5|1871.0
AMBER,20-Feb-23,09.21,1868.05,1870.0,1860.85,1862.35,1868.0157088491787,SELL,100,2023-02-20 09:21,1676865060,20-Feb-23|09.21|1868.05|1862.35
AMBER,21-Feb-23,09.24,1862.9,1866.6,1862.65,1866.05,1861.5343769529643,BUY,100,2023-02-21 09:24,1676951640,21-Feb-23|09.24|1862.9|1866.05
AMBER,22-Feb-23,15.21,1895.25,1897.85,1889.0,1892.0,1895.293104354168,SELL,100,2023-02-22 15:21,1677059460,22-Feb-23|15.21|1895.25|1892.0
AMBER,23-Feb-23,11.06,1896.05,1899.8,1896.05,1899.45,1894.713736136236,BUY,100,2023-02-23 11:06,1677130560,23-Feb-23|11.06|1896.05|1899.45
AMBER,23-Feb-23,14.27,1895.15,1896.4,1892.4,1893.4,1896.565034072048,SELL,100,2023-02-23 14:27,1677142620,23-Feb-23|14.27|1895.15|1893.4
AMBER,24-Feb-23,10.30,1895.9,1900.0,1895.1,1900.0,1894.2154895884617,BUY,100,2023-02-24 10:30,1677214800,24-Feb-23|10.30|1895.9|1900.0
AMBER,24-Feb-23,14.12,1895.25,1895.25,1892.1,1892.1,1897.311329034724,SELL,100,2023-02-24 14:12,1677228120,24-Feb-23|14.12|1895.25|1892.1
AMBER,28-Feb-23,10.06,1872.75,1875.95,1872.1,1875.95,1873.0874135569468,BUY,100,2023-02-28 10:06,1677558960,28-Feb-23|10.06|1872.75|1875.95
AMBER,08-Mar-23,14.03,2027.75,2027.95,2026.2,2026.3,2035.258224020504,SELL,100,2023-03-08 14:03,1678264380,08-Mar-23|14.03|2027.75|2026.3
AMBER,10-Mar-23,11.24,2013.85,2021.95,2013.5,2021.0,2015.009110479662,BUY,100,2023-03-10 11:24,1678427640,10-Mar-23|11.24|2013.85|2021.0
AMBER,10-Mar-23,12.36,2009.95,2010.35,2008.3,2008.3,2014.9673120764287,SELL,100,2023-03-10 12:36,1678431960,10-Mar-23|12.36|2009.95|2008.3
AMBER,13-Mar-23,12.42,2000.5,2019.0,2000.5,2012.65,1997.7981308546928,BUY,100,2023-03-13 12:42,1678691520,13-Mar-23|12.42|2000.5|2012.65
AMBER,13-Mar-23,13.36,1986.65,1988.0,1982.05,1982.05,1998.3834047493724,SELL,100,2023-03-13 13:36,1678694760,13-Mar-23|13.36|1986.65|1982.05
AMBER,20-Mar-23,09.45,1919.05,1924.0,1919.0,1923.6,1920.418396128355,BUY,100,2023-03-20 09:45,1679285700,20-Mar-23|09.45|1919.05|1923.6
AMBER,20-Mar-23,11.15,1920.95,1920.95,1911.15,1911.15,1921.250491168052,SELL,100,2023-03-20 11:15,1679291100,20-Mar-23|11.15|1920.95|1911.15
AMBER,22-Mar-23,10.15,1881.25,1889.0,1881.25,1887.5,1883.9927803295204,BUY,100,2023-03-22 10:15,1679460300,22-Mar-23|10.15|1881.25|1887.5
AMBER,23-Mar-23,13.48,1899.0,1900.05,1890.05,1890.85,1900.6925763396043,SELL,100,2023-03-23 13:48,1679559480,23-Mar-23|13.48|1899.0|1890.85
AMBER,29-Mar-23,09.24,1800.0,1813.9,1800.0,1813.9,1799.036893776012,BUY,100,2023-03-29 09:24,1680062040,29-Mar-23|09.24|1800.0|1813.9
AMBER,31-Mar-23,10.30,1811.2,1811.2,1810.05,1810.05,1814.4308895436327,SELL,100,2023-03-31 10:30,1680238800,31-Mar-23|10.30|1811.2|1810.05
AMBER,31-Mar-23,14.36,1800.4,1811.9,1800.4,1810.75,1805.303035927388,BUY,100,2023-03-31 14:36,1680253560,31-Mar-23|14.36|1800.4|1810.75
AMBER,05-Apr-23,09.24,1833.65,1833.65,1823.0,1825.0,1833.142630473062,SELL,100,2023-04-05 09:24,1680666840,05-Apr-23|09.24|1833.65|1825.0
AMBER,05-Apr-23,12.48,1837.95,1851.3,1837.3,1850.6,1832.686579476988,BUY,100,2023-04-05 12:48,1680679080,05-Apr-23|12.48|1837.95|1850.6
AMBER,11-Apr-23,12.57,1886.95,1887.0,1881.55,1882.0,1885.219276737069,SELL,100,2023-04-11 12:57,1681198020,11-Apr-23|12.57|1886.95|1882.0
AMBER,19-Apr-23,09.27,1857.7,1864.6,1857.7,1862.05,1857.199709286251,BUY,100,2023-04-19 09:27,1681876620,19-Apr-23|09.27|1857.7|1862.05
AMBER,19-Apr-23,13.54,1851.0,1851.25,1849.0,1849.45,1856.4156691674173,SELL,100,2023-04-19 13:54,1681892640,19-Apr-23|13.54|1851.0|1849.45
AMBER,20-Apr-23,10.12,1850.25,1855.0,1850.0,1854.5,1850.2794650259448,BUY,100,2023-04-20 10:12,1681965720,20-Apr-23|10.12|1850.25|1854.5
AMBER,20-Apr-23,15.06,1860.0,1860.55,1850.1,1853.75,1856.9824594317336,SELL,100,2023-04-20 15:06,1681983360,20-Apr-23|15.06|1860.0|1853.75
AMBER,21-Apr-23,10.15,1859.9,1864.0,1859.05,1862.6,1856.6244208469984,BUY,100,2023-04-21 10:15,1682052300,21-Apr-23|10.15|1859.9|1862.6
AMBER,21-Apr-23,11.45,1858.0,1859.6,1855.1,1855.45,1858.6422065692527,SELL,100,2023-04-21 11:45,1682057700,21-Apr-23|11.45|1858.0|1855.45
AMBER,24-Apr-23,09.33,1847.6,1866.3,1847.6,1866.3,1851.814581753929,BUY,100,2023-04-24 09:33,1682308980,24-Apr-23|09.33|1847.6|1866.3
AMBER,24-Apr-23,11.18,1855.0,1858.55,1851.0,1851.1,1856.1292664158573,SELL,100,2023-04-24 11:18,1682315280,24-Apr-23|11.18|1855.0|1851.1
AMBER,24-Apr-23,12.00,1850.0,1866.0,1850.0,1865.0,1855.0606418219213,BUY,100,2023-04-24 12:00,1682317800,24-Apr-23|12.00|1850.0|1865.0
AMBER,24-Apr-23,14.33,1855.55,1855.55,1853.0,1853.0,1856.61281005002,SELL,100,2023-04-24 14:33,1682326980,24-Apr-23|14.33|1855.55|1853.0
AMBER,28-Apr-23,12.45,1827.25,1840.0,1827.25,1838.25,1830.794612145381,BUY,100,2023-04-28 12:45,1682666100,28-Apr-23|12.45|1827.25|1838.25
AMBER,03-May-23,09.45,1875.0,1875.0,1869.6,1869.6,1875.032973605664,SELL,100,2023-05-03 09:45,1683087300,03-May-23|09.45|1875.0|1869.6
AMBER,04-May-23,11.42,1853.25,1863.15,1853.0,1860.0,1853.526421279707,BUY,100,2023-05-04 11:42,1683180720,04-May-23|11.42|1853.25|1860.0
AMBER,05-May-23,11.45,1860.25,1860.45,1857.55,1857.55,1861.1838053714769,SELL,100,2023-05-05 11:45,1683267300,05-May-23|11.45|1860.25|1857.55
AMBER,10-May-23,11.18,1829.9,1832.9,1828.5,1832.25,1829.394058072921,BUY,100,2023-05-10 11:18,1683697680,10-May-23|11.18|1829.9|1832.25
AMBER,10-May-23,11.57,1824.75,1824.75,1822.0,1823.4,1829.2374597585,SELL,100,2023-05-10 11:57,1683700020,10-May-23|11.57|1824.75|1823.4
AMBER,15-May-23,09.27,1820.05,1825.55,1820.0,1823.7,1819.7736327591945,BUY,100,2023-05-15 09:27,1684123020,15-May-23|09.27|1820.05|1823.7
AMBER,16-May-23,15.06,1900.0,1900.0,1881.15,1883.95,1899.458465712834,SELL,100,2023-05-16 15:06,1684229760,16-May-23|15.06|1900.0|1883.95
AMBER,17-May-23,13.06,2097.15,2125.8,2094.25,2125.0,2000.1696125270173,BUY,100,2023-05-17 13:06,1684308960,17-May-23|13.06|2097.15|2125.0
AMBER,19-May-23,10.00,2106.0,2108.25,2095.3,2097.25,2109.2080478982693,SELL,100,2023-05-19 10:00,1684470600,19-May-23|10.00|2106.0|2097.25
AMBER,22-May-23,12.12,2090.95,2093.8,2088.45,2093.2,2089.610589429178,BUY,100,2023-05-22 12:12,1684737720,22-May-23|12.12|2090.95|2093.2
AMBER,22-May-23,14.12,2090.45,2091.15,2085.0,2085.05,2091.219695351504,SELL,100,2023-05-22 14:12,1684744920,22-May-23|14.12|2090.45|2085.05
AMBER,24-May-23,11.18,2073.0,2083.75,2073.0,2078.0,2062.014816789095,BUY,100,2023-05-24 11:18,1684907280,24-May-23|11.18|2073.0|2078.0
AMBER,26-May-23,14.18,2137.05,2137.95,2132.5,2133.6,2136.829101068447,SELL,100,2023-05-26 14:18,1685090880,26-May-23|14.18|2137.05|2133.6
AMBER,29-May-23,09.24,2134.9,2145.0,2133.35,2143.2,2134.9864363138,BUY,100,2023-05-29 09:24,1685332440,29-May-23|09.24|2134.9|2143.2
AMBER,29-May-23,10.06,2135.35,2135.35,2130.0,2130.25,2135.662096799022,SELL,100,2023-05-29 10:06,1685334960,29-May-23|10.06|2135.35|2130.25
AMBER,30-May-23,09.27,2148.0,2161.05,2147.85,2160.95,2133.754419248746,BUY,100,2023-05-30 09:27,1685419020,30-May-23|09.27|2148.0|2160.95
AMBER,30-May-23,12.33,2144.0,2144.3,2135.0,2136.2,2142.0720849959275,SELL,100,2023-05-30 12:33,1685430180,30-May-23|12.33|2144.0|2136.2
AMBER,01-Jun-23,09.18,2138.6,2148.0,2136.5,2148.0,2132.695490653268,BUY,100,2023-06-01 09:18,1685591280,01-Jun-23|09.18|2138.6|2148.0
AMBER,01-Jun-23,14.24,2148.35,2148.35,2142.75,2145.1,2147.599086950919,SELL,100,2023-06-01 14:24,1685609640,01-Jun-23|14.24|2148.35|2145.1
AMBER,02-Jun-23,09.18,2157.45,2177.0,2157.0,2173.25,2147.7227682807493,BUY,100,2023-06-02 09:18,1685677680,02-Jun-23|09.18|2157.45|2173.25
AMBER,02-Jun-23,14.09,2183.0,2183.0,2171.7,2175.0,2180.788057546597,SELL,100,2023-06-02 14:09,1685695140,02-Jun-23|14.09|2183.0|2175.0
AMBER,02-Jun-23,15.09,2180.7,2193.0,2178.45,2193.0,2179.428495692236,BUY,100,2023-06-02 15:09,1685698740,02-Jun-23|15.09|2180.7|2193.0
AMBER,05-Jun-23,10.18,2180.0,2180.75,2175.05,2178.0,2182.361198096364,SELL,100,2023-06-05 10:18,1685940480,05-Jun-23|10.18|2180.0|2178.0
AMBER,05-Jun-23,13.15,2181.55,2184.55,2181.55,2183.95,2180.305031932497,BUY,100,2023-06-05 13:15,1685951100,05-Jun-23|13.15|2181.55|2183.95
AMBER,06-Jun-23,10.30,2187.9,2188.0,2185.0,2185.0,2186.713285240496,SELL,100,2023-06-06 10:30,1686027600,06-Jun-23|10.30|2187.9|2185.0
AMBER,09-Jun-23,11.36,2093.05,2099.95,2093.0,2099.95,2094.254082973868,BUY,100,2023-06-09 11:36,1686290760,09-Jun-23|11.36|2093.05|2099.95
AMBER,09-Jun-23,13.18,2096.7,2098.55,2093.05,2093.05,2096.800605287344,SELL,100,2023-06-09 13:18,1686296880,09-Jun-23|13.18|2096.7|2093.05
AMBER,12-Jun-23,13.42,2093.35,2099.45,2093.15,2099.45,2091.5395981366373,BUY,100,2023-06-12 13:42,1686557520,12-Jun-23|13.42|2093.35|2099.45
AMBER,16-Jun-23,14.33,2137.1,2138.75,2135.0,2135.55,2138.219651675611,SELL,100,2023-06-16 14:33,1686906180,16-Jun-23|14.33|2137.1|2135.55
AMBER,19-Jun-23,09.54,2133.05,2139.5,2131.6,2139.5,2136.304369066736,BUY,100,2023-06-19 09:54,1687148640,19-Jun-23|09.54|2133.05|2139.5
AMBER,19-Jun-23,10.36,2135.5,2136.9,2133.6,2133.6,2136.819567864525,SELL,100,2023-06-19 10:36,1687151160,19-Jun-23|10.36|2135.5|2133.6
AMBER,20-Jun-23,09.18,2169.9,2215.95,2169.7,2187.7,2125.940393017745,BUY,100,2023-06-20 09:18,1687232880,20-Jun-23|09.18|2169.9|2187.7
AMBER,23-Jun-23,09.18,2325.05,2330.0,2321.6,2330.0,2340.680433428634,SELL,100,2023-06-23 09:18,1687492080,23-Jun-23|09.18|2325.05|2330.0
AMBER,27-Jun-23,09.51,2258.65,2275.0,2255.05,2273.9,2256.8121586440834,BUY,100,2023-06-27 09:51,1687839660,27-Jun-23|09.51|2258.65|2273.9
AMBER,27-Jun-23,14.45,2293.5,2293.5,2285.65,2286.4,2295.878589526973,SELL,100,2023-06-27 14:45,1687857300,27-Jun-23|14.45|2293.5|2286.4
AMBER,30-Jun-23,10.42,2245.85,2255.55,2245.25,2253.0,2247.502310442353,BUY,100,2023-06-30 10:42,1688101920,30-Jun-23|10.42|2245.85|2253.0
AMBER,30-Jun-23,14.30,2251.95,2252.0,2245.05,2248.5,2256.3260199225674,SELL,100,2023-06-30 14:30,1688115600,30-Jun-23|14.30|2251.95|2248.5
AMBER,30-Jun-23,15.06,2255.95,2265.05,2254.95,2263.9,2255.2525613368985,BUY,100,2023-06-30 15:06,1688117760,30-Jun-23|15.06|2255.95|2263.9
AMBER,03-Jul-23,12.36,2258.5,2258.8,2256.05,2257.2,2260.427523068841,SELL,100,2023-07-03 12:36,1688367960,03-Jul-23|12.36|2258.5|2257.2
AMBER,03-Jul-23,14.00,2258.5,2268.0,2258.5,2266.75,2257.9490800058616,BUY,100,2023-07-03 14:00,1688373000,03-Jul-23|14.00|2258.5|2266.75
AMBER,04-Jul-23,09.54,2264.5,2265.45,2253.0,2254.9,2260.2119176039773,SELL,100,2023-07-04 09:54,1688444640,04-Jul-23|09.54|2264.5|2254.9
AMBER,06-Jul-23,10.18,2244.5,2250.9,2244.5,2250.9,2231.2988911071816,BUY,100,2023-07-06 10:18,1688618880,06-Jul-23|10.18|2244.5|2250.9
AMBER,07-Jul-23,09.39,2261.6,2261.6,2251.1,2251.5,2259.416842644925,SELL,100,2023-07-07 09:39,1688702940,07-Jul-23|09.39|2261.6|2251.5
AMBER,11-Jul-23,09.57,2215.05,2222.0,2209.9,2221.0,2216.9494145921267,BUY,100,2023-07-11 09:57,1689049620,11-Jul-23|09.57|2215.05|2221.0
AMBER,11-Jul-23,10.57,2219.1,2219.1,2207.7,2207.7,2218.049870152088,SELL,100,2023-07-11 10:57,1689053220,11-Jul-23|10.57|2219.1|2207.7
AMBER,11-Jul-23,14.57,2215.0,2241.0,2215.0,2232.0,2215.519323501037,BUY,100,2023-07-11 14:57,1689067620,11-Jul-23|14.57|2215.0|2232.0
AMBER,13-Jul-23,09.51,2222.0,2222.4,2219.65,2219.65,2225.4325433290146,SELL,100,2023-07-13 09:51,1689222060,13-Jul-23|09.51|2222.0|2219.65
AMBER,14-Jul-23,10.27,2211.95,2214.0,2211.95,2214.0,2208.5709485189323,BUY,100,2023-07-14 10:27,1689310620,14-Jul-23|10.27|2211.95|2214.0
AMBER,14-Jul-23,12.03,2207.85,2208.0,2200.05,2201.55,2209.4855813244585,SELL,100,2023-07-14 12:03,1689316380,14-Jul-23|12.03|2207.85|2201.55
AMBER,14-Jul-23,15.00,2210.2,2219.5,2210.2,2218.55,2208.363641056821,BUY,100,2023-07-14 15:00,1689327000,14-Jul-23|15.00|2210.2|2218.55
AMBER,17-Jul-23,10.45,2216.0,2216.0,2208.5,2208.5,2211.9435337814143,SELL,100,2023-07-17 10:45,1689570900,17-Jul-23|10.45|2216.0|2208.5
AMBER,17-Jul-23,14.09,2220.0,2227.3,2220.0,2224.95,2213.655187742116,BUY,100,2023-07-17 14:09,1689583140,17-Jul-23|14.09|2220.0|2224.95
AMBER,18-Jul-23,11.42,2220.25,2220.25,2216.05,2216.2,2219.146086893367,SELL,100,2023-07-18 11:42,1689660720,18-Jul-23|11.42|2220.25|2216.2
AMBER,20-Jul-23,11.57,2200.75,2203.6,2199.0,2203.6,2198.250803449548,BUY,100,2023-07-20 11:57,1689834420,20-Jul-23|11.57|2200.75|2203.6
AMBER,21-Jul-23,09.30,2190.05,2191.75,2188.4,2188.4,2198.081930130344,SELL,100,2023-07-21 09:30,1689912000,21-Jul-23|09.30|2190.05|2188.4
AMBER,21-Jul-23,11.27,2196.5,2204.0,2196.45,2203.0,2195.931516208521,BUY,100,2023-07-21 11:27,1689919020,21-Jul-23|11.27|2196.5|2203.0
AMBER,25-Jul-23,14.45,2261.65,2265.6,2233.25,2235.05,2263.717766103132,SELL,100,2023-07-25 14:45,1690276500,25-Jul-23|14.45|2261.65|2235.05
AMBER,26-Jul-23,10.39,2260.0,2273.8,2260.0,2271.55,2255.1735344762174,BUY,100,2023-07-26 10:39,1690348140,26-Jul-23|10.39|2260.0|2271.55
AMBER,28-Jul-23,14.00,2436.3,2436.3,2427.0,2427.0,2437.281317447595,SELL,100,2023-07-28 14:00,1690533000,28-Jul-23|14.00|2436.3|2427.0
AMBER,31-Jul-23,09.18,2415.0,2454.25,2415.0,2452.95,2436.5879496522543,BUY,100,2023-07-31 09:18,1690775280,31-Jul-23|09.18|2415.0|2452.95
AMBER,31-Jul-23,10.21,2441.5,2442.7,2428.25,2428.25,2440.2693217472806,SELL,100,2023-07-31 10:21,1690779060,31-Jul-23|10.21|2441.5|2428.25
AMBER,31-Jul-23,13.57,2426.6,2437.0,2425.25,2437.0,2427.01885376576,BUY,100,2023-07-31 13:57,1690792020,31-Jul-23|13.57|2426.6|2437.0
AMBER,31-Jul-23,15.24,2427.05,2427.15,2418.65,2420.0,2428.3340277125044,SELL,100,2023-07-31 15:24,1690797240,31-Jul-23|15.24|2427.05|2420.0
AMBER,01-Aug-23,12.45,2419.0,2426.0,2418.85,2425.0,2419.632699126616,BUY,100,2023-08-01 12:45,1690874100,01-Aug-23|12.45|2419.0|2425.0
AMBER,02-Aug-23,10.24,2430.35,2430.35,2418.35,2420.15,2424.835976796267,SELL,100,2023-08-02 10:24,1690952040,02-Aug-23|10.24|2430.35|2420.15
AMBER,03-Aug-23,10.15,2387.75,2421.0,2387.35,2408.25,2396.235399852332,BUY,100,2023-08-03 10:15,1691037900,03-Aug-23|10.15|2387.75|2408.25
AMBER,03-Aug-23,15.15,2411.65,2411.65,2400.05,2403.45,2411.4150148004137,SELL,100,2023-08-03 15:15,1691055900,03-Aug-23|15.15|2411.65|2403.45
AMBER,04-Aug-23,09.18,2484.95,2514.7,2472.35,2507.65,2412.917439314779,BUY,100,2023-08-04 09:18,1691120880,04-Aug-23|09.18|2484.95|2507.65
AMBER,04-Aug-23,14.18,2483.7,2483.7,2475.0,2475.15,2486.1781818983886,SELL,100,2023-08-04 14:18,1691138880,04-Aug-23|14.18|2483.7|2475.15
AMBER,07-Aug-23,12.51,2475.0,2488.0,2473.85,2487.1,2476.642021722841,BUY,100,2023-08-07 12:51,1691392860,07-Aug-23|12.51|2475.0|2487.1
AMBER,09-Aug-23,09.33,2532.95,2534.95,2526.2,2526.75,2534.028892094938,SELL,100,2023-08-09 09:33,1691553780,09-Aug-23|09.33|2532.95|2526.75
AMBER,10-Aug-23,10.15,2518.45,2531.25,2515.55,2529.8,2517.066476554502,BUY,100,2023-08-10 10:15,1691642700,10-Aug-23|10.15|2518.45|2529.8
AMBER,10-Aug-23,13.24,2515.05,2515.9,2508.0,2510.0,2521.27220199704,SELL,100,2023-08-10 13:24,1691654040,10-Aug-23|13.24|2515.05|2510.0
AMBER,14-Aug-23,09.18,2506.8,2531.1,2505.35,2518.35,2484.5269183714927,BUY,100,2023-08-14 09:18,1691984880,14-Aug-23|09.18|2506.8|2518.35
AMBER,22-Aug-23,10.51,2863.75,2863.75,2849.15,2853.25,2862.6275243841565,SELL,100,2023-08-22 10:51,1692681660,22-Aug-23|10.51|2863.75|2853.25
AMBER,23-Aug-23,09.45,2863.0,2889.9,2861.45,2885.05,2858.083551398639,BUY,100,2023-08-23 09:45,1692764100,23-Aug-23|09.45|2863.0|2885.05
AMBER,23-Aug-23,10.54,2858.65,2858.65,2851.2,2854.15,2860.850669137257,SELL,100,2023-08-23 10:54,1692768240,23-Aug-23|10.54|2858.65|2854.15
AMBER,23-Aug-23,15.24,2856.0,2868.3,2855.0,2868.3,2855.6489937290207,BUY,100,2023-08-23 15:24,1692784440,23-Aug-23|15.24|2856.0|2868.3
AMBER,24-Aug-23,12.15,2890.0,2890.05,2830.05,2849.0,2886.0601757314416,SELL,100,2023-08-24 12:15,1692859500,24-Aug-23|12.15|2890.0|2849.0
AMBER,28-Aug-23,10.06,2824.15,2837.95,2824.15,2837.8,2818.807030513436,BUY,100,2023-08-28 10:06,1693197360,28-Aug-23|10.06|2824.15|2837.8
AMBER,30-Aug-23,10.42,2912.6,2914.7,2909.0,2909.7,2914.424628447363,SELL,100,2023-08-30 10:42,1693372320,30-Aug-23|10.42|2912.6|2909.7
AMBER,01-Sep-23,13.33,2962.0,2985.05,2958.0,2980.0,2958.829220504727,BUY,100,2023-09-01 13:33,1693555380,01-Sep-23|13.33|2962.0|2980.0
AMBER,05-Sep-23,14.18,3028.65,3029.1,3024.1,3024.2,3028.491949723807,SELL,100,2023-09-05 14:18,1693903680,05-Sep-23|14.18|3028.65|3024.2
AMBER,06-Sep-23,09.45,3031.55,3036.6,3031.55,3035.0,3025.926429529291,BUY,100,2023-09-06 09:45,1693973700,06-Sep-23|09.45|3031.55|3035.0
AMBER,06-Sep-23,12.30,3033.9,3033.9,3026.6,3026.6,3034.959911313002,SELL,100,2023-09-06 12:30,1693983600,06-Sep-23|12.30|3033.9|3026.6
AMBER,07-Sep-23,14.30,3047.0,3053.0,3046.1,3053.0,3039.100706596545,BUY,100,2023-09-07 14:30,1694077200,07-Sep-23|14.30|3047.0|3053.0
AMBER,08-Sep-23,09.24,3043.0,3043.0,3032.0,3034.0,3040.358818908968,SELL,100,2023-09-08 09:24,1694145240,08-Sep-23|09.24|3043.0|3034.0
AMBER,08-Sep-23,14.27,3033.8,3040.0,3032.9,3039.8,3033.0424062185216,BUY,100,2023-09-08 14:27,1694163420,08-Sep-23|14.27|3033.8|3039.8
AMBER,11-Sep-23,11.12,3037.55,3040.0,3025.75,3030.0,3036.353847442555,SELL,100,2023-09-11 11:12,1694410920,11-Sep-23|11.12|3037.55|3030.0
AMBER,15-Sep-23,09.21,2917.9,2938.0,2916.55,2934.6,2877.967676498669,BUY,100,2023-09-15 09:21,1694749860,15-Sep-23|09.21|2917.9|2934.6
AMBER,18-Sep-23,14.00,2972.75,2972.75,2965.0,2967.0,2969.548554306717,SELL,100,2023-09-18 14:00,1695025800,18-Sep-23|14.00|2972.75|2967.0
AMBER,20-Sep-23,10.15,2966.4,2985.5,2965.2,2980.0,2965.558431183802,BUY,100,2023-09-20 10:15,1695185100,20-Sep-23|10.15|2966.4|2980.0
AMBER,20-Sep-23,13.03,2973.0,2973.0,2956.8,2964.75,2969.94400291424,SELL,100,2023-09-20 13:03,1695195180,20-Sep-23|13.03|2973.0|2964.75
AMBER,22-Sep-23,13.54,2957.4,2968.9,2956.35,2965.55,2943.679870795226,BUY,100,2023-09-22 13:54,1695371040,22-Sep-23|13.54|2957.4|2965.55
AMBER,28-Sep-23,10.27,3033.0,3033.0,3027.0,3028.8,3034.0711696634485,SELL,100,2023-09-28 10:27,1695877020,28-Sep-23|10.27|3033.0|3028.8
AMBER,29-Sep-23,11.18,2999.9,3020.95,2995.15,3014.0,3006.645373379511,BUY,100,2023-09-29 11:18,1695966480,29-Sep-23|11.18|2999.9|3014.0
AMBER,29-Sep-23,14.21,3005.2,3005.2,2992.45,2992.45,3008.4762172420574,SELL,100,2023-09-29 14:21,1695977460,29-Sep-23|14.21|3005.2|2992.45
AMBER,05-Oct-23,09.18,2937.7,2952.85,2937.7,2947.45,2905.4577966020083,BUY,100,2023-10-05 09:18,1696477680,05-Oct-23|09.18|2937.7|2947.45
AMBER,05-Oct-23,15.21,2937.0,2939.35,2931.5,2932.9,2938.152518719889,SELL,100,2023-10-05 15:21,1696499460,05-Oct-23|15.21|2937.0|2932.9
AMBER,10-Oct-23,15.27,2840.0,2850.0,2839.05,2850.0,2842.984901573572,BUY,100,2023-10-10 15:27,1696931820,10-Oct-23|15.27|2840.0|2850.0
AMBER,13-Oct-23,15.15,2977.95,2982.5,2972.1,2974.1,2978.6709877081457,SELL,100,2023-10-13 15:15,1697190300,13-Oct-23|15.15|2977.95|2974.1
AMBER,17-Oct-23,09.18,2990.0,2999.0,2983.3,2997.4,2949.2984576937897,BUY,100,2023-10-17 09:18,1697514480,17-Oct-23|09.18|2990.0|2997.4
AMBER,17-Oct-23,14.42,2960.15,2960.15,2955.25,2955.25,2963.8625198175337,SELL,100,2023-10-17 14:42,1697533920,17-Oct-23|14.42|2960.15|2955.25
AMBER,18-Oct-23,09.21,2986.35,3024.9,2980.3,3022.8,2964.419686642398,BUY,100,2023-10-18 09:21,1697601060,18-Oct-23|09.21|2986.35|3022.8
AMBER,18-Oct-23,11.12,2981.3,2981.3,2958.45,2964.6,2971.140348874752,SELL,100,2023-10-18 11:12,1697607720,18-Oct-23|11.12|2981.3|2964.6
AMBER,18-Oct-23,14.27,2965.0,2974.0,2965.0,2972.75,2964.717759056163,BUY,100,2023-10-18 14:27,1697619420,18-Oct-23|14.27|2965.0|2972.75
AMBER,19-Oct-23,13.45,2969.7,2969.7,2959.6,2960.0,2970.3532256147405,SELL,100,2023-10-19 13:45,1697703300,19-Oct-23|13.45|2969.7|2960.0
AMBER,20-Oct-23,09.18,2995.9,3015.0,2990.65,3002.9,2968.606896747694,BUY,100,2023-10-20 09:18,1697773680,20-Oct-23|09.18|2995.9|3002.9
AMBER,23-Oct-23,09.18,2819.6,2824.15,2760.1,2782.2,3020.475611017209,SELL,100,2023-10-23 09:18,1698032880,23-Oct-23|09.18|2819.6|2782.2
AMBER,25-Oct-23,09.24,2869.5,2901.0,2864.55,2892.25,2872.4059273665302,BUY,100,2023-10-25 09:24,1698206040,25-Oct-23|09.24|2869.5|2892.25
AMBER,26-Oct-23,09.30,2940.0,2940.0,2926.0,2926.05,2931.317201434545,SELL,100,2023-10-26 09:30,1698292800,26-Oct-23|09.30|2940.0|2926.05
AMBER,26-Oct-23,14.51,2923.1,2944.95,2919.55,2937.15,2919.8464981633424,BUY,100,2023-10-26 14:51,1698312060,26-Oct-23|14.51|2923.1|2937.15
AMBER,27-Oct-23,10.21,2921.8,2924.45,2914.05,2916.1,2926.6176587858845,SELL,100,2023-10-27 10:21,1698382260,27-Oct-23|10.21|2921.8|2916.1
AMBER,30-Oct-23,09.18,2889.4,2932.0,2885.8,2932.0,2909.029656867239,BUY,100,2023-10-30 09:18,1698637680,30-Oct-23|09.18|2889.4|2932.0
AMBER,31-Oct-23,15.00,2985.0,2985.0,2959.0,2959.0,2974.3414029760584,SELL,100,2023-10-31 15:00,1698744600,31-Oct-23|15.00|2985.0|2959.0
AMBER,01-Nov-23,12.15,2955.8,2964.85,2955.8,2959.95,2949.315522710372,BUY,100,2023-11-01 12:15,1698821100,01-Nov-23|12.15|2955.8|2959.95
AMBER,01-Nov-23,13.27,2945.0,2945.0,2936.75,2937.0,2950.1260777644297,SELL,100,2023-11-01 13:27,1698825420,01-Nov-23|13.27|2945.0|2937.0
AMBER,02-Nov-23,09.27,2947.55,2955.4,2945.0,2955.4,2947.26112024262,BUY,100,2023-11-02 09:27,1698897420,02-Nov-23|09.27|2947.55|2955.4
AMBER,02-Nov-23,09.51,2940.0,2940.65,2937.65,2937.65,2947.262439167396,SELL,100,2023-11-02 09:51,1698898860,02-Nov-23|09.51|2940.0|2937.65
AMBER,03-Nov-23,10.12,2940.05,2945.9,2940.05,2945.9,2932.1614522136792,BUY,100,2023-11-03 10:12,1698986520,03-Nov-23|10.12|2940.05|2945.9
AMBER,08-Nov-23,14.24,3379.0,3379.0,3372.0,3372.05,3379.030245274116,SELL,100,2023-11-08 14:24,1699433640,08-Nov-23|14.24|3379.0|3372.05
AMBER,13-Nov-23,12.21,3102.8,3112.0,3102.8,3112.0,3105.584309601679,BUY,100,2023-11-13 12:21,1699858260,13-Nov-23|12.21|3102.8|3112.0
AMBER,13-Nov-23,15.06,3111.05,3111.05,3085.3,3093.4,3107.978346241825,SELL,100,2023-11-13 15:06,1699868160,13-Nov-23|15.06|3111.05|3093.4
AMBER,15-Nov-23,11.45,3103.55,3114.95,3102.5,3111.0,3104.961502840832,BUY,100,2023-11-15 11:45,1700028900,15-Nov-23|11.45|3103.55|3111.0
AMBER,17-Nov-23,13.54,3218.95,3218.95,3205.0,3211.25,3217.556201816443,SELL,100,2023-11-17 13:54,1700209440,17-Nov-23|13.54|3218.95|3211.25
AMBER,17-Nov-23,14.30,3220.15,3237.95,3220.15,3233.0,3218.1403119871434,BUY,100,2023-11-17 14:30,1700211600,17-Nov-23|14.30|3220.15|3233.0
AMBER,17-Nov-23,15.27,3207.05,3210.0,3200.0,3200.0,3218.788661837762,SELL,100,2023-11-17 15:27,1700215020,17-Nov-23|15.27|3207.05|3200.0
AMBER,20-Nov-23,09.27,3229.0,3262.0,3229.0,3247.35,3218.931563413403,BUY,100,2023-11-20 09:27,1700452620,20-Nov-23|09.27|3229.0|3247.35
AMBER,21-Nov-23,10.15,3316.15,3324.55,3295.7,3298.35,3330.877508151132,SELL,100,2023-11-21 10:15,1700541900,21-Nov-23|10.15|3316.15|3298.35
AMBER,22-Nov-23,09.42,3317.95,3327.05,3314.8,3326.8,3303.9167718496933,BUY,100,2023-11-22 09:42,1700626320,22-Nov-23|09.42|3317.95|3326.8
AMBER,22-Nov-23,10.21,3300.8,3300.8,3281.0,3281.0,3303.861400275244,SELL,100,2023-11-22 10:21,1700628660,22-Nov-23|10.21|3300.8|3281.0
AMBER,23-Nov-23,09.27,3282.25,3299.1,3276.85,3291.6,3277.89509087004,BUY,100,2023-11-23 09:27,1700711820,23-Nov-23|09.27|3282.25|3291.6
AMBER,23-Nov-23,10.36,3274.65,3274.65,3259.4,3265.5,3282.156159142406,SELL,100,2023-11-23 10:36,1700715960,23-Nov-23|10.36|3274.65|3265.5
AMBER,24-Nov-23,09.21,3290.0,3309.0,3288.05,3300.3,3271.714255195928,BUY,100,2023-11-24 09:21,1700797860,24-Nov-23|09.21|3290.0|3300.3
AMBER,24-Nov-23,10.00,3275.0,3275.0,3260.0,3260.0,3274.453561575848,SELL,100,2023-11-24 10:00,1700800200,24-Nov-23|10.00|3275.0|3260.0
AMBER,01-Dec-23,09.30,3083.15,3088.0,3077.6,3088.0,3074.459598656513,BUY,100,2023-12-01 09:30,1701403200,01-Dec-23|09.30|3083.15|3088.0
AMBER,04-Dec-23,11.30,3109.7,3109.95,3100.05,3100.95,3113.010653215442,SELL,100,2023-12-04 11:30,1701669600,04-Dec-23|11.30|3109.7|3100.95
AMBER,05-Dec-23,09.18,3136.8,3147.45,3136.5,3144.95,3110.6271182729083,BUY,100,2023-12-05 09:18,1701748080,05-Dec-23|09.18|3136.8|3144.95
AMBER,05-Dec-23,11.09,3122.5,3124.95,3114.0,3117.0,3120.905222719052,SELL,100,2023-12-05 11:09,1701754740,05-Dec-23|11.09|3122.5|3117.0
AMBER,05-Dec-23,12.27,3115.0,3137.95,3115.0,3135.0,3119.5323135401018,BUY,100,2023-12-05 12:27,1701759420,05-Dec-23|12.27|3115.0|3135.0
AMBER,06-Dec-23,09.18,3127.1,3129.5,3113.95,3117.25,3132.393414570097,SELL,100,2023-12-06 09:18,1701834480,06-Dec-23|09.18|3127.1|3117.25
AMBER,07-Dec-23,14.39,3096.55,3113.95,3094.4,3109.85,3101.2382604701247,BUY,100,2023-12-07 14:39,1701940140,07-Dec-23|14.39|3096.55|3109.85
AMBER,07-Dec-23,15.00,3100.25,3100.25,3080.05,3089.35,3101.013026950549,SELL,100,2023-12-07 15:00,1701941400,07-Dec-23|15.00|3100.25|3089.35
AMBER,08-Dec-23,11.30,3102.0,3117.5,3102.0,3115.3,3098.0543523891547,BUY,100,2023-12-08 11:30,1702015200,08-Dec-23|11.30|3102.0|3115.3
AMBER,08-Dec-23,13.51,3108.95,3109.95,3098.0,3100.0,3104.146912859258,SELL,100,2023-12-08 13:51,1702023660,08-Dec-23|13.51|3108.95|3100.0
AMBER,11-Dec-23,14.39,3105.5,3109.5,3105.5,3109.35,3104.672641803418,BUY,100,2023-12-11 14:39,1702285740,11-Dec-23|14.39|3105.5|3109.35
AMBER,12-Dec-23,14.09,3127.1,3129.3,3120.0,3122.05,3132.8885056117565,SELL,100,2023-12-12 14:09,1702370340,12-Dec-23|14.09|3127.1|3122.05
AMBER,14-Dec-23,09.24,3098.0,3108.6,3098.0,3103.4,3082.2572534013434,BUY,100,2023-12-14 09:24,1702526040,14-Dec-23|09.24|3098.0|3103.4
AMBER,18-Dec-23,10.06,3256.1,3256.15,3241.0,3245.2,3268.922330248278,SELL,100,2023-12-18 10:06,1702874160,18-Dec-23|10.06|3256.1|3245.2
AMBER,27-Dec-23,09.33,3094.15,3134.0,3092.05,3128.0,3055.4739477248336,BUY,100,2023-12-27 09:33,1703649780,27-Dec-23|09.33|3094.15|3128.0
AMBER,28-Dec-23,10.06,3108.0,3109.15,3101.0,3101.3,3109.934786260969,SELL,100,2023-12-28 10:06,1703738160,28-Dec-23|10.06|3108.0|3101.3
AMBER,29-Dec-23,10.21,3112.35,3123.45,3112.35,3123.0,3104.6119820890285,BUY,100,2023-12-29 10:21,1703825460,29-Dec-23|10.21|3112.35|3123.0
AMBER,01-Jan-24,14.12,3132.3,3132.55,3120.75,3121.15,3130.2199909261813,SELL,100,2024-01-01 14:12,1704098520,01-Jan-24|14.12|3132.3|3121.15
AMBER,01-Jan-24,14.45,3127.9,3135.15,3127.8,3135.15,3129.505194448347,BUY,100,2024-01-01 14:45,1704100500,01-Jan-24|14.45|3127.9|3135.15
AMBER,02-Jan-24,09.54,3128.5,3129.0,3121.4,3121.4,3130.0404332732173,SELL,100,2024-01-02 09:54,1704169440,02-Jan-24|09.54|3128.5|3121.4
AMBER,03-Jan-24,09.27,3117.0,3125.6,3115.0,3125.05,3111.4715562080105,BUY,100,2024-01-03 09:27,1704254220,03-Jan-24|09.27|3117.0|3125.05
AMBER,08-Jan-24,13.42,3315.85,3319.7,3301.7,3304.4,3311.0657444569865,SELL,100,2024-01-08 13:42,1704701520,08-Jan-24|13.42|3315.85|3304.4
AMBER,08-Jan-24,13.51,3313.55,3345.0,3311.75,3345.0,3311.2374764998285,BUY,100,2024-01-08 13:51,1704702060,08-Jan-24|13.51|3313.55|3345.0
AMBER,11-Jan-24,15.15,3534.8,3534.8,3520.05,3520.25,3529.0033724693585,SELL,100,2024-01-11 15:15,1704966300,11-Jan-24|15.15|3534.8|3520.25
AMBER,12-Jan-24,09.45,3524.3,3540.55,3524.3,3540.55,3526.1033545926293,BUY,100,2024-01-12 09:45,1705032900,12-Jan-24|09.45|3524.3|3540.55
AMBER,16-Jan-24,13.12,3746.7,3753.2,3725.0,3732.0,3740.764431664553,SELL,100,2024-01-16 13:12,1705390920,16-Jan-24|13.12|3746.7|3732.0
AMBER,16-Jan-24,13.42,3741.1,3753.2,3741.1,3753.15,3740.297274580577,BUY,100,2024-01-16 13:42,1705392720,16-Jan-24|13.42|3741.1|3753.15
AMBER,17-Jan-24,10.36,3781.0,3781.3,3767.45,3767.9,3775.148808686729,SELL,100,2024-01-17 10:36,1705467960,17-Jan-24|10.36|3781.0|3767.9
AMBER,18-Jan-24,10.30,3727.65,3746.95,3720.45,3742.25,3732.040037333089,BUY,100,2024-01-18 10:30,1705554000,18-Jan-24|10.30|3727.65|3742.25
AMBER,18-Jan-24,14.00,3772.0,3774.2,3752.0,3758.0,3778.925571642011,SELL,100,2024-01-18 14:00,1705566600,18-Jan-24|14.00|3772.0|3758.0
AMBER,18-Jan-24,14.42,3779.35,3811.65,3779.35,3800.0,3776.192795022368,BUY,100,2024-01-18 14:42,1705569120,18-Jan-24|14.42|3779.35|3800.0
AMBER,19-Jan-24,12.18,3807.45,3807.55,3778.05,3782.25,3802.7391295788193,SELL,100,2024-01-19 12:18,1705646880,19-Jan-24|12.18|3807.45|3782.25
AMBER,20-Jan-24,14.51,3742.0,3749.45,3742.0,3747.65,3737.342734558146,BUY,100,2024-01-20 14:51,1705742460,20-Jan-24|14.51|3742.0|3747.65
AMBER,20-Jan-24,15.00,3742.15,3742.15,3728.05,3728.05,3737.4339366773697,SELL,100,2024-01-20 15:00,1705743000,20-Jan-24|15.00|3742.15|3728.05
AMBER,23-Jan-24,09.30,3757.0,3769.0,3750.25,3767.3,3735.3170195884345,BUY,100,2024-01-23 09:30,1705982400,23-Jan-24|09.30|3757.0|3767.3
AMBER,23-Jan-24,15.00,3763.25,3786.75,3562.9,3630.45,3751.67035765501,SELL,100,2024-01-23 15:00,1706002200,23-Jan-24|15.00|3763.25|3630.45
AMBER,24-Jan-24,12.45,3679.9,3707.7,3679.9,3707.7,3692.582951821461,BUY,100,2024-01-24 12:45,1706080500,24-Jan-24|12.45|3679.9|3707.7
AMBER,31-Jan-24,15.18,4446.0,4455.0,4401.45,4408.25,4453.891116924732,SELL,100,2024-01-31 15:18,1706694480,31-Jan-24|15.18|4446.0|4408.25
AMBER,01-Feb-24,14.33,4259.0,4321.95,4259.0,4309.5,4297.02923028328,BUY,100,2024-02-01 14:33,1706778180,01-Feb-24|14.33|4259.0|4309.5
AMBER,02-Feb-24,14.12,4421.5,4421.5,4409.9,4409.9,4420.275262819893,SELL,100,2024-02-02 14:12,1706863320,02-Feb-24|14.12|4421.5|4409.9
AMBER,02-Feb-24,14.36,4424.45,4454.45,4419.45,4450.1,4419.923500119939,BUY,100,2024-02-02 14:36,1706864760,02-Feb-24|14.36|4424.45|4450.1
AMBER,02-Feb-24,15.15,4422.0,4422.85,4375.0,4393.05,4424.925236716929,SELL,100,2024-02-02 15:15,1706867100,02-Feb-24|15.15|4422.0|4393.05
AMBER,06-Feb-24,09.18,4470.1,4494.0,4456.8,4481.95,4425.162930973155,BUY,100,2024-02-06 09:18,1707191280,06-Feb-24|09.18|4470.1|4481.95
AMBER,07-Feb-24,09.39,4473.4,4474.75,4460.0,4460.6,4482.093415128054,SELL,100,2024-02-07 09:39,1707278940,07-Feb-24|09.39|4473.4|4460.6
AMBER,09-Feb-24,14.57,4109.7,4268.75,4105.95,4250.5,4183.581238595701,BUY,100,2024-02-09 14:57,1707470820,09-Feb-24|14.57|4109.7|4250.5
AMBER,09-Feb-24,15.18,4124.4,4133.05,4070.0,4070.0,4181.77234309865,SELL,100,2024-02-09 15:18,1707472080,09-Feb-24|15.18|4124.4|4070.0
AMBER,13-Feb-24,15.09,3565.1,3644.7,3565.0,3629.2,3552.728771869538,BUY,100,2024-02-13 15:09,1707817140,13-Feb-24|15.09|3565.1|3629.2
AMBER,19-Feb-24,09.24,3938.1,3939.9,3927.0,3929.65,3944.286191103884,SELL,100,2024-02-19 09:24,1708314840,19-Feb-24|09.24|3938.1|3929.65
AMBER,19-Feb-24,10.33,3930.0,3966.9,3928.0,3961.85,3940.155542549904,BUY,100,2024-02-19 10:33,1708318980,19-Feb-24|10.33|3930.0|3961.85
AMBER,20-Feb-24,15.15,4045.75,4049.85,4013.25,4022.7,4048.859427234903,SELL,100,2024-02-20 15:15,1708422300,20-Feb-24|15.15|4045.75|4022.7
AMBER,21-Feb-24,09.45,4059.45,4080.0,4059.45,4073.6,4047.471296892533,BUY,100,2024-02-21 09:45,1708488900,21-Feb-24|09.45|4059.45|4073.6
AMBER,21-Feb-24,10.36,4049.9,4049.9,4030.0,4030.0,4051.9578582882,SELL,100,2024-02-21 10:36,1708491960,21-Feb-24|10.36|4049.9|4030.0
AMBER,28-Feb-24,14.51,3699.95,3742.45,3699.95,3736.5,3700.020573610233,BUY,100,2024-02-28 14:51,1709112060,28-Feb-24|14.51|3699.95|3736.5
AMBER,29-Feb-24,09.18,3672.15,3682.75,3651.1,3657.85,3702.9486164099294,SELL,100,2024-02-29 09:18,1709178480,29-Feb-24|09.18|3672.15|3657.85
AMBER,29-Feb-24,14.51,3628.0,3653.6,3628.0,3653.6,3642.5444568603975,BUY,100,2024-02-29 14:51,1709198460,29-Feb-24|14.51|3628.0|3653.6
AMBER,01-Mar-24,09.45,3636.5,3640.0,3626.0,3628.1,3646.361478046239,SELL,100,2024-03-01 09:45,1709266500,01-Mar-24|09.45|3636.5|3628.1
AMBER,02-Mar-24,09.30,3619.0,3624.45,3616.25,3624.45,3617.60150632877,BUY,100,2024-03-02 09:30,1709352000,02-Mar-24|09.30|3619.0|3624.45
AMBER,06-Mar-24,09.30,3702.5,3706.05,3686.0,3686.0,3706.191804577952,SELL,100,2024-03-06 09:30,1709697600,06-Mar-24|09.30|3702.5|3686.0
AMBER,06-Mar-24,13.42,3666.5,3680.15,3666.5,3680.0,3672.403688194154,BUY,100,2024-03-06 13:42,1709712720,06-Mar-24|13.42|3666.5|3680.0
AMBER,06-Mar-24,14.33,3679.35,3679.35,3654.5,3654.5,3675.18468573239,SELL,100,2024-03-06 14:33,1709715780,06-Mar-24|14.33|3679.35|3654.5
AMBER,07-Mar-24,11.42,3675.15,3684.4,3675.15,3683.25,3667.114891483948,BUY,100,2024-03-07 11:42,1709791920,07-Mar-24|11.42|3675.15|3683.25
AMBER,07-Mar-24,15.03,3665.05,3665.05,3623.5,3640.4,3670.8753504831534,SELL,100,2024-03-07 15:03,1709803980,07-Mar-24|15.03|3665.05|3640.4
AMBER,11-Mar-24,12.21,3629.0,3679.55,3625.05,3674.75,3641.465005728801,BUY,100,2024-03-11 12:21,1710139860,11-Mar-24|12.21|3629.0|3674.75
AMBER,11-Mar-24,14.36,3658.8,3659.0,3646.5,3646.75,3662.305432823551,SELL,100,2024-03-11 14:36,1710147960,11-Mar-24|14.36|3658.8|3646.75
AMBER,13-Mar-24,14.45,3494.3,3537.15,3494.3,3529.95,3509.544836240402,BUY,100,2024-03-13 14:45,1710321300,13-Mar-24|14.45|3494.3|3529.95
AMBER,14-Mar-24,14.03,3529.0,3530.35,3519.9,3521.75,3538.450488622348,SELL,100,2024-03-14 14:03,1710405180,14-Mar-24|14.03|3529.0|3521.75
AMBER,20-Mar-24,13.12,3133.1,3188.0,3133.1,3172.0,3144.588323078746,BUY,100,2024-03-20 13:12,1710920520,20-Mar-24|13.12|3133.1|3172.0
AMBER,01-Apr-24,14.03,3674.0,3675.65,3660.05,3665.35,3675.290745654372,SELL,100,2024-04-01 14:03,1711960380,01-Apr-24|14.03|3674.0|3665.35
AMBER,01-Apr-24,14.30,3684.1,3708.85,3684.05,3701.65,3675.131899426189,BUY,100,2024-04-01 14:30,1711962000,01-Apr-24|14.30|3684.1|3701.65
AMBER,04-Apr-24,10.12,3767.85,3767.85,3758.0,3758.0,3774.2437172033992,SELL,100,2024-04-04 10:12,1712205720,04-Apr-24|10.12|3767.85|3758.0
AMBER,05-Apr-24,10.15,3744.9,3775.45,3744.9,3770.75,3757.6248560613694,BUY,100,2024-04-05 10:15,1712292300,05-Apr-24|10.15|3744.9|3770.75
AMBER,05-Apr-24,12.45,3769.6,3769.6,3757.9,3759.55,3768.32723100574,SELL,100,2024-04-05 12:45,1712301300,05-Apr-24|12.45|3769.6|3759.55
AMBER,05-Apr-24,13.12,3772.4,3815.0,3770.85,3808.8,3767.0714907634247,BUY,100,2024-04-05 13:12,1712302920,05-Apr-24|13.12|3772.4|3808.8
AMBER,05-Apr-24,14.24,3783.55,3783.55,3770.1,3770.1,3776.576484192222,SELL,100,2024-04-05 14:24,1712307240,05-Apr-24|14.24|3783.55|3770.1
AMBER,08-Apr-24,09.24,3814.95,3829.0,3810.0,3827.2,3773.363805416997,BUY,100,2024-04-08 09:24,1712548440,08-Apr-24|09.24|3814.95|3827.2
AMBER,08-Apr-24,13.36,3823.95,3827.45,3811.6,3812.15,3818.26364958036,SELL,100,2024-04-08 13:36,1712563560,08-Apr-24|13.36|3823.95|3812.15
AMBER,09-Apr-24,09.18,3827.0,3844.0,3823.65,3835.8,3813.544178956206,BUY,100,2024-04-09 09:18,1712634480,09-Apr-24|09.18|3827.0|3835.8
AMBER,09-Apr-24,10.33,3818.65,3820.1,3808.05,3808.05,3816.75883774317,SELL,100,2024-04-09 10:33,1712638980,09-Apr-24|10.33|3818.65|3808.05
AMBER,16-Apr-24,11.06,3636.65,3645.0,3636.65,3645.0,3633.5061352064113,BUY,100,2024-04-16 11:06,1713245760,16-Apr-24|11.06|3636.65|3645.0
AMBER,16-Apr-24,12.30,3620.0,3621.9,3612.05,3615.0,3632.962128212174,SELL,100,2024-04-16 12:30,1713250800,16-Apr-24|12.30|3620.0|3615.0
AMBER,19-Apr-24,11.39,3600.0,3621.7,3598.55,3616.35,3601.035098807505,BUY,100,2024-04-19 11:39,1713506940,19-Apr-24|11.39|3600.0|3616.35
AMBER,22-Apr-24,15.00,3669.9,3676.1,3665.7,3666.15,3672.1012887993857,SELL,100,2024-04-22 15:00,1713778200,22-Apr-24|15.00|3669.9|3666.15
AMBER,23-Apr-24,09.18,3686.45,3697.95,3686.45,3697.4,3671.2730141399816,BUY,100,2024-04-23 09:18,1713844080,23-Apr-24|09.18|3686.45|3697.4
AMBER,24-Apr-24,15.18,3789.95,3795.5,3777.0,3780.1,3796.9496856996266,SELL,100,2024-04-24 15:18,1713952080,24-Apr-24|15.18|3789.95|3780.1
AMBER,25-Apr-24,13.54,3810.0,3817.45,3807.1,3814.85,3797.3482029106985,BUY,100,2024-04-25 13:54,1714033440,25-Apr-24|13.54|3810.0|3814.85
AMBER,26-Apr-24,13.21,3811.85,3811.9,3789.2,3793.0,3809.076173167958,SELL,100,2024-04-26 13:21,1714117860,26-Apr-24|13.21|3811.85|3793.0
AMBER,30-Apr-24,09.24,3772.95,3791.0,3769.1,3791.0,3759.660566965184,BUY,100,2024-04-30 09:24,1714449240,30-Apr-24|09.24|3772.95|3791.0
AMBER,07-May-24,10.30,4033.45,4033.45,4021.1,4021.1,4034.67879038552,SELL,100,2024-05-07 10:30,1715058000,07-May-24|10.30|4033.45|4021.1
AMBER,09-May-24,09.18,3940.8,4008.0,3940.8,3994.55,3925.6627034543744,BUY,100,2024-05-09 09:18,1715226480,09-May-24|09.18|3940.8|3994.55
AMBER,09-May-24,12.54,3963.75,3963.75,3951.9,3953.15,3960.203683932636,SELL,100,2024-05-09 12:54,1715239440,09-May-24|12.54|3963.75|3953.15
AMBER,13-May-24,14.48,3779.0,3793.95,3779.0,3791.6,3780.632372817772,BUY,100,2024-05-13 14:48,1715591880,13-May-24|14.48|3779.0|3791.6
AMBER,14-May-24,13.21,3782.8,3783.85,3771.0,3775.0,3786.590570446058,SELL,100,2024-05-14 13:21,1715673060,14-May-24|13.21|3782.8|3775.0
AMBER,14-May-24,15.00,3800.0,3804.0,3795.65,3804.0,3786.867883574465,BUY,100,2024-05-14 15:00,1715679000,14-May-24|15.00|3800.0|3804.0
AMBER,15-May-24,15.06,3804.55,3804.95,3774.2,3783.1,3800.525515664777,SELL,100,2024-05-15 15:06,1715765760,15-May-24|15.06|3804.55|3783.1
AMBER,16-May-24,11.48,3807.65,3815.0,3807.65,3815.0,3797.9737647627744,BUY,100,2024-05-16 11:48,1715840280,16-May-24|11.48|3807.65|3815.0
AMBER,21-May-24,09.21,3866.6,3866.6,3840.55,3846.4,3936.723885685333,SELL,100,2024-05-21 09:21,1716263460,21-May-24|09.21|3866.6|3846.4
AMBER,31-May-24,09.21,3548.95,3567.95,3545.6,3562.55,3557.2005457061086,BUY,100,2024-05-31 09:21,1717127460,31-May-24|09.21|3548.95|3562.55
AMBER,04-Jun-24,09.18,3689.0,3689.0,3675.0,3676.85,3689.213652466175,SELL,100,2024-06-04 09:18,1717472880,04-Jun-24|09.18|3689.0|3676.85
AMBER,05-Jun-24,11.30,3620.75,3637.5,3608.0,3632.6,3601.3330292319465,BUY,100,2024-06-05 11:30,1717567200,05-Jun-24|11.30|3620.75|3632.6
AMBER,07-Jun-24,14.33,3741.5,3742.65,3734.6,3737.1,3742.7654089568473,SELL,100,2024-06-07 14:33,1717750980,07-Jun-24|14.33|3741.5|3737.1
AMBER,10-Jun-24,09.48,3799.9,3815.25,3792.05,3809.75,3748.332703769807,BUY,100,2024-06-10 09:48,1717993080,10-Jun-24|09.48|3799.9|3809.75
AMBER,14-Jun-24,14.27,4068.0,4068.0,4056.0,4057.35,4069.14214815452,SELL,100,2024-06-14 14:27,1718355420,14-Jun-24|14.27|4068.0|4057.35
AMBER,18-Jun-24,11.09,4071.25,4198.95,4069.75,4188.0,4056.283147898904,BUY,100,2024-06-18 11:09,1718689140,18-Jun-24|11.09|4071.25|4188.0
AMBER,18-Jun-24,15.15,4167.9,4167.9,4000.0,4049.95,4121.616323334181,SELL,100,2024-06-18 15:15,1718703900,18-Jun-24|15.15|4167.9|4049.95
AMBER,20-Jun-24,11.51,4009.0,4021.95,4007.35,4020.05,4008.833831886108,BUY,100,2024-06-20 11:51,1718864460,20-Jun-24|11.51|4009.0|4020.05
AMBER,20-Jun-24,15.06,4014.0,4014.0,4000.1,4002.15,4017.70806606513,SELL,100,2024-06-20 15:06,1718876160,20-Jun-24|15.06|4014.0|4002.15
AMBER,21-Jun-24,09.21,4018.15,4029.9,4016.05,4029.5,4016.015952393196,BUY,100,2024-06-21 09:21,1718941860,21-Jun-24|09.21|4018.15|4029.5
AMBER,21-Jun-24,10.00,4036.1,4036.1,4007.3,4007.3,4018.522774336872,SELL,100,2024-06-21 10:00,1718944200,21-Jun-24|10.00|4036.1|4007.3
AMBER,21-Jun-24,11.27,4020.0,4024.0,4020.0,4023.0,4012.492918990868,BUY,100,2024-06-21 11:27,1718949420,21-Jun-24|11.27|4020.0|4023.0
AMBER,21-Jun-24,14.33,4010.0,4010.0,3992.0,3992.3,4019.1507915485927,SELL,100,2024-06-21 14:33,1718960580,21-Jun-24|14.33|4010.0|3992.3
AMBER,24-Jun-24,09.36,4014.0,4035.0,4014.0,4035.0,4011.79451420881,BUY,100,2024-06-24 09:36,1719201960,24-Jun-24|09.36|4014.0|4035.0
AMBER,25-Jun-24,13.42,4098.0,4098.5,4081.1,4085.0,4093.244363534233,SELL,100,2024-06-25 13:42,1719303120,25-Jun-24|13.42|4098.0|4085.0
AMBER,26-Jun-24,09.33,4135.8,4159.0,4135.8,4158.5,4092.359167856765,BUY,100,2024-06-26 09:33,1719374580,26-Jun-24|09.33|4135.8|4158.5
AMBER,27-Jun-24,13.42,4265.0,4265.2,4258.0,4258.0,4267.906370094758,SELL,100,2024-06-27 13:42,1719475920,27-Jun-24|13.42|4265.0|4258.0
AMBER,27-Jun-24,14.36,4272.15,4288.85,4270.7,4288.85,4266.287815861607,BUY,100,2024-06-27 14:36,1719479160,27-Jun-24|14.36|4272.15|4288.85
AMBER,02-Jul-24,12.12,4484.0,4484.0,4460.5,4464.75,4483.213632255406,SELL,100,2024-07-02 12:12,1719902520,02-Jul-24|12.12|4484.0|4464.75
AMBER,02-Jul-24,12.45,4469.6,4506.8,4467.05,4497.3,4481.63181212926,BUY,100,2024-07-02 12:45,1719904500,02-Jul-24|12.45|4469.6|4497.3
AMBER,03-Jul-24,12.30,4520.0,4524.0,4499.3,4499.35,4519.733573171567,SELL,100,2024-07-03 12:30,1719990000,03-Jul-24|12.30|4520.0|4499.35
AMBER,04-Jul-24,11.42,4494.6,4504.9,4492.3,4503.0,4493.008233177015,BUY,100,2024-07-04 11:42,1720073520,04-Jul-24|11.42|4494.6|4503.0
AMBER,08-Jul-24,09.33,4500.85,4502.45,4476.0,4476.0,4504.392328060918,SELL,100,2024-07-08 09:33,1720411380,08-Jul-24|09.33|4500.85|4476.0
AMBER,08-Jul-24,15.06,4497.75,4506.7,4497.75,4506.7,4497.414616846647,BUY,100,2024-07-08 15:06,1720431360,08-Jul-24|15.06|4497.75|4506.7
AMBER,09-Jul-24,15.15,4585.4,4585.8,4561.0,4562.55,4579.430904705568,SELL,100,2024-07-09 15:15,1720518300,09-Jul-24|15.15|4585.4|4562.55
AMBER,10-Jul-24,13.03,4547.6,4555.4,4547.6,4555.4,4546.448714993273,BUY,100,2024-07-10 13:03,1720596780,10-Jul-24|13.03|4547.6|4555.4
AMBER,11-Jul-24,14.54,4577.8,4577.8,4566.3,4566.3,4579.494311483337,SELL,100,2024-07-11 14:54,1720689840,11-Jul-24|14.54|4577.8|4566.3
AMBER,12-Jul-24,12.24,4558.9,4583.0,4554.8,4583.0,4569.592118128503,BUY,100,2024-07-12 12:24,1720767240,12-Jul-24|12.24|4558.9|4583.0
AMBER,16-Jul-24,09.27,4653.85,4653.85,4639.45,4639.45,4646.675246086849,SELL,100,2024-07-16 09:27,1721102220,16-Jul-24|09.27|4653.85|4639.45
AMBER,16-Jul-24,11.36,4642.55,4668.9,4642.55,4668.9,4642.798838746381,BUY,100,2024-07-16 11:36,1721109960,16-Jul-24|11.36|4642.55|4668.9
AMBER,16-Jul-24,12.06,4631.05,4631.45,4616.0,4618.4,4641.661202213406,SELL,100,2024-07-16 12:06,1721111760,16-Jul-24|12.06|4631.05|4618.4
AMBER,22-Jul-24,14.30,4230.2,4269.35,4230.2,4265.95,4236.850415221476,BUY,100,2024-07-22 14:30,1721638800,22-Jul-24|14.30|4230.2|4265.95
AMBER,23-Jul-24,11.15,4231.35,4232.15,4202.0,4208.0,4241.152934137184,SELL,100,2024-07-23 11:15,1721713500,23-Jul-24|11.15|4231.35|4208.0
AMBER,24-Jul-24,09.21,4259.0,4294.95,4254.9,4293.95,4212.06748522578,BUY,100,2024-07-24 09:21,1721793060,24-Jul-24|09.21|4259.0|4293.95
AMBER,26-Jul-24,14.27,4414.55,4418.15,4401.0,4405.0,4414.472806721401,SELL,100,2024-07-26 14:27,1721984220,26-Jul-24|14.27|4414.55|4405.0
AMBER,02-Aug-24,09.21,4298.0,4327.15,4295.6,4327.15,4305.46130889112,BUY,100,2024-08-02 09:21,1722570660,02-Aug-24|09.21|4298.0|4327.15
AMBER,02-Aug-24,15.15,4383.9,4383.9,4360.55,4365.95,4394.103256906832,SELL,100,2024-08-02 15:15,1722591900,02-Aug-24|15.15|4383.9|4365.95
AMBER,06-Aug-24,11.12,4280.3,4290.0,4279.4,4286.1,4268.023768043532,BUY,100,2024-08-06 11:12,1722922920,06-Aug-24|11.12|4280.3|4286.1
AMBER,06-Aug-24,13.39,4271.7,4271.7,4263.15,4263.15,4276.100476740327,SELL,100,2024-08-06 13:39,1722931740,06-Aug-24|13.39|4271.7|4263.15
AMBER,07-Aug-24,10.27,4270.0,4278.0,4269.4,4278.0,4256.065580807352,BUY,100,2024-08-07 10:27,1723006620,07-Aug-24|10.27|4270.0|4278.0
AMBER,09-Aug-24,09.30,4330.0,4331.05,4305.15,4308.4,4327.974614754005,SELL,100,2024-08-09 09:30,1723176000,09-Aug-24|09.30|4330.0|4308.4
AMBER,09-Aug-24,12.42,4315.35,4324.15,4314.95,4322.25,4314.983470067295,BUY,100,2024-08-09 12:42,1723187520,09-Aug-24|12.42|4315.35|4322.25
AMBER,09-Aug-24,14.39,4335.8,4337.95,4307.6,4307.6,4320.168162816084,SELL,100,2024-08-09 14:39,1723194540,09-Aug-24|14.39|4335.8|4307.6
AMBER,14-Aug-24,14.12,4035.45,4066.7,4035.45,4062.2,4053.803691930023,BUY,100,2024-08-14 14:12,1723624920,14-Aug-24|14.12|4035.45|4062.2
AMBER,20-Aug-24,09.54,4152.0,4152.0,4145.0,4145.4,4154.310372739983,SELL,100,2024-08-20 09:54,1724127840,20-Aug-24|09.54|4152.0|4145.4
AMBER,20-Aug-24,12.48,4132.15,4153.95,4131.65,4153.95,4138.210224714248,BUY,100,2024-08-20 12:48,1724138280,20-Aug-24|12.48|4132.15|4153.95
AMBER,21-Aug-24,15.03,4194.05,4194.05,4171.0,4173.75,4182.710121529829,SELL,100,2024-08-21 15:03,1724232780,21-Aug-24|15.03|4194.05|4173.75
AMBER,22-Aug-24,10.15,4187.1,4206.85,4187.1,4206.85,4182.149891804246,BUY,100,2024-08-22 10:15,1724301900,22-Aug-24|10.15|4187.1|4206.85
AMBER,30-Aug-24,10.21,4473.0,4475.0,4465.45,4466.0,4479.154847481579,SELL,100,2024-08-30 10:21,1724993460,30-Aug-24|10.21|4473.0|4466.0
AMBER,02-Sep-24,14.51,4468.0,4474.9,4466.15,4472.65,4464.590440877991,BUY,100,2024-09-02 14:51,1725268860,02-Sep-24|14.51|4468.0|4472.65
AMBER,03-Sep-24,11.51,4473.5,4474.85,4455.0,4456.4,4472.09161823058,SELL,100,2024-09-03 11:51,1725344460,03-Sep-24|11.51|4473.5|4456.4
AMBER,03-Sep-24,14.39,4466.0,4478.15,4465.9,4477.55,4466.749862106387,BUY,100,2024-09-03 14:39,1725354540,03-Sep-24|14.39|4466.0|4477.55
AMBER,04-Sep-24,10.30,4469.65,4469.65,4452.0,4452.0,4468.462331498932,SELL,100,2024-09-04 10:30,1725426000,04-Sep-24|10.30|4469.65|4452.0
AMBER,04-Sep-24,12.09,4463.7,4486.95,4458.9,4486.0,4465.877417925997,BUY,100,2024-09-04 12:09,1725431940,04-Sep-24|12.09|4463.7|4486.0
AMBER,06-Sep-24,10.03,4579.1,4579.5,4545.7,4547.25,4579.831397062464,SELL,100,2024-09-06 10:03,1725597180,06-Sep-24|10.03|4579.1|4547.25
AMBER,09-Sep-24,14.48,4470.0,4512.35,4467.95,4512.05,4482.063818349897,BUY,100,2024-09-09 14:48,1725873480,09-Sep-24|14.48|4470.0|4512.05
AMBER,10-Sep-24,09.24,4487.7,4491.6,4469.05,4470.35,4487.897011973806,SELL,100,2024-09-10 09:24,1725940440,10-Sep-24|09.24|4487.7|4470.35
AMBER,12-Sep-24,12.24,4449.5,4458.6,4446.9,4458.6,4433.500773986272,BUY,100,2024-09-12 12:24,1726124040,12-Sep-24|12.24|4449.5|4458.6
AMBER,16-Sep-24,09.51,4562.45,4562.45,4543.55,4549.35,4577.197528059895,SELL,100,2024-09-16 09:51,1726460460,16-Sep-24|09.51|4562.45|4549.35
AMBER,16-Sep-24,15.00,4555.0,4573.95,4555.0,4570.0,4545.182914178723,BUY,100,2024-09-16 15:00,1726479000,16-Sep-24|15.00|4555.0|4570.0
AMBER,17-Sep-24,09.21,4541.25,4542.9,4518.8,4522.35,4545.543316625201,SELL,100,2024-09-17 09:21,1726545060,17-Sep-24|09.21|4541.25|4522.35
AMBER,17-Sep-24,14.00,4511.95,4531.45,4511.95,4524.0,4516.838758610489,BUY,100,2024-09-17 14:00,1726561800,17-Sep-24|14.00|4511.95|4524.0
AMBER,17-Sep-24,14.33,4522.0,4522.0,4504.9,4504.9,4517.475217606725,SELL,100,2024-09-17 14:33,1726563780,17-Sep-24|14.33|4522.0|4504.9
AMBER,19-Sep-24,15.06,4374.3,4381.3,4371.2,4379.95,4375.894012903681,BUY,100,2024-09-19 15:06,1726738560,19-Sep-24|15.06|4374.3|4379.95
AMBER,20-Sep-24,09.21,4372.8,4373.9,4350.0,4358.55,4376.774118904918,SELL,100,2024-09-20 09:21,1726804260,20-Sep-24|09.21|4372.8|4358.55
AMBER,23-Sep-24,09.21,4392.3,4435.0,4392.3,4423.15,4363.33230917325,BUY,100,2024-09-23 09:21,1727063460,23-Sep-24|09.21|4392.3|4423.15
AMBER,24-Sep-24,13.39,4903.0,4908.95,4816.3,4826.15,4884.037865709885,SELL,100,2024-09-24 13:39,1727165340,24-Sep-24|13.39|4903.0|4826.15
AMBER,25-Sep-24,14.12,4797.35,4830.0,4789.3,4826.5,4762.418451798442,BUY,100,2024-09-25 14:12,1727253720,25-Sep-24|14.12|4797.35|4826.5
AMBER,26-Sep-24,09.27,4782.0,4788.0,4765.25,4767.7,4776.865240228199,SELL,100,2024-09-26 09:27,1727323020,26-Sep-24|09.27|4782.0|4767.7
AMBER,27-Sep-24,14.09,4657.55,4695.0,4654.65,4675.0,4656.208686827758,BUY,100,2024-09-27 14:09,1727426340,27-Sep-24|14.09|4657.55|4675.0
AMBER,27-Sep-24,15.27,4640.1,4643.8,4614.0,4619.0,4660.5436229038905,SELL,100,2024-09-27 15:27,1727431020,27-Sep-24|15.27|4640.1|4619.0
AMBER,30-Sep-24,09.45,4674.25,4721.35,4670.0,4715.0,4660.29871643709,BUY,100,2024-09-30 09:45,1727669700,30-Sep-24|09.45|4674.25|4715.0
AMBER,04-Oct-24,12.48,5029.8,5036.35,5006.0,5017.2,5035.753884692,SELL,100,2024-10-04 12:48,1728026280,04-Oct-24|12.48|5029.8|5017.2
AMBER,07-Oct-24,09.27,5014.95,5049.35,5014.95,5049.0,5007.853550321373,BUY,100,2024-10-07 09:27,1728273420,07-Oct-24|09.27|5014.95|5049.0
AMBER,07-Oct-24,09.48,4980.9,4983.0,4960.0,4969.45,5007.16475357686,SELL,100,2024-10-07 09:48,1728274680,07-Oct-24|09.48|4980.9|4969.45
AMBER,08-Oct-24,09.18,4979.5,5027.95,4978.0,5024.05,4941.118643741359,BUY,100,2024-10-08 09:18,1728359280,08-Oct-24|09.18|4979.5|5024.05
AMBER,08-Oct-24,14.18,5019.6,5020.0,4992.25,4993.6,5012.393685905441,SELL,100,2024-10-08 14:18,1728377280,08-Oct-24|14.18|5019.6|4993.6
AMBER,08-Oct-24,14.36,5003.2,5048.45,5002.8,5043.15,5012.129495272298,BUY,100,2024-10-08 14:36,1728378360,08-Oct-24|14.36|5003.2|5043.15
AMBER,10-Oct-24,12.30,5124.1,5125.0,5120.0,5120.0,5127.253174134353,SELL,100,2024-10-10 12:30,1728543600,10-Oct-24|12.30|5124.1|5120.0
AMBER,14-Oct-24,09.18,5188.0,5249.9,5162.35,5242.55,5075.360505910491,BUY,100,2024-10-14 09:18,1728877680,14-Oct-24|09.18|5188.0|5242.55
AMBER,14-Oct-24,11.33,5132.8,5132.8,5095.15,5104.0,5121.088590154375,SELL,100,2024-10-14 11:33,1728885780,14-Oct-24|11.33|5132.8|5104.0
AMBER,14-Oct-24,13.30,5119.0,5138.95,5116.3,5132.05,5115.706075525298,BUY,100,2024-10-14 13:30,1728892800,14-Oct-24|13.30|5119.0|5132.05
AMBER,15-Oct-24,09.21,5100.35,5107.45,5091.85,5094.05,5126.62459247946,SELL,100,2024-10-15 09:21,1728964260,15-Oct-24|09.21|5100.35|5094.05
AMBER,15-Oct-24,14.21,5090.0,5119.6,5089.65,5119.6,5096.374839236412,BUY,100,2024-10-15 14:21,1728982260,15-Oct-24|14.21|5090.0|5119.6
AMBER,18-Oct-24,09.18,5423.1,5434.75,5404.75,5410.85,5430.250019919943,SELL,100,2024-10-18 09:18,1729223280,18-Oct-24|09.18|5423.1|5410.85
AMBER,21-Oct-24,09.18,5588.7,5675.95,5558.0,5670.7,5419.838756436183,BUY,100,2024-10-21 09:18,1729482480,21-Oct-24|09.18|5588.7|5670.7
AMBER,22-Oct-24,09.51,5903.9,5909.45,5826.25,5831.65,5892.782317565619,SELL,100,2024-10-22 09:51,1729570860,22-Oct-24|09.51|5903.9|5831.65
AMBER,23-Oct-24,09.18,6028.6,6199.0,5969.15,6172.7,5736.681555779469,BUY,100,2024-10-23 09:18,1729655280,23-Oct-24|09.18|6028.6|6172.7
AMBER,24-Oct-24,13.00,6506.75,6524.45,6452.5,6452.5,6496.141747329475,SELL,100,2024-10-24 13:00,1729755000,24-Oct-24|13.00|6506.75|6452.5
AMBER,25-Oct-24,14.57,6171.6,6248.65,6154.55,6247.05,6169.509320132861,BUY,100,2024-10-25 14:57,1729848420,25-Oct-24|14.57|6171.6|6247.05
AMBER,30-Oct-24,09.33,6200.0,6212.8,6182.05,6186.65,6254.817905856067,SELL,100,2024-10-30 09:33,1730260980,30-Oct-24|09.33|6200.0|6186.65
AMBER,05-Nov-24,09.21,6049.95,6140.0,6046.65,6135.0,6024.163489526983,BUY,100,2024-11-05 09:21,1730778660,05-Nov-24|09.21|6049.95|6135.0
AMBER,08-Nov-24,11.21,6215.6,6220.0,6202.4,6207.65,6220.66884015508,SELL,100,2024-11-08 11:21,1731045060,08-Nov-24|11.21|6215.6|6207.65
AMBER,12-Nov-24,13.03,6148.8,6256.95,6144.95,6254.7,6136.737879528318,BUY,100,2024-11-12 13:03,1731396780,12-Nov-24|13.03|6148.8|6254.7
AMBER,12-Nov-24,15.03,6180.9,6192.8,6138.05,6139.15,6160.735099756361,SELL,100,2024-11-12 15:03,1731403980,12-Nov-24|15.03|6180.9|6139.15
AMBER,13-Nov-24,10.42,6104.8,6140.0,6104.8,6140.0,6126.35253948357,BUY,100,2024-11-13 10:42,1731474720,13-Nov-24|10.42|6104.8|6140.0
AMBER,13-Nov-24,14.33,6084.75,6085.0,6065.15,6065.25,6120.548780359827,SELL,100,2024-11-13 14:33,1731488580,13-Nov-24|14.33|6084.75|6065.25
AMBER,14-Nov-24,14.45,6106.05,6137.1,6099.7,6137.1,6116.706907253282,BUY,100,2024-11-14 14:45,1731575700,14-Nov-24|14.45|6106.05|6137.1
AMBER,18-Nov-24,15.18,6228.95,6228.95,6184.0,6187.8,6202.868385900041,SELL,100,2024-11-18 15:18,1731923280,18-Nov-24|15.18|6228.95|6187.8
AMBER,19-Nov-24,09.36,6250.0,6278.0,6244.45,6270.0,6205.880208725737,BUY,100,2024-11-19 09:36,1731989160,19-Nov-24|09.36|6250.0|6270.0
AMBER,19-Nov-24,14.18,6262.05,6264.2,6240.6,6242.4,6257.583168517785,SELL,100,2024-11-19 14:18,1732006080,19-Nov-24|14.18|6262.05|6242.4
AMBER,21-Nov-24,09.21,6310.0,6349.9,6302.7,6331.9,6249.910017525289,BUY,100,2024-11-21 09:21,1732161060,21-Nov-24|09.21|6310.0|6331.9
AMBER,22-Nov-24,09.51,6472.0,6472.05,6411.0,6417.35,6467.928324563793,SELL,100,2024-11-22 09:51,1732249260,22-Nov-24|09.51|6472.0|6417.35
AMBER,22-Nov-24,12.15,6417.45,6445.0,6415.75,6441.2,6430.258391136815,BUY,100,2024-11-22 12:15,1732257900,22-Nov-24|12.15|6417.45|6441.2
AMBER,25-Nov-24,15.03,6579.35,6579.5,6542.25,6542.25,6571.223155921882,SELL,100,2024-11-25 15:03,1732527180,25-Nov-24|15.03|6579.35|6542.25
AMBER,10-Dec-24,12.54,5778.4,5798.7,5778.4,5788.55,5774.130347788269,BUY,100,2024-12-10 12:54,1733815440,10-Dec-24|12.54|5778.4|5788.55
AMBER,10-Dec-24,14.36,5790.85,5790.85,5742.25,5742.25,5777.913147367688,SELL,100,2024-12-10 14:36,1733821560,10-Dec-24|14.36|5790.85|5742.25
AMBER,13-Dec-24,09.21,5758.75,5809.75,5758.75,5793.25,5749.405757108366,BUY,100,2024-12-13 09:21,1734061860,13-Dec-24|09.21|5758.75|5793.25
AMBER,13-Dec-24,10.06,5733.2,5733.2,5708.0,5710.55,5749.318147854336,SELL,100,2024-12-13 10:06,1734064560,13-Dec-24|10.06|5733.2|5710.55
AMBER,13-Dec-24,12.30,5719.2,5749.0,5719.2,5744.45,5730.094063430728,BUY,100,2024-12-13 12:30,1734073200,13-Dec-24|12.30|5719.2|5744.45
AMBER,18-Dec-24,09.24,5947.9,5952.1,5927.0,5930.65,5995.719803243264,SELL,100,2024-12-18 09:24,1734494040,18-Dec-24|09.24|5947.9|5930.65
AMBER,18-Dec-24,09.36,6006.45,6024.95,6000.05,6016.35,5995.378725308371,BUY,100,2024-12-18 09:36,1734494760,18-Dec-24|09.36|6006.45|6016.35
AMBER,18-Dec-24,14.27,5992.3,5992.3,5980.7,5982.4,6006.263375773019,SELL,100,2024-12-18 14:27,1734512220,18-Dec-24|14.27|5992.3|5982.4
AMBER,19-Dec-24,11.15,5995.75,6024.0,5995.75,6020.8,5996.588158430837,BUY,100,2024-12-19 11:15,1734587100,19-Dec-24|11.15|5995.75|6020.8
AMBER,27-Dec-24,15.09,7518.4,7525.0,7460.5,7461.0,7541.236029580283,SELL,100,2024-12-27 15:09,1735292340,27-Dec-24|15.09|7518.4|7461.0
AMBER,30-Dec-24,15.18,7371.95,7413.0,7355.15,7404.6,7354.357038947031,BUY,100,2024-12-30 15:18,1735552080,30-Dec-24|15.18|7371.95|7404.6
AMBER,31-Dec-24,09.18,7354.4,7386.95,7281.05,7290.05,7354.400011007505,SELL,100,2024-12-31 09:18,1735616880,31-Dec-24|09.18|7354.4|7290.05
AMBER,31-Dec-24,15.03,7386.45,7410.0,7386.45,7408.0,7351.568678367046,BUY,100,2024-12-31 15:03,1735637580,31-Dec-24|15.03|7386.45|7408.0
AMBER,02-Jan-25,09.18,7603.25,7604.35,7540.8,7566.2,7595.65603365874,SELL,100,2025-01-02 09:18,1735789680,02-Jan-25|09.18|7603.25|7566.2
AMBER,02-Jan-25,14.48,7539.2,7555.0,7535.0,7553.1,7541.001786032271,BUY,100,2025-01-02 14:48,1735809480,02-Jan-25|14.48|7539.2|7553.1
AMBER,06-Jan-25,11.36,7678.55,7678.55,7610.0,7613.0,7679.87795885433,SELL,100,2025-01-06 11:36,1736143560,06-Jan-25|11.36|7678.55|7613.0
AMBER,07-Jan-25,09.24,7737.75,7784.85,7717.3,7778.55,7682.0321155418,BUY,100,2025-01-07 09:24,1736222040,07-Jan-25|09.24|7737.75|7778.55
AMBER,08-Jan-25,09.27,7889.1,7909.85,7843.2,7845.05,7892.635431330413,SELL,100,2025-01-08 09:27,1736308620,08-Jan-25|09.27|7889.1|7845.05
AMBER,09-Jan-25,10.33,7870.4,7888.5,7868.55,7882.15,7811.023649446718,BUY,100,2025-01-09 10:33,1736398980,09-Jan-25|10.33|7870.4|7882.15
AMBER,09-Jan-25,11.51,7844.85,7844.85,7751.0,7760.0,7819.26614655059,SELL,100,2025-01-09 11:51,1736403660,09-Jan-25|11.51|7844.85|7760.0
AMBER,09-Jan-25,15.21,7710.0,7804.95,7710.0,7797.15,7719.517138925894,BUY,100,2025-01-09 15:21,1736416260,09-Jan-25|15.21|7710.0|7797.15
AMBER,10-Jan-25,13.51,7824.05,7833.85,7801.2,7801.2,7829.17313050944,SELL,100,2025-01-10 13:51,1736497260,10-Jan-25|13.51|7824.05|7801.2
AMBER,15-Jan-25,11.45,7032.0,7069.0,7020.0,7059.5,7024.431454228043,BUY,100,2025-01-15 11:45,1736921700,15-Jan-25|11.45|7032.0|7059.5
AMBER,16-Jan-25,12.03,6976.0,6976.0,6945.4,6955.65,7016.059219647993,SELL,100,2025-01-16 12:03,1737009180,16-Jan-25|12.03|6976.0|6955.65
AMBER,17-Jan-25,09.54,6924.65,6955.0,6920.0,6946.35,6927.558250521703,BUY,100,2025-01-17 09:54,1737087840,17-Jan-25|09.54|6924.65|6946.35
AMBER,17-Jan-25,10.21,6925.95,6928.7,6870.0,6872.9,6927.683538827452,SELL,100,2025-01-17 10:21,1737089460,17-Jan-25|10.21|6925.95|6872.9
AMBER,20-Jan-25,09.27,6848.5,6875.0,6840.0,6866.75,6830.432624779055,BUY,100,2025-01-20 09:27,1737345420,20-Jan-25|09.27|6848.5|6866.75
AMBER,21-Jan-25,09.48,6981.45,6981.45,6903.0,6903.0,6960.963732567097,SELL,100,2025-01-21 09:48,1737433080,21-Jan-25|09.48|6981.45|6903.0
AMBER,23-Jan-25,09.18,6464.6,6578.95,6462.9,6574.85,6432.412731127409,BUY,100,2025-01-23 09:18,1737604080,23-Jan-25|09.18|6464.6|6574.85
AMBER,27-Jan-25,09.24,6906.95,6919.0,6805.1,6814.0,6909.641500621317,SELL,100,2025-01-27 09:24,1737950040,27-Jan-25|09.24|6906.95|6814.0
AMBER,28-Jan-25,12.18,6559.95,6630.9,6554.05,6624.3,6567.80828746013,BUY,100,2025-01-28 12:18,1738046880,28-Jan-25|12.18|6559.95|6624.3
AMBER,29-Jan-25,12.54,6717.15,6722.8,6676.35,6680.0,6722.418566338947,SELL,100,2025-01-29 12:54,1738135440,29-Jan-25|12.54|6717.15|6680.0
AMBER,31-Jan-25,10.54,6490.8,6517.0,6486.45,6506.95,6476.608536904114,BUY,100,2025-01-31 10:54,1738301040,31-Jan-25|10.54|6490.8|6506.95
AMBER,03-Feb-25,13.27,6629.7,6640.0,6610.0,6616.55,6637.382594559077,SELL,100,2025-02-03 13:27,1738569420,03-Feb-25|13.27|6629.7|6616.55
AMBER,04-Feb-25,09.18,6642.7,6669.75,6616.5,6665.0,6615.8905367540365,BUY,100,2025-02-04 09:18,1738640880,04-Feb-25|09.18|6642.7|6665.0
AMBER,07-Feb-25,10.18,6918.95,6918.95,6886.0,6893.9,6905.085557580956,SELL,100,2025-02-07 10:18,1738903680,07-Feb-25|10.18|6918.95|6893.9
AMBER,07-Feb-25,13.30,6915.25,6950.0,6913.3,6940.0,6900.8962255438855,BUY,100,2025-02-07 13:30,1738915200,07-Feb-25|13.30|6915.25|6940.0
AMBER,07-Feb-25,15.06,6919.0,6922.1,6887.05,6895.0,6906.840987583504,SELL,100,2025-02-07 15:06,1738920960,07-Feb-25|15.06|6919.0|6895.0
AMBER,19-Feb-25,09.51,5570.35,5619.8,5551.35,5613.1,5568.035333633834,BUY,100,2025-02-19 09:51,1739938860,19-Feb-25|09.51|5570.35|5613.1
AMBER,24-Feb-25,09.21,5890.5,5890.5,5850.0,5856.45,5886.84050099409,SELL,100,2025-02-24 09:21,1740369060,24-Feb-25|09.21|5890.5|5856.45
AMBER,24-Feb-25,12.24,5885.6,5910.5,5880.0,5910.5,5857.711396954224,BUY,100,2025-02-24 12:24,1740380040,24-Feb-25|12.24|5885.6|5910.5
AMBER,27-Feb-25,09.36,6014.2,6016.25,5993.0,5993.0,6025.572335798788,SELL,100,2025-02-27 09:36,1740629160,27-Feb-25|09.36|6014.2|5993.0
AMBER,27-Feb-25,12.42,5951.05,6016.85,5947.25,5999.0,5972.117160006188,BUY,100,2025-02-27 12:42,1740640320,27-Feb-25|12.42|5951.05|5999.0
AMBER,27-Feb-25,14.36,6006.5,6019.85,5968.85,5975.0,5995.623073014356,SELL,100,2025-02-27 14:36,1740647160,27-Feb-25|14.36|6006.5|5975.0
AMBER,03-Mar-25,09.36,5737.2,5810.0,5737.2,5800.0,5766.694952376062,BUY,100,2025-03-03 09:36,1740974760,03-Mar-25|09.36|5737.2|5800.0
AMBER,03-Mar-25,09.42,5739.15,5739.4,5675.0,5711.7,5765.848310909246,SELL,100,2025-03-03 09:42,1740975120,03-Mar-25|09.42|5739.15|5711.7
AMBER,03-Mar-25,15.03,5609.5,5674.95,5609.4,5674.05,5622.48516760416,BUY,100,2025-03-03 15:03,1740994380,03-Mar-25|15.03|5609.5|5674.05
AMBER,11-Mar-25,09.18,6279.0,6297.0,6234.05,6240.0,6399.994393363303,SELL,100,2025-03-11 09:18,1741664880,11-Mar-25|09.18|6279.0|6240.0
AMBER,11-Mar-25,13.54,6388.5,6425.0,6388.5,6422.75,6356.338932881557,BUY,100,2025-03-11 13:54,1741681440,11-Mar-25|13.54|6388.5|6422.75
AMBER,13-Mar-25,10.33,6431.55,6431.55,6406.0,6410.0,6435.274443095966,SELL,100,2025-03-13 10:33,1741842180,13-Mar-25|10.33|6431.55|6410.0
AMBER,17-Mar-25,09.24,6402.4,6459.95,6402.4,6450.45,6403.425276531887,BUY,100,2025-03-17 09:24,1742183640,17-Mar-25|09.24|6402.4|6450.45
AMBER,21-Mar-25,09.30,6991.4,6992.6,6960.0,6971.35,7074.641455644736,SELL,100,2025-03-21 09:30,1742529600,21-Mar-25|09.30|6991.4|6971.35
AMBER,24-Mar-25,10.36,6987.65,7023.7,6987.65,7016.1,6974.107545737117,BUY,100,2025-03-24 10:36,1742792760,24-Mar-25|10.36|6987.65|7016.1
AMBER,25-Mar-25,09.27,7017.65,7017.65,6972.7,6977.4,7005.047845406428,SELL,100,2025-03-25 09:27,1742875020,25-Mar-25|09.27|7017.65|6977.4
AMBER,26-Mar-25,09.21,6941.55,6992.45,6930.0,6981.35,6927.467748946697,BUY,100,2025-03-26 09:21,1742961060,26-Mar-25|09.21|6941.55|6981.35
AMBER,26-Mar-25,09.27,6965.35,6969.9,6850.0,6860.25,6927.217911092254,SELL,100,2025-03-26 09:27,1742961420,26-Mar-25|09.27|6965.35|6860.25
AMBER,27-Mar-25,10.27,6863.0,6884.95,6861.85,6880.0,6861.6609256555,BUY,100,2025-03-27 10:27,1743051420,27-Mar-25|10.27|6863.0|6880.0
AMBER,01-Apr-25,09.18,7062.4,7081.55,7005.05,7034.4,7142.476949379579,SELL,100,2025-04-01 09:18,1743479280,01-Apr-25|09.18|7062.4|7034.4
AMBER,02-Apr-25,10.09,6913.85,6995.75,6908.3,6993.85,6960.407736721586,BUY,100,2025-04-02 10:09,1743568740,02-Apr-25|10.09|6913.85|6993.85
AMBER,03-Apr-25,09.54,6963.5,6963.5,6943.0,6949.6,6973.720843539744,SELL,100,2025-04-03 09:54,1743654240,03-Apr-25|09.54|6963.5|6949.6
AMBER,08-Apr-25,09.27,6427.65,6469.0,6426.55,6468.8,6308.6100758913,BUY,100,2025-04-08 09:27,1744084620,08-Apr-25|09.27|6427.65|6468.8
AMBER,09-Apr-25,09.18,6312.05,6318.25,6228.05,6260.55,6411.480167341713,SELL,100,2025-04-09 09:18,1744170480,09-Apr-25|09.18|6312.05|6260.55
AMBER,11-Apr-25,09.21,6326.35,6378.75,6322.35,6376.5,6230.167122637703,BUY,100,2025-04-11 09:21,1744343460,11-Apr-25|09.21|6326.35|6376.5
AMBER,16-Apr-25,13.24,6763.0,6763.0,6743.0,6743.0,6769.132846152455,SELL,100,2025-04-16 13:24,1744790040,16-Apr-25|13.24|6763.0|6743.0
AMBER,17-Apr-25,09.24,6835.0,6910.0,6827.0,6902.0,6769.455676938631,BUY,100,2025-04-17 09:24,1744862040,17-Apr-25|09.24|6835.0|6902.0
AMBER,17-Apr-25,10.15,6791.0,6791.0,6735.0,6750.0,6779.433864863451,SELL,100,2025-04-17 10:15,1744865100,17-Apr-25|10.15|6791.0|6750.0
AMBER,21-Apr-25,09.57,6757.0,6775.0,6756.0,6775.0,6740.392384183949,BUY,100,2025-04-21 09:57,1745209620,21-Apr-25|09.57|6757.0|6775.0
AMBER,21-Apr-25,14.36,6766.5,6770.0,6747.0,6750.5,6772.446817621811,SELL,100,2025-04-21 14:36,1745226360,21-Apr-25|14.36|6766.5|6750.5
AMBER,28-Apr-25,09.33,6363.5,6430.0,6360.0,6417.5,6391.9401027822805,BUY,100,2025-04-28 09:33,1745812980,28-Apr-25|09.33|6363.5|6417.5
AMBER,28-Apr-25,14.24,6381.0,6381.5,6351.5,6359.0,6392.749050210608,SELL,100,2025-04-28 14:24,1745830440,28-Apr-25|14.24|6381.0|6359.0
AMBER,07-May-25,09.33,5986.5,6030.5,5972.0,6029.5,6007.042683429913,BUY,100,2025-05-07 09:33,1746590580,07-May-25|09.33|5986.5|6029.5
AMBER,07-May-25,13.30,5986.5,5992.5,5965.5,5968.0,6011.499653746669,SELL,100,2025-05-07 13:30,1746604800,07-May-25|13.30|5986.5|5968.0
AMBER,08-May-25,09.42,6045.0,6090.0,6042.0,6089.0,6006.559918982142,BUY,100,2025-05-08 09:42,1746677520,08-May-25|09.42|6045.0|6089.0
AMBER,08-May-25,13.54,6153.0,6153.0,6130.0,6130.0,6151.07110985467,SELL,100,2025-05-08 13:54,1746692640,08-May-25|13.54|6153.0|6130.0
AMBER,12-May-25,09.51,6118.0,6170.0,6118.0,6156.0,5936.316385837146,BUY,100,2025-05-12 09:51,1747023660,12-May-25|09.51|6118.0|6156.0
AMBER,16-May-25,15.06,6419.0,6419.0,6391.0,6391.0,6425.556261738897,SELL,100,2025-05-16 15:06,1747388160,16-May-25|15.06|6419.0|6391.0
AMBER,20-May-25,09.51,6309.5,6349.5,6309.5,6336.0,6315.127453198664,BUY,100,2025-05-20 09:51,1747714860,20-May-25|09.51|6309.5|6336.0
AMBER,22-May-25,10.30,6598.0,6598.0,6576.5,6580.0,6597.093394791781,SELL,100,2025-05-22 10:30,1747890000,22-May-25|10.30|6598.0|6580.0
AMBER,22-May-25,15.03,6559.5,6590.0,6555.0,6586.0,6566.33334586452,BUY,100,2025-05-22 15:03,1747906380,22-May-25|15.03|6559.5|6586.0
AMBER,23-May-25,13.21,6559.0,6559.5,6538.0,6545.5,6577.169602822818,SELL,100,2025-05-23 13:21,1747986660,23-May-25|13.21|6559.0|6545.5
AMBER,27-May-25,09.39,6539.0,6549.5,6537.0,6549.5,6445.813395750973,BUY,100,2025-05-27 09:39,1748318940,27-May-25|09.39|6539.0|6549.5
AMBER,27-May-25,13.30,6488.0,6489.0,6457.0,6468.0,6497.51051520856,SELL,100,2025-05-27 13:30,1748332800,27-May-25|13.30|6488.0|6468.0
AMBER,30-May-25,09.39,6429.5,6452.0,6419.0,6451.0,6424.172915744873,BUY,100,2025-05-30 09:39,1748578140,30-May-25|09.39|6429.5|6451.0
AMBER,02-Jun-25,09.18,6438.0,6438.0,6401.0,6403.0,6458.62422813292,SELL,100,2025-06-02 09:18,1748836080,02-Jun-25|09.18|6438.0|6403.0
AMBER,05-Jun-25,09.33,6306.5,6345.0,6306.5,6333.0,6299.639389958077,BUY,100,2025-06-05 09:33,1749096180,05-Jun-25|09.33|6306.5|6333.0
AMBER,05-Jun-25,13.45,6345.5,6345.5,6318.5,6326.0,6342.350325941084,SELL,100,2025-06-05 13:45,1749111300,05-Jun-25|13.45|6345.5|6326.0
AMBER,06-Jun-25,12.27,6331.0,6345.5,6321.5,6345.0,6318.5004957676565,BUY,100,2025-06-06 12:27,1749193020,06-Jun-25|12.27|6331.0|6345.0
AMBER,10-Jun-25,12.45,6543.0,6543.0,6515.0,6525.0,6539.076570462979,SELL,100,2025-06-10 12:45,1749539700,10-Jun-25|12.45|6543.0|6525.0
AMBER,10-Jun-25,14.24,6579.5,6594.5,6577.0,6587.5,6545.690148626065,BUY,100,2025-06-10 14:24,1749545640,10-Jun-25|14.24|6579.5|6587.5
AMBER,11-Jun-25,13.42,6591.0,6591.0,6577.0,6584.5,6598.653707356633,SELL,100,2025-06-11 13:42,1749629520,11-Jun-25|13.42|6591.0|6584.5
AMBER,11-Jun-25,14.54,6611.0,6619.5,6609.0,6619.5,6593.809795696053,BUY,100,2025-06-11 14:54,1749633840,11-Jun-25|14.54|6611.0|6619.5
AMBER,12-Jun-25,11.57,6580.0,6580.0,6570.0,6570.0,6600.100900506585,SELL,100,2025-06-12 11:57,1749709620,12-Jun-25|11.57|6580.0|6570.0
AMBER,16-Jun-25,14.12,6425.0,6445.5,6421.0,6445.5,6428.862085502239,BUY,100,2025-06-16 14:12,1750063320,16-Jun-25|14.12|6425.0|6445.5
AMBER,19-Jun-25,10.30,6616.0,6616.0,6588.0,6593.5,6628.894706083858,SELL,100,2025-06-19 10:30,1750309200,19-Jun-25|10.30|6616.0|6593.5
AMBER,20-Jun-25,15.00,6478.0,6541.5,6471.0,6531.5,6483.6416842677845,BUY,100,2025-06-20 15:00,1750411800,20-Jun-25|15.00|6478.0|6531.5
AMBER,26-Jun-25,12.18,6780.0,6785.0,6760.0,6764.5,6787.229704804735,SELL,100,2025-06-26 12:18,1750920480,26-Jun-25|12.18|6780.0|6764.5
AMBER,27-Jun-25,09.27,6872.0,6915.0,6870.5,6915.0,6784.5320150567,BUY,100,2025-06-27 09:27,1750996620,27-Jun-25|09.27|6872.0|6915.0
AMBER,30-Jun-25,10.33,6866.5,6866.5,6822.0,6824.0,6863.558202780618,SELL,100,2025-06-30 10:33,1751259780,30-Jun-25|10.33|6866.5|6824.0
AMBER,01-Jul-25,11.06,6825.0,6840.0,6824.0,6839.0,6809.664505003521,BUY,100,2025-07-01 11:06,1751348160,01-Jul-25|11.06|6825.0|6839.0
AMBER,04-Jul-25,11.45,7315.5,7315.5,7277.0,7277.0,7299.039178863202,SELL,100,2025-07-04 11:45,1751609700,04-Jul-25|11.45|7315.5|7277.0
AMBER,04-Jul-25,13.54,7315.5,7328.0,7314.0,7323.5,7294.345459943113,BUY,100,2025-07-04 13:54,1751617440,04-Jul-25|13.54|7315.5|7323.5
AMBER,07-Jul-25,11.51,7360.0,7360.0,7329.0,7329.0,7353.996791694803,SELL,100,2025-07-07 11:51,1751869260,07-Jul-25|11.51|7360.0|7329.0
AMBER,07-Jul-25,12.09,7363.5,7388.5,7360.0,7388.0,7353.960221381217,BUY,100,2025-07-07 12:09,1751870340,07-Jul-25|12.09|7363.5|7388.0
AMBER,11-Jul-25,09.27,7731.0,7731.0,7652.0,7653.0,7704.640898661304,SELL,100,2025-07-11 09:27,1752206220,11-Jul-25|09.27|7731.0|7653.0
AMBER,14-Jul-25,09.18,7547.0,7577.5,7544.0,7574.5,7535.355161720096,BUY,100,2025-07-14 09:18,1752464880,14-Jul-25|09.18|7547.0|7574.5
AMBER,16-Jul-25,09.24,7777.0,7790.5,7717.0,7729.5,7755.254825607854,SELL,100,2025-07-16 09:24,1752638040,16-Jul-25|09.24|7777.0|7729.5
AMBER,18-Jul-25,09.39,7620.0,7649.0,7620.0,7638.0,7610.573282763952,BUY,100,2025-07-18 09:39,1752811740,18-Jul-25|09.39|7620.0|7638.0
AMBER,18-Jul-25,12.12,7626.5,7630.0,7607.0,7612.0,7623.652791046523,SELL,100,2025-07-18 12:12,1752820920,18-Jul-25|12.12|7626.5|7612.0
AMBER,18-Jul-25,14.42,7600.0,7625.0,7600.0,7623.0,7604.548422360429,BUY,100,2025-07-18 14:42,1752829920,18-Jul-25|14.42|7600.0|7623.0
AMBER,21-Jul-25,09.21,7578.5,7597.0,7543.0,7556.5,7604.022403367021,SELL,100,2025-07-21 09:21,1753069860,21-Jul-25|09.21|7578.5|7556.5
AMBER,22-Jul-25,09.30,7521.0,7566.0,7520.0,7563.0,7508.362215581401,BUY,100,2025-07-22 09:30,1753156800,22-Jul-25|09.30|7521.0|7563.0
AMBER,22-Jul-25,10.00,7524.0,7528.5,7475.0,7478.5,7510.229244516715,SELL,100,2025-07-22 10:00,1753158600,22-Jul-25|10.00|7524.0|7478.5
AMBER,24-Jul-25,13.48,7319.5,7367.5,7317.0,7360.5,7308.585033425466,BUY,100,2025-07-24 13:48,1753345080,24-Jul-25|13.48|7319.5|7360.5
AMBER,25-Jul-25,10.39,7352.0,7354.0,7317.0,7328.0,7339.008281542017,SELL,100,2025-07-25 10:39,1753420140,25-Jul-25|10.39|7352.0|7328.0
AMBER,28-Jul-25,09.18,7315.0,7380.0,7306.0,7354.0,7287.4527847716,BUY,100,2025-07-28 09:18,1753674480,28-Jul-25|09.18|7315.0|7354.0
AMBER,29-Jul-25,09.21,7385.0,7388.0,7363.5,7372.5,7397.448068203101,SELL,100,2025-07-29 09:21,1753761060,29-Jul-25|09.21|7385.0|7372.5
AMBER,29-Jul-25,13.12,7426.5,7635.5,7378.5,7633.0,7399.739975462966,BUY,100,2025-07-29 13:12,1753774920,29-Jul-25|13.12|7426.5|7633.0
AMBER,31-Jul-25,09.48,7856.0,7880.0,7837.5,7839.0,7867.335713027188,SELL,100,2025-07-31 09:48,1753935480,31-Jul-25|09.48|7856.0|7839.0
AMBER,31-Jul-25,10.42,7914.5,7937.0,7914.0,7930.5,7866.961752168164,BUY,100,2025-07-31 10:42,1753938720,31-Jul-25|10.42|7914.5|7930.5
AMBER,01-Aug-25,12.45,7986.0,7986.0,7940.0,7959.0,7990.416817239162,SELL,100,2025-08-01 12:45,1754032500,01-Aug-25|12.45|7986.0|7959.0
AMBER,04-Aug-25,12.30,7937.0,7956.0,7933.0,7952.0,7928.971313672241,BUY,100,2025-08-04 12:30,1754290800,04-Aug-25|12.30|7937.0|7952.0
AMBER,05-Aug-25,09.30,7959.0,7959.5,7934.0,7934.0,7952.38151913545,SELL,100,2025-08-05 09:30,1754366400,05-Aug-25|09.30|7959.0|7934.0
AMBER,07-Aug-25,14.51,7701.5,7708.5,7698.5,7702.0,7674.392709407514,BUY,100,2025-08-07 14:51,1754558460,07-Aug-25|14.51|7701.5|7702.0
AMBER,08-Aug-25,09.33,7667.0,7674.5,7650.5,7655.0,7680.279292775829,SELL,100,2025-08-08 09:33,1754625780,08-Aug-25|09.33|7667.0|7655.0
AMBER,13-Aug-25,10.27,6930.0,6975.0,6919.0,6970.0,6931.217677058586,BUY,100,2025-08-13 10:27,1755061020,13-Aug-25|10.27|6930.0|6970.0
AMBER,13-Aug-25,11.09,6936.0,6937.0,6906.0,6910.0,6933.891747815056,SELL,100,2025-08-13 11:09,1755063540,13-Aug-25|11.09|6936.0|6910.0
AMBER,13-Aug-25,11.48,6954.0,6965.0,6946.5,6960.5,6931.594975891514,BUY,100,2025-08-13 11:48,1755065880,13-Aug-25|11.48|6954.0|6960.5
AMBER,14-Aug-25,09.33,6937.0,6939.5,6905.0,6914.0,6951.715825489368,SELL,100,2025-08-14 09:33,1755144180,14-Aug-25|09.33|6937.0|6914.0
AMBER,18-Aug-25,09.21,7281.0,7439.0,7281.0,7419.5,6931.974035633827,BUY,100,2025-08-18 09:21,1755489060,18-Aug-25|09.21|7281.0|7419.5
AMBER,21-Aug-25,09.24,7368.0,7375.0,7340.0,7343.0,7372.294192642174,SELL,100,2025-08-21 09:24,1755748440,21-Aug-25|09.24|7368.0|7343.0
AMBER,22-Aug-25,09.48,7366.0,7402.5,7366.0,7402.5,7357.1120980839105,BUY,100,2025-08-22 09:48,1755836280,22-Aug-25|09.48|7366.0|7402.5
AMBER,22-Aug-25,12.45,7338.0,7338.5,7320.0,7320.0,7359.853009057973,SELL,100,2025-08-22 12:45,1755846900,22-Aug-25|12.45|7338.0|7320.0
AMBER,25-Aug-25,10.48,7343.0,7359.0,7342.0,7355.0,7326.784553575182,BUY,100,2025-08-25 10:48,1756099080,25-Aug-25|10.48|7343.0|7355.0
AMBER,26-Aug-25,09.30,7309.5,7310.5,7265.0,7274.5,7329.908645178195,SELL,100,2025-08-26 09:30,1756180800,26-Aug-25|09.30|7309.5|7274.5
AMBER,28-Aug-25,10.24,7280.5,7286.5,7280.0,7286.5,7273.490436101309,BUY,100,2025-08-28 10:24,1756356840,28-Aug-25|10.24|7280.5|7286.5
AMBER,28-Aug-25,13.33,7290.0,7295.0,7262.5,7264.5,7290.670323533748,SELL,100,2025-08-28 13:33,1756368180,28-Aug-25|13.33|7290.0|7264.5
AMBER,29-Aug-25,09.18,7323.5,7353.0,7323.5,7343.5,7286.848877128207,BUY,100,2025-08-29 09:18,1756439280,29-Aug-25|09.18|7323.5|7343.5
AMBER,29-Aug-25,15.03,7306.0,7307.5,7281.5,7284.5,7309.567885865848,SELL,100,2025-08-29 15:03,1756459980,29-Aug-25|15.03|7306.0|7284.5
AMBER,01-Sep-25,09.24,7336.5,7353.0,7331.0,7350.0,7307.088591463383,BUY,100,2025-09-01 09:24,1756698840,01-Sep-25|09.24|7336.5|7350.0
AMBER,03-Sep-25,13.00,7631.0,7631.5,7616.5,7618.5,7632.860639448907,SELL,100,2025-09-03 13:00,1756884600,03-Sep-25|13.00|7631.0|7618.5
AMBER,03-Sep-25,15.09,7641.0,7650.0,7638.5,7647.5,7632.664432231295,BUY,100,2025-09-03 15:09,1756892340,03-Sep-25|15.09|7641.0|7647.5
AMBER,04-Sep-25,15.03,7715.5,7719.0,7694.5,7697.0,7708.192742518423,SELL,100,2025-09-04 15:03,1756978380,04-Sep-25|15.03|7715.5|7697.0
AMBER,05-Sep-25,09.18,7772.0,7855.0,7772.0,7855.0,7709.1138540000975,BUY,100,2025-09-05 09:18,1757044080,05-Sep-25|09.18|7772.0|7855.0
AMBER,08-Sep-25,09.45,7739.0,7740.0,7685.0,7687.5,7748.384590026447,SELL,100,2025-09-08 09:45,1757304900,08-Sep-25|09.45|7739.0|7687.5
AMBER,09-Sep-25,10.54,7528.0,7561.5,7528.0,7559.5,7545.689197157764,BUY,100,2025-09-09 10:54,1757395440,09-Sep-25|10.54|7528.0|7559.5
AMBER,18-Sep-25,09.48,8237.5,8240.0,8209.0,8209.0,8237.900486669228,SELL,100,2025-09-18 09:48,1758169080,18-Sep-25|09.48|8237.5|8209.0
AMBER,18-Sep-25,14.24,8214.5,8235.0,8214.5,8231.0,8216.805042111486,BUY,100,2025-09-18 14:24,1758185640,18-Sep-25|14.24|8214.5|8231.0
AMBER,22-Sep-25,09.18,8241.5,8249.0,8167.0,8196.5,8277.926143274795,SELL,100,2025-09-22 09:18,1758512880,22-Sep-25|09.18|8241.5|8196.5
AMBER,22-Sep-25,10.30,8272.0,8283.0,8272.0,8282.0,8269.766331537583,BUY,100,2025-09-22 10:30,1758517200,22-Sep-25|10.30|8272.0|8282.0
AMBER,23-Sep-25,09.30,8310.0,8320.0,8281.5,8281.5,8298.43219439527,SELL,100,2025-09-23 09:30,1758600000,23-Sep-25|09.30|8310.0|8281.5
AMBER,23-Sep-25,11.03,8304.5,8322.0,8304.5,8322.0,8294.673369506438,BUY,100,2025-09-23 11:03,1758605580,23-Sep-25|11.03|8304.5|8322.0
AMBER,23-Sep-25,12.39,8297.0,8300.5,8283.0,8283.0,8299.713174678489,SELL,100,2025-09-23 12:39,1758611340,23-Sep-25|12.39|8297.0|8283.0
AMBER,24-Sep-25,09.33,8290.5,8323.0,8284.5,8315.0,8292.960569695844,BUY,100,2025-09-24 09:33,1758686580,24-Sep-25|09.33|8290.5|8315.0
AMBER,26-Sep-25,09.18,8366.0,8375.0,8300.0,8314.5,8419.856835923198,SELL,100,2025-09-26 09:18,1758858480,26-Sep-25|09.18|8366.0|8314.5
AMBER,29-Sep-25,13.36,8140.0,8183.0,8139.0,8176.5,8140.170880731051,BUY,100,2025-09-29 13:36,1759133160,29-Sep-25|13.36|8140.0|8176.5
AMBER,30-Sep-25,09.21,8149.5,8164.5,8133.0,8135.5,8174.538782226374,SELL,100,2025-09-30 09:21,1759204260,30-Sep-25|09.21|8149.5|8135.5
AMBER,01-Oct-25,11.12,8171.0,8185.0,8168.5,8183.0,8137.582849067153,BUY,100,2025-10-01 11:12,1759297320,01-Oct-25|11.12|8171.0|8183.0
AMBER,03-Oct-25,12.18,8206.0,8207.5,8181.0,8181.0,8199.508595572624,SELL,100,2025-10-03 12:18,1759474080,03-Oct-25|12.18|8206.0|8181.0
AMBER,06-Oct-25,14.57,8162.0,8179.0,8159.0,8175.5,8163.593411799336,BUY,100,2025-10-06 14:57,1759742820,06-Oct-25|14.57|8162.0|8175.5
AMBER,08-Oct-25,10.39,8304.0,8304.0,8268.0,8270.5,8322.828133730509,SELL,100,2025-10-08 10:39,1759900140,08-Oct-25|10.39|8304.0|8270.5
AMBER,09-Oct-25,15.15,8228.0,8289.5,8228.0,8260.0,8223.038694500601,BUY,100,2025-10-09 15:15,1760003100,09-Oct-25|15.15|8228.0|8260.0
AMBER,13-Oct-25,09.24,8277.5,8282.0,8231.0,8242.5,8274.008521161539,SELL,100,2025-10-13 09:24,1760327640,13-Oct-25|09.24|8277.5|8242.5
AMBER,13-Oct-25,10.30,8291.5,8320.0,8290.0,8315.0,8273.422210179104,BUY,100,2025-10-13 10:30,1760331600,13-Oct-25|10.30|8291.5|8315.0
AMBER,13-Oct-25,15.18,8320.0,8320.0,8294.0,8299.5,8320.569471310058,SELL,100,2025-10-13 15:18,1760348880,13-Oct-25|15.18|8320.0|8299.5
AMBER,14-Oct-25,09.18,8370.0,8382.5,8354.0,8381.0,8322.080896053465,BUY,100,2025-10-14 09:18,1760413680,14-Oct-25|09.18|8370.0|8381.0
AMBER,14-Oct-25,10.30,8332.0,8332.0,8305.0,8306.5,8329.50680830235,SELL,100,2025-10-14 10:30,1760418000,14-Oct-25|10.30|8332.0|8306.5
AMBER,16-Oct-25,09.21,8245.0,8288.0,8245.0,8285.0,8240.8444290975,BUY,100,2025-10-16 09:21,1760586660,16-Oct-25|09.21|8245.0|8285.0
AMBER,16-Oct-25,13.36,8280.0,8280.0,8223.5,8224.0,8275.96561987983,SELL,100,2025-10-16 13:36,1760601960,16-Oct-25|13.36|8280.0|8224.0
AMBER,17-Oct-25,09.27,8264.5,8311.0,8264.5,8295.0,8257.94295367093,BUY,100,2025-10-17 09:27,1760673420,17-Oct-25|09.27|8264.5|8295.0
AMBER,17-Oct-25,14.00,8312.5,8313.5,8270.0,8273.0,8306.316544909927,SELL,100,2025-10-17 14:00,1760689800,17-Oct-25|14.00|8312.5|8273.0
AMBER,20-Oct-25,09.18,8311.5,8375.0,8311.5,8369.0,8298.348381049858,BUY,100,2025-10-20 09:18,1760932080,20-Oct-25|09.18|8311.5|8369.0
AMBER,20-Oct-25,09.42,8309.5,8309.5,8253.0,8260.0,8299.146545406196,SELL,100,2025-10-20 09:42,1760933520,20-Oct-25|09.42|8309.5|8260.0
AMBER,23-Oct-25,12.18,8235.0,8260.0,8229.5,8254.0,8236.919536348889,BUY,100,2025-10-23 12:18,1761202080,23-Oct-25|12.18|8235.0|8254.0
AMBER,24-Oct-25,12.00,8330.0,8330.0,8265.5,8269.0,8307.191445636056,SELL,100,2025-10-24 12:00,1761287400,24-Oct-25|12.00|8330.0|8269.0
AMBER,27-Oct-25,09.18,8344.5,8382.0,8338.0,8376.5,8318.397231875906,BUY,100,2025-10-27 09:18,1761536880,27-Oct-25|09.18|8344.5|8376.5
AMBER,28-Oct-25,14.21,8418.0,8418.0,8385.5,8390.0,8417.503501369276,SELL,100,2025-10-28 14:21,1761641460,28-Oct-25|14.21|8418.0|8390.0
AMBER,28-Oct-25,14.48,8411.5,8445.0,8409.0,8440.5,8415.696574410793,BUY,100,2025-10-28 14:48,1761643080,28-Oct-25|14.48|8411.5|8440.5
AMBER,29-Oct-25,11.51,8463.0,8468.5,8431.0,8431.0,8463.161042204809,SELL,100,2025-10-29 11:51,1761718860,29-Oct-25|11.51|8463.0|8431.0
AMBER,06-Nov-25,09.42,7880.0,7912.0,7867.0,7907.0,7866.636755684141,BUY,100,2025-11-06 09:42,1762402320,06-Nov-25|09.42|7880.0|7907.0
AMBER,06-Nov-25,11.51,7887.0,7887.0,7727.0,7764.0,7896.644224686291,SELL,100,2025-11-06 11:51,1762410060,06-Nov-25|11.51|7887.0|7764.0
AMBER,11-Nov-25,11.00,7165.5,7186.5,7163.0,7177.0,7136.147711678174,BUY,100,2025-11-11 11:00,1762839000,11-Nov-25|11.00|7165.5|7177.0
AMBER,11-Nov-25,14.48,7193.5,7195.0,7145.0,7158.5,7176.509854669963,SELL,100,2025-11-11 14:48,1762852680,11-Nov-25|14.48|7193.5|7158.5
AMBER,12-Nov-25,09.18,7188.5,7237.0,7188.0,7237.0,7174.412118256517,BUY,100,2025-11-12 09:18,1762919280,12-Nov-25|09.18|7188.5|7237.0
AMBER,12-Nov-25,09.45,7155.0,7156.0,7145.0,7147.5,7175.7298400193085,SELL,100,2025-11-12 09:45,1762920900,12-Nov-25|09.45|7155.0|7147.5
AMBER,12-Nov-25,12.00,7160.5,7178.0,7159.5,7175.5,7160.3707683700895,BUY,100,2025-11-12 12:00,1762929000,12-Nov-25|12.00|7160.5|7175.5
AMBER,13-Nov-25,10.33,7171.0,7171.0,7143.5,7152.5,7172.897022913851,SELL,100,2025-11-13 10:33,1763010180,13-Nov-25|10.33|7171.0|7152.5
AMBER,14-Nov-25,09.18,7157.0,7220.0,7157.0,7186.5,7157.448195360564,BUY,100,2025-11-14 09:18,1763092080,14-Nov-25|09.18|7157.0|7186.5
AMBER,18-Nov-25,09.42,7398.5,7399.0,7385.0,7385.0,7394.461442193905,SELL,100,2025-11-18 09:42,1763439120,18-Nov-25|09.42|7398.5|7385.0
AMBER,18-Nov-25,14.24,7374.0,7401.0,7372.0,7399.0,7372.877368830015,BUY,100,2025-11-18 14:24,1763456040,18-Nov-25|14.24|7374.0|7399.0
AMBER,20-Nov-25,09.42,7380.0,7380.0,7361.0,7368.0,7384.045072729796,SELL,100,2025-11-20 09:42,1763611920,20-Nov-25|09.42|7380.0|7368.0
AMBER,25-Nov-25,13.21,7091.5,7110.0,7090.0,7109.5,7088.583388235364,BUY,100,2025-11-25 13:21,1764057060,25-Nov-25|13.21|7091.5|7109.5
AMBER,27-Nov-25,09.48,7195.5,7196.0,7167.5,7170.0,7192.94789899935,SELL,100,2025-11-27 09:48,1764217080,27-Nov-25|09.48|7195.5|7170.0
AMBER,28-Nov-25,14.51,7102.5,7110.0,7098.5,7110.0,7098.505459916728,BUY,100,2025-11-28 14:51,1764321660,28-Nov-25|14.51|7102.5|7110.0
AMBER,01-Dec-25,09.45,7102.0,7104.5,7086.5,7089.5,7107.848532696354,SELL,100,2025-12-01 09:45,1764562500,01-Dec-25|09.45|7102.0|7089.5
AMBER,01-Dec-25,14.09,7073.5,7084.0,7073.5,7084.0,7076.369127594954,BUY,100,2025-12-01 14:09,1764578340,01-Dec-25|14.09|7073.5|7084.0
AMBER,02-Dec-25,09.27,7101.0,7103.5,7066.5,7069.0,7076.894471233611,SELL,100,2025-12-02 09:27,1764647820,02-Dec-25|09.27|7101.0|7069.0
AMBER,02-Dec-25,15.00,7031.5,7053.5,7031.5,7053.0,7044.17374379163,BUY,100,2025-12-02 15:00,1764667800,02-Dec-25|15.00|7031.5|7053.0
AMBER,02-Dec-25,15.15,7047.5,7047.5,7021.5,7021.5,7044.340586281835,SELL,100,2025-12-02 15:15,1764668700,02-Dec-25|15.15|7047.5|7021.5
AMBER,04-Dec-25,11.03,7044.0,7087.0,7044.0,7069.0,7033.912534995439,BUY,100,2025-12-04 11:03,1764826380,04-Dec-25|11.03|7044.0|7069.0
AMBER,04-Dec-25,11.54,7031.5,7031.5,7014.5,7016.0,7036.580505873663,SELL,100,2025-12-04 11:54,1764829440,04-Dec-25|11.54|7031.5|7016.0
AMBER,09-Dec-25,12.15,6500.5,6537.0,6500.5,6531.5,6485.3318857543,BUY,100,2025-12-09 12:15,1765262700,09-Dec-25|12.15|6500.5|6531.5
AMBER,10-Dec-25,13.57,6627.5,6627.5,6606.0,6607.5,6633.694197920828,SELL,100,2025-12-10 13:57,1765355220,10-Dec-25|13.57|6627.5|6607.5
AMBER,11-Dec-25,12.21,6584.5,6615.0,6584.5,6610.0,6587.305380153664,BUY,100,2025-12-11 12:21,1765435860,11-Dec-25|12.21|6584.5|6610.0
AMBER,11-Dec-25,13.00,6587.5,6590.0,6567.5,6572.5,6590.245550356861,SELL,100,2025-12-11 13:00,1765438200,11-Dec-25|13.00|6587.5|6572.5
AMBER,12-Dec-25,13.39,6567.5,6611.0,6565.5,6610.0,6564.287935171082,BUY,100,2025-12-12 13:39,1765526940,12-Dec-25|13.39|6567.5|6610.0
AMBER,16-Dec-25,14.09,6770.0,6770.5,6761.0,6761.5,6771.226227894307,SELL,100,2025-12-16 14:09,1765874340,16-Dec-25|14.09|6770.0|6761.5
AMBER,17-Dec-25,09.36,6784.5,6809.5,6782.5,6801.0,6772.412294557775,BUY,100,2025-12-17 09:36,1765944360,17-Dec-25|09.36|6784.5|6801.0
AMBER,17-Dec-25,10.06,6763.5,6764.0,6741.5,6741.5,6773.738485915875,SELL,100,2025-12-17 10:06,1765946160,17-Dec-25|10.06|6763.5|6741.5
AMBER,19-Dec-25,09.30,6611.0,6639.0,6611.0,6637.0,6608.42299691766,BUY,100,2025-12-19 09:30,1766116800,19-Dec-25|09.30|6611.0|6637.0
AMBER,22-Dec-25,15.21,6702.0,6702.0,6695.0,6695.0,6697.919926824495,SELL,100,2025-12-22 15:21,1766397060,22-Dec-25|15.21|6702.0|6695.0
AMBER,23-Dec-25,12.21,6696.0,6706.0,6693.5,6703.0,6690.6415237432975,BUY,100,2025-12-23 12:21,1766472660,23-Dec-25|12.21|6696.0|6703.0
AMBER,23-Dec-25,14.42,6642.0,6643.5,6630.0,6632.0,6685.401910312537,SELL,100,2025-12-23 14:42,1766481120,23-Dec-25|14.42|6642.0|6632.0
AMBER,24-Dec-25,09.18,6687.5,6717.0,6687.5,6706.0,6681.557027251672,BUY,100,2025-12-24 09:18,1766548080,24-Dec-25|09.18|6687.5|6706.0
AMBER,24-Dec-25,13.15,6702.0,6702.0,6695.0,6698.0,6705.581082193105,SELL,100,2025-12-24 13:15,1766562300,24-Dec-25|13.15|6702.0|6698.0
AMBER,26-Dec-25,13.15,6690.0,6698.0,6687.5,6698.0,6686.026798113241,BUY,100,2025-12-26 13:15,1766735100,26-Dec-25|13.15|6690.0|6698.0
AMBER,26-Dec-25,13.42,6687.5,6687.5,6679.0,6679.0,6686.6071101922,SELL,100,2025-12-26 13:42,1766736720,26-Dec-25|13.42|6687.5|6679.0
AMBER,31-Dec-25,13.51,6374.5,6385.0,6373.5,6384.0,6370.060143783691,BUY,100,2025-12-31 13:51,1767169260,31-Dec-25|13.51|6374.5|6384.0
AMBER,01-Jan-26,12.18,6384.0,6389.5,6375.0,6377.0,6388.243965665087,SELL,100,2026-01-01 12:18,1767250080,01-Jan-26|12.18|6384.0|6377.0
AMBER,01-Jan-26,14.09,6395.0,6406.0,6395.0,6403.5,6388.928433189552,BUY,100,2026-01-01 14:09,1767256740,01-Jan-26|14.09|6395.0|6403.5
AMBER,02-Jan-26,13.27,6475.0,6475.0,6420.0,6433.0,6449.201090290494,SELL,100,2026-01-02 13:27,1767340620,02-Jan-26|13.27|6475.0|6433.0
AMBER,02-Jan-26,14.06,6458.0,6475.0,6457.0,6475.0,6449.716142029007,BUY,100,2026-01-02 14:06,1767342960,02-Jan-26|14.06|6458.0|6475.0
AMBER,06-Jan-26,11.15,6642.5,6642.5,6625.5,6633.0,6646.895833068361,SELL,100,2026-01-06 11:15,1767678300,06-Jan-26|11.15|6642.5|6633.0
AMBER,06-Jan-26,12.27,6650.5,6680.5,6649.0,6680.5,6649.733811092424,BUY,100,2026-01-06 12:27,1767682620,06-Jan-26|12.27|6650.5|6680.5
AMBER,06-Jan-26,14.12,6657.0,6657.0,6636.0,6641.5,6659.618372474873,SELL,100,2026-01-06 14:12,1767688920,06-Jan-26|14.12|6657.0|6641.5
AMBER,06-Jan-26,14.39,6660.0,6679.0,6659.0,6675.0,6658.468115201555,BUY,100,2026-01-06 14:39,1767690540,06-Jan-26|14.39|6660.0|6675.0
AMBER,07-Jan-26,11.48,6660.0,6660.0,6654.5,6654.5,6671.202578301226,SELL,100,2026-01-07 11:48,1767766680,07-Jan-26|11.48|6660.0|6654.5
AMBER,07-Jan-26,14.54,6660.0,6667.5,6656.5,6667.5,6660.864434999065,BUY,100,2026-01-07 14:54,1767777840,07-Jan-26|14.54|6660.0|6667.5
AMBER,08-Jan-26,09.33,6650.5,6650.5,6635.5,6639.5,6661.379857164485,SELL,100,2026-01-08 09:33,1767844980,08-Jan-26|09.33|6650.5|6639.5
AMBER,13-Jan-26,15.12,6141.0,6164.5,6141.0,6154.5,6145.829690484082,BUY,100,2026-01-13 15:12,1768297320,13-Jan-26|15.12|6141.0|6154.5
AMBER,14-Jan-26,10.03,6160.0,6160.0,6135.0,6136.0,6148.691383596311,SELL,100,2026-01-14 10:03,1768365180,14-Jan-26|10.03|6160.0|6136.0
AMBER,14-Jan-26,15.27,6120.0,6143.0,6115.5,6140.0,6125.276555848373,BUY,100,2026-01-14 15:27,1768384620,14-Jan-26|15.27|6120.0|6140.0
AMBER,16-Jan-26,13.18,6176.0,6177.5,6151.5,6151.5,6167.683301222395,SELL,100,2026-01-16 13:18,1768549680,16-Jan-26|13.18|6176.0|6151.5
AMBER,16-Jan-26,14.51,6164.0,6182.5,6164.0,6180.0,6161.030129203453,BUY,100,2026-01-16 14:51,1768555260,16-Jan-26|14.51|6164.0|6180.0
AMBER,19-Jan-26,11.30,6157.5,6157.5,6148.5,6150.5,6160.652123027755,SELL,100,2026-01-19 11:30,1768802400,19-Jan-26|11.30|6157.5|6150.5
AMBER,27-Jan-26,15.24,5513.5,5530.0,5513.5,5529.5,5517.3411562958745,BUY,100,2026-01-27 15:24,1769507640,27-Jan-26|15.24|5513.5|5529.5
AMBER,29-Jan-26,09.51,5563.0,5564.0,5552.0,5552.0,5560.500395179679,SELL,100,2026-01-29 09:51,1769660460,29-Jan-26|09.51|5563.0|5552.0
AMBER,29-Jan-26,14.30,5517.5,5544.0,5516.0,5543.0,5525.017709717638,BUY,100,2026-01-29 14:30,1769677200,29-Jan-26|14.30|5517.5|5543.0
AMBER,30-Jan-26,13.18,5667.0,5668.0,5652.5,5656.5,5662.997379219013,SELL,100,2026-01-30 13:18,1769759280,30-Jan-26|13.18|5667.0|5656.5
AMBER,30-Jan-26,13.30,5677.0,5711.0,5677.0,5711.0,5663.604811808353,BUY,100,2026-01-30 13:30,1769760000,30-Jan-26|13.30|5677.0|5711.0
AMBER,01-Feb-26,12.30,5809.5,5809.5,5721.5,5724.0,5759.7262315897615,SELL,100,2026-02-01 12:30,1769929200,01-Feb-26|12.30|5809.5|5724.0
AMBER,01-Feb-26,12.36,5808.5,5916.5,5808.5,5912.5,5761.687445785652,BUY,100,2026-02-01 12:36,1769929560,01-Feb-26|12.36|5808.5|5912.5
AMBER,02-Feb-26,10.36,5867.5,5867.5,5845.5,5848.5,5865.386123889671,SELL,100,2026-02-02 10:36,1770008760,02-Feb-26|10.36|5867.5|5848.5
AMBER,02-Feb-26,11.42,5865.0,5886.0,5857.0,5880.5,5860.756709127923,BUY,100,2026-02-02 11:42,1770012720,02-Feb-26|11.42|5865.0|5880.5
AMBER,05-Feb-26,10.36,6297.5,6298.5,6275.5,6287.5,6302.210938891623,SELL,100,2026-02-05 10:36,1770267960,05-Feb-26|10.36|6297.5|6287.5
AMBER,05-Feb-26,11.03,6320.0,6333.0,6315.5,6332.5,6302.39951881358,BUY,100,2026-02-05 11:03,1770269580,05-Feb-26|11.03|6320.0|6332.5
AMBER,13-Feb-26,10.09,7725.0,7730.5,7675.0,7682.5,7711.57941815149,SELL,100,2026-02-13 10:09,1770957540,13-Feb-26|10.09|7725.0|7682.5
AMBER,13-Feb-26,11.54,7716.0,7749.0,7711.5,7748.5,7706.378337498989,BUY,100,2026-02-13 11:54,1770963840,13-Feb-26|11.54|7716.0|7748.5
AMBER,13-Feb-26,13.36,7705.0,7705.0,7695.0,7696.0,7716.705560876501,SELL,100,2026-02-13 13:36,1770969960,13-Feb-26|13.36|7705.0|7696.0
AMBER,13-Feb-26,14.27,7710.0,7723.0,7710.0,7721.5,7713.988567126269,BUY,100,2026-02-13 14:27,1770973020,13-Feb-26|14.27|7710.0|7721.5
AMBER,18-Feb-26,09.54,7795.0,7795.0,7777.5,7788.0,7807.8734166546255,SELL,100,2026-02-18 09:54,1771388640,18-Feb-26|09.54|7795.0|7788.0
AMBER,18-Feb-26,12.15,7798.0,7818.5,7798.0,7813.0,7802.923122187007,BUY,100,2026-02-18 12:15,1771397100,18-Feb-26|12.15|7798.0|7813.0
AMBER,19-Feb-26,10.09,7839.5,7839.5,7812.0,7816.0,7839.808118719198,SELL,100,2026-02-19 10:09,1771475940,19-Feb-26|10.09|7839.5|7816.0
AMBER,19-Feb-26,11.06,7844.0,7857.5,7840.0,7853.0,7837.338293683795,BUY,100,2026-02-19 11:06,1771479360,19-Feb-26|11.06|7844.0|7853.0
AMBER,19-Feb-26,12.39,7826.0,7826.0,7809.0,7815.0,7839.425615235367,SELL,100,2026-02-19 12:39,1771484940,19-Feb-26|12.39|7826.0|7815.0
AMBER,23-Feb-26,09.24,7758.0,7795.0,7758.0,7791.0,7714.285958452034,BUY,100,2026-02-23 09:24,1771818840,23-Feb-26|09.24|7758.0|7791.0
AMBER,23-Feb-26,15.18,7765.5,7765.5,7745.0,7751.5,7773.549383970649,SELL,100,2026-02-23 15:18,1771840080,23-Feb-26|15.18|7765.5|7751.5
AMBER,24-Feb-26,09.45,7769.0,7787.5,7769.0,7781.0,7771.274211161175,BUY,100,2026-02-24 09:45,1771906500,24-Feb-26|09.45|7769.0|7781.0
AMBER,26-Feb-26,11.33,7985.0,7993.5,7966.5,7967.5,7975.553635332221,SELL,100,2026-02-26 11:33,1772085780,26-Feb-26|11.33|7985.0|7967.5
AMBER,27-Feb-26,09.18,8014.5,8049.0,8005.5,8049.0,7966.071850144584,BUY,100,2026-02-27 09:18,1772164080,27-Feb-26|09.18|8014.5|8049.0
AMBER,27-Feb-26,09.45,7982.0,7982.0,7960.0,7960.0,7970.674133146258,SELL,100,2026-02-27 09:45,1772165700,27-Feb-26|09.45|7982.0|7960.0
AMBER,27-Feb-26,10.36,7959.5,8005.0,7953.5,7991.0,7967.559414422589,BUY,100,2026-02-27 10:36,1772168760,27-Feb-26|10.36|7959.5|7991.0
AMBER,27-Feb-26,15.03,7968.0,7969.0,7947.0,7949.0,7979.649416338133,SELL,100,2026-02-27 15:03,1772184780,27-Feb-26|15.03|7968.0|7949.0
AMBER,05-Mar-26,13.21,7656.0,7677.0,7654.5,7677.0,7641.966003119427,BUY,100,2026-03-05 13:21,1772697060,05-Mar-26|13.21|7656.0|7677.0
AMBER,09-Mar-26,09.18,7665.5,7665.5,7606.0,7632.0,7813.41528286866,SELL,100,2026-03-09 09:18,1773028080,09-Mar-26|09.18|7665.5|7632.0
AMBER,10-Mar-26,14.42,7463.5,7488.0,7458.5,7484.0,7451.594841962143,BUY,100,2026-03-10 14:42,1773133920,10-Mar-26|14.42|7463.5|7484.0
AMBER,11-Mar-26,09.30,7444.5,7444.5,7400.0,7408.0,7457.986807746647,SELL,1,2026-03-11 09:30,1773201600,11-Mar-26|09.30|7444.5|7408.0
