Scrip,Sr.No,Date,Time,Trade,Price,Entry Date,Entry Time,Entry Price,Exit Date,Exit Time,Exit Price,Qty,PL Points,PL Amt,Candle Analysis
Bajfinance,1,30-Dec-22,15.00,S,656.51,30-Dec-22,15.00,656.51,02-Jan-23,13.00,657.6,750,-1.0900000000000318,-817.5000000000239,
Bajfinance,2,02-Jan-23,13.00,B,657.6,02-Jan-23,13.00,657.6,02-Jan-23,14.03,654.71,750,-2.8899999999999864,-2167.49999999999,
Bajfinance,3,02-Jan-23,14.03,S,654.71,02-Jan-23,14.03,654.71,03-Jan-23,09.30,660.74,750,-6.029999999999973,-4522.49999999998,
Bajfinance,4,03-Jan-23,09.30,B,660.74,03-Jan-23,09.30,660.74,03-Jan-23,12.21,657.755,750,-2.9850000000000136,-2238.75000000001,
Bajfinance,5,03-Jan-23,12.21,S,657.755,03-Jan-23,12.21,657.755,03-Jan-23,13.00,660.225,750,-2.4700000000000273,-1852.5000000000205,
Bajfinance,6,03-Jan-23,13.00,B,660.225,03-Jan-23,13.00,660.225,04-Jan-23,09.27,658.5,750,-1.7250000000000227,-1293.750000000017,
Bajfinance,7,04-Jan-23,09.27,S,658.5,04-Jan-23,09.27,658.5,04-Jan-23,13.03,660.5,750,-2.0,-1500.0,
Bajfinance,8,04-Jan-23,13.03,B,660.5,04-Jan-23,13.03,660.5,04-Jan-23,14.24,658.3,750,-2.2000000000000455,-1650.000000000034,
Bajfinance,9,04-Jan-23,14.24,S,658.3,04-Jan-23,14.24,658.3,12-Jan-23,11.33,593.505,750,64.79499999999996,48596.24999999997,
Bajfinance,10,12-Jan-23,11.33,B,593.505,12-Jan-23,11.33,593.505,12-Jan-23,13.21,590.0,750,-3.5049999999999955,-2628.7499999999964,
Bajfinance,11,12-Jan-23,13.21,S,590.0,12-Jan-23,13.21,590.0,13-Jan-23,12.15,592.1,750,-2.1000000000000227,-1575.000000000017,
Bajfinance,12,13-Jan-23,12.15,B,592.1,13-Jan-23,12.15,592.1,17-Jan-23,09.27,596.675,750,4.574999999999932,3431.249999999949,
Bajfinance,13,17-Jan-23,09.27,S,596.675,17-Jan-23,09.27,596.675,17-Jan-23,15.03,598.8,750,-2.125,-1593.75,
Bajfinance,14,17-Jan-23,15.03,B,598.8,17-Jan-23,15.03,598.8,18-Jan-23,12.36,599.08,750,0.2800000000000864,210.0000000000648,
Bajfinance,15,18-Jan-23,12.36,S,599.08,18-Jan-23,12.36,599.08,19-Jan-23,10.21,601.06,750,-1.9799999999999045,-1484.9999999999284,
Bajfinance,16,19-Jan-23,10.21,B,601.06,19-Jan-23,10.21,601.06,20-Jan-23,09.18,599.1,750,-1.9599999999999227,-1469.999999999942,
Bajfinance,17,20-Jan-23,09.18,S,599.1,20-Jan-23,09.18,599.1,24-Jan-23,09.24,590.475,750,8.625,6468.75,
Bajfinance,18,24-Jan-23,09.24,B,590.475,24-Jan-23,09.24,590.475,24-Jan-23,11.03,588.4,750,-2.0750000000000455,-1556.250000000034,
Bajfinance,19,24-Jan-23,11.03,S,588.4,24-Jan-23,11.03,588.4,30-Jan-23,09.18,590.71,750,-2.310000000000059,-1732.5000000000443,
Bajfinance,20,30-Jan-23,09.18,B,590.71,30-Jan-23,09.18,590.71,31-Jan-23,09.30,593.0,750,2.2899999999999636,1717.4999999999727,
Bajfinance,21,31-Jan-23,09.30,S,593.0,31-Jan-23,09.30,593.0,31-Jan-23,15.27,588.4,750,4.600000000000023,3450.0000000000173,
Bajfinance,22,31-Jan-23,15.27,B,588.4,31-Jan-23,15.27,588.4,01-Feb-23,10.36,590.0,750,1.6000000000000227,1200.000000000017,
Bajfinance,23,01-Feb-23,10.36,S,590.0,01-Feb-23,10.36,590.0,01-Feb-23,12.18,591.9,750,-1.8999999999999773,-1424.999999999983,
Bajfinance,24,01-Feb-23,12.18,B,591.9,01-Feb-23,12.18,591.9,01-Feb-23,13.18,590.365,750,-1.5349999999999682,-1151.2499999999761,
Bajfinance,25,01-Feb-23,13.18,S,590.365,01-Feb-23,13.18,590.365,03-Feb-23,09.54,584.155,750,6.210000000000036,4657.500000000027,
Bajfinance,26,03-Feb-23,09.54,B,584.155,03-Feb-23,09.54,584.155,10-Feb-23,13.21,643.0,750,58.84500000000003,44133.75000000002,
Bajfinance,27,10-Feb-23,13.21,S,643.0,10-Feb-23,13.21,643.0,14-Feb-23,10.45,637.9,750,5.100000000000023,3825.0000000000173,
Bajfinance,28,14-Feb-23,10.45,B,637.9,14-Feb-23,10.45,637.9,15-Feb-23,09.33,640.61,750,2.7100000000000364,2032.5000000000273,
Bajfinance,29,15-Feb-23,09.33,S,640.61,15-Feb-23,09.33,640.61,15-Feb-23,09.45,643.07,750,-2.4600000000000364,-1845.0000000000273,
Bajfinance,30,15-Feb-23,09.45,B,643.07,15-Feb-23,09.45,643.07,16-Feb-23,11.36,645.505,750,2.4349999999999454,1826.249999999959,
Bajfinance,31,16-Feb-23,11.36,S,645.505,16-Feb-23,11.36,645.505,17-Feb-23,10.54,644.8,750,0.7050000000000409,528.7500000000307,
Bajfinance,32,17-Feb-23,10.54,B,644.8,17-Feb-23,10.54,644.8,17-Feb-23,11.51,642.82,750,-1.9799999999999045,-1484.9999999999284,
Bajfinance,33,17-Feb-23,11.51,S,642.82,17-Feb-23,11.51,642.82,17-Feb-23,15.27,643.04,750,-0.2199999999999136,-164.9999999999352,
Bajfinance,34,17-Feb-23,15.27,B,643.04,17-Feb-23,15.27,643.04,20-Feb-23,09.21,638.8,750,-4.240000000000009,-3180.000000000007,
Bajfinance,35,20-Feb-23,09.21,S,638.8,20-Feb-23,09.21,638.8,23-Feb-23,13.42,624.14,750,14.659999999999968,10994.999999999976,
Bajfinance,36,23-Feb-23,13.42,B,624.14,23-Feb-23,13.42,624.14,23-Feb-23,14.45,621.02,750,-3.1200000000000045,-2340.0000000000036,
Bajfinance,37,23-Feb-23,14.45,S,621.02,23-Feb-23,14.45,621.02,24-Feb-23,09.18,624.995,750,-3.9750000000000227,-2981.2500000000173,
Bajfinance,38,24-Feb-23,09.18,B,624.995,24-Feb-23,09.18,624.995,24-Feb-23,12.51,622.61,750,-2.384999999999991,-1788.7499999999932,
Bajfinance,39,24-Feb-23,12.51,S,622.61,24-Feb-23,12.51,622.61,27-Feb-23,15.12,619.9,750,2.7100000000000364,2032.5000000000273,
Bajfinance,40,27-Feb-23,15.12,B,619.9,27-Feb-23,15.12,619.9,28-Feb-23,10.45,618.015,750,-1.884999999999991,-1413.7499999999932,
Bajfinance,41,28-Feb-23,10.45,S,618.015,28-Feb-23,10.45,618.015,01-Mar-23,09.24,617.28,750,0.7350000000000136,551.2500000000102,
Bajfinance,42,01-Mar-23,09.24,B,617.28,01-Mar-23,09.24,617.28,01-Mar-23,15.00,615.5,750,-1.7799999999999727,-1334.9999999999795,
Bajfinance,43,01-Mar-23,15.00,S,615.5,01-Mar-23,15.00,615.5,03-Mar-23,11.06,611.74,750,3.759999999999991,2819.999999999993,
Bajfinance,44,03-Mar-23,11.06,B,611.74,03-Mar-23,11.06,611.74,03-Mar-23,12.12,610.34,750,-1.3999999999999773,-1049.999999999983,
Bajfinance,45,03-Mar-23,12.12,S,610.34,03-Mar-23,12.12,610.34,03-Mar-23,14.00,612.3,750,-1.9599999999999227,-1469.999999999942,
Bajfinance,46,03-Mar-23,14.00,B,612.3,03-Mar-23,14.00,612.3,08-Mar-23,09.21,609.115,750,-3.1849999999999454,-2388.749999999959,
Bajfinance,47,08-Mar-23,09.21,S,609.115,08-Mar-23,09.21,609.115,13-Mar-23,09.18,593.8,750,15.315000000000055,11486.25000000004,
Bajfinance,48,13-Mar-23,09.18,B,593.8,13-Mar-23,09.18,593.8,13-Mar-23,12.03,588.155,750,-5.644999999999982,-4233.749999999986,
Bajfinance,49,13-Mar-23,12.03,S,588.155,13-Mar-23,12.03,588.155,15-Mar-23,09.18,580.0,750,8.154999999999973,6116.24999999998,
Bajfinance,50,15-Mar-23,09.18,B,580.0,15-Mar-23,09.18,580.0,15-Mar-23,10.42,577.14,750,-2.8600000000000136,-2145.00000000001,
Bajfinance,51,15-Mar-23,10.42,S,577.14,15-Mar-23,10.42,577.14,17-Mar-23,09.51,578.0,750,-0.8600000000000136,-645.0000000000102,
Bajfinance,52,17-Mar-23,09.51,B,578.0,17-Mar-23,09.51,578.0,17-Mar-23,11.09,573.235,750,-4.764999999999986,-3573.74999999999,
Bajfinance,53,17-Mar-23,11.09,S,573.235,17-Mar-23,11.09,573.235,21-Mar-23,09.18,563.89,750,9.345000000000027,7008.75000000002,
Bajfinance,54,21-Mar-23,09.18,B,563.89,21-Mar-23,09.18,563.89,23-Mar-23,14.27,582.595,750,18.70500000000004,14028.750000000031,
Bajfinance,55,23-Mar-23,14.27,S,582.595,23-Mar-23,14.27,582.595,29-Mar-23,09.42,559.795,750,22.800000000000068,17100.00000000005,
Bajfinance,56,29-Mar-23,09.42,B,559.795,29-Mar-23,09.42,559.795,29-Mar-23,12.18,558.495,750,-1.2999999999999545,-974.9999999999659,
Bajfinance,57,29-Mar-23,12.18,S,558.495,29-Mar-23,12.18,558.495,29-Mar-23,13.18,560.65,750,-2.1549999999999727,-1616.2499999999795,
Bajfinance,58,29-Mar-23,13.18,B,560.65,29-Mar-23,13.18,560.65,31-Mar-23,10.30,560.115,750,-0.5349999999999682,-401.2499999999761,
Bajfinance,59,31-Mar-23,10.30,S,560.115,31-Mar-23,10.30,560.115,31-Mar-23,13.18,561.3,750,-1.1849999999999454,-888.7499999999591,
Bajfinance,60,31-Mar-23,13.18,B,561.3,31-Mar-23,13.18,561.3,10-Apr-23,10.12,585.125,750,23.825000000000045,17868.750000000033,
Bajfinance,61,10-Apr-23,10.12,S,585.125,10-Apr-23,10.12,585.125,12-Apr-23,09.33,585.5,750,-0.375,-281.25,
Bajfinance,62,12-Apr-23,09.33,B,585.5,12-Apr-23,09.33,585.5,12-Apr-23,09.51,582.8,750,-2.7000000000000455,-2025.000000000034,
Bajfinance,63,12-Apr-23,09.51,S,582.8,12-Apr-23,09.51,582.8,12-Apr-23,13.33,584.165,750,-1.365000000000009,-1023.7500000000068,
Bajfinance,64,12-Apr-23,13.33,B,584.165,12-Apr-23,13.33,584.165,18-Apr-23,13.15,591.905,750,7.740000000000009,5805.000000000007,
Bajfinance,65,18-Apr-23,13.15,S,591.905,18-Apr-23,13.15,591.905,19-Apr-23,10.09,592.99,750,-1.0850000000000364,-813.7500000000273,
Bajfinance,66,19-Apr-23,10.09,B,592.99,19-Apr-23,10.09,592.99,19-Apr-23,13.48,591.8,750,-1.1900000000000546,-892.5000000000409,
Bajfinance,67,19-Apr-23,13.48,S,591.8,19-Apr-23,13.48,591.8,19-Apr-23,15.00,593.49,750,-1.6900000000000546,-1267.500000000041,
Bajfinance,68,19-Apr-23,15.00,B,593.49,19-Apr-23,15.00,593.49,20-Apr-23,10.12,592.38,750,-1.1100000000000136,-832.5000000000102,
Bajfinance,69,20-Apr-23,10.12,S,592.38,20-Apr-23,10.12,592.38,21-Apr-23,13.45,591.6,750,0.7799999999999727,584.9999999999795,
Bajfinance,70,21-Apr-23,13.45,B,591.6,21-Apr-23,13.45,591.6,24-Apr-23,09.36,590.15,750,-1.4500000000000455,-1087.500000000034,
Bajfinance,71,24-Apr-23,09.36,S,590.15,24-Apr-23,09.36,590.15,24-Apr-23,13.33,592.01,750,-1.8600000000000136,-1395.0000000000102,
Bajfinance,72,24-Apr-23,13.33,B,592.01,24-Apr-23,13.33,592.01,28-Apr-23,09.24,614.155,750,22.144999999999982,16608.749999999985,
Bajfinance,73,28-Apr-23,09.24,S,614.155,28-Apr-23,09.24,614.155,28-Apr-23,10.36,616.57,750,-2.4150000000000773,-1811.250000000058,
Bajfinance,74,28-Apr-23,10.36,B,616.57,28-Apr-23,10.36,616.57,02-May-23,15.15,623.8,750,7.2299999999999045,5422.499999999928,
Bajfinance,75,02-May-23,15.15,S,623.8,02-May-23,15.15,623.8,04-May-23,09.18,621.98,750,1.8199999999999363,1364.9999999999523,
Bajfinance,76,04-May-23,09.18,B,621.98,04-May-23,09.18,621.98,09-May-23,13.21,660.555,750,38.57499999999993,28931.24999999995,
Bajfinance,77,09-May-23,13.21,S,660.555,09-May-23,13.21,660.555,10-May-23,11.12,659.575,750,0.9799999999999045,734.9999999999284,
Bajfinance,78,10-May-23,11.12,B,659.575,10-May-23,11.12,659.575,12-May-23,09.30,661.58,750,2.0049999999999955,1503.7499999999966,
Bajfinance,79,12-May-23,09.30,S,661.58,12-May-23,09.30,661.58,12-May-23,10.21,666.5,750,-4.919999999999959,-3689.999999999969,
Bajfinance,80,12-May-23,10.21,B,666.5,12-May-23,10.21,666.5,15-May-23,15.21,670.055,750,3.55499999999995,2666.2499999999627,
Bajfinance,81,15-May-23,15.21,S,670.055,15-May-23,15.21,670.055,16-May-23,09.27,676.6,750,-6.545000000000073,-4908.750000000055,
Bajfinance,82,16-May-23,09.27,B,676.6,16-May-23,09.27,676.6,16-May-23,15.21,676.105,750,-0.49500000000000455,-371.2500000000034,
Bajfinance,83,16-May-23,15.21,S,676.105,16-May-23,15.21,676.105,18-May-23,09.18,677.385,750,-1.2799999999999727,-959.9999999999795,
Bajfinance,84,18-May-23,09.18,B,677.385,18-May-23,09.18,677.385,19-May-23,09.45,676.2,750,-1.1849999999999454,-888.7499999999591,
Bajfinance,85,19-May-23,09.45,S,676.2,19-May-23,09.45,676.2,19-May-23,11.12,678.0,750,-1.7999999999999545,-1349.999999999966,
Bajfinance,86,19-May-23,11.12,B,678.0,19-May-23,11.12,678.0,23-May-23,14.42,681.5,750,3.5,2625.0,
Bajfinance,87,23-May-23,14.42,S,681.5,23-May-23,14.42,681.5,24-May-23,10.39,682.37,750,-0.8700000000000045,-652.5000000000034,
Bajfinance,88,24-May-23,10.39,B,682.37,24-May-23,10.39,682.37,24-May-23,12.24,680.705,750,-1.6649999999999636,-1248.7499999999727,
Bajfinance,89,24-May-23,12.24,S,680.705,24-May-23,12.24,680.705,25-May-23,14.45,680.5,750,0.20500000000004093,153.7500000000307,
Bajfinance,90,25-May-23,14.45,B,680.5,25-May-23,14.45,680.5,31-May-23,11.30,696.065,750,15.565000000000055,11673.75000000004,
Bajfinance,91,31-May-23,11.30,S,696.065,31-May-23,11.30,696.065,31-May-23,14.21,697.165,750,-1.099999999999909,-824.9999999999318,
Bajfinance,92,31-May-23,14.21,B,697.165,31-May-23,14.21,697.165,02-Jun-23,14.30,701.3,750,4.134999999999991,3101.249999999993,
Bajfinance,93,02-Jun-23,14.30,S,701.3,02-Jun-23,14.30,701.3,05-Jun-23,13.21,704.48,750,-3.1800000000000637,-2385.0000000000477,
Bajfinance,94,05-Jun-23,13.21,B,704.48,05-Jun-23,13.21,704.48,07-Jun-23,12.24,706.85,750,2.3700000000000045,1777.5000000000034,
Bajfinance,95,07-Jun-23,12.24,S,706.85,07-Jun-23,12.24,706.85,07-Jun-23,14.06,708.9,750,-2.0499999999999545,-1537.499999999966,
Bajfinance,96,07-Jun-23,14.06,B,708.9,07-Jun-23,14.06,708.9,08-Jun-23,09.21,706.69,750,-2.2099999999999227,-1657.499999999942,
Bajfinance,97,08-Jun-23,09.21,S,706.69,08-Jun-23,09.21,706.69,09-Jun-23,09.18,705.515,750,1.1750000000000682,881.2500000000512,
Bajfinance,98,09-Jun-23,09.18,B,705.515,09-Jun-23,09.18,705.515,09-Jun-23,12.51,704.1,750,-1.4149999999999636,-1061.2499999999727,
Bajfinance,99,09-Jun-23,12.51,S,704.1,09-Jun-23,12.51,704.1,12-Jun-23,09.21,707.4,750,-3.2999999999999545,-2474.999999999966,
Bajfinance,100,12-Jun-23,09.21,B,707.4,12-Jun-23,09.21,707.4,14-Jun-23,09.33,712.63,750,5.230000000000018,3922.5000000000136,
Bajfinance,101,14-Jun-23,09.33,S,712.63,14-Jun-23,09.33,712.63,15-Jun-23,15.03,711.29,750,1.3400000000000318,1005.0000000000239,
Bajfinance,102,15-Jun-23,15.03,B,711.29,15-Jun-23,15.03,711.29,20-Jun-23,09.30,726.52,750,15.230000000000018,11422.500000000015,
Bajfinance,103,20-Jun-23,09.30,S,726.52,20-Jun-23,09.30,726.52,21-Jun-23,09.21,727.0,750,-0.4800000000000182,-360.00000000001364,
Bajfinance,104,21-Jun-23,09.21,B,727.0,21-Jun-23,09.21,727.0,21-Jun-23,10.00,722.7,750,-4.2999999999999545,-3224.999999999966,
Bajfinance,105,21-Jun-23,10.00,S,722.7,21-Jun-23,10.00,722.7,26-Jun-23,15.00,700.545,750,22.155000000000086,16616.250000000065,
Bajfinance,106,26-Jun-23,15.00,B,700.545,26-Jun-23,15.00,700.545,26-Jun-23,15.15,698.245,750,-2.2999999999999545,-1724.999999999966,
Bajfinance,107,26-Jun-23,15.15,S,698.245,26-Jun-23,15.15,698.245,27-Jun-23,14.51,699.925,750,-1.67999999999995,-1259.9999999999625,
Bajfinance,108,27-Jun-23,14.51,B,699.925,27-Jun-23,14.51,699.925,06-Jul-23,09.18,777.6,750,77.67500000000007,58256.25000000005,
Bajfinance,109,06-Jul-23,09.18,S,777.6,06-Jul-23,09.18,777.6,06-Jul-23,14.54,778.295,750,-0.6949999999999363,-521.2499999999523,
Bajfinance,110,06-Jul-23,14.54,B,778.295,06-Jul-23,14.54,778.295,06-Jul-23,15.18,775.36,750,-2.9349999999999454,-2201.249999999959,
Bajfinance,111,06-Jul-23,15.18,S,775.36,06-Jul-23,15.18,775.36,10-Jul-23,14.36,758.0,750,17.360000000000014,13020.000000000011,
Bajfinance,112,10-Jul-23,14.36,B,758.0,10-Jul-23,14.36,758.0,10-Jul-23,14.54,754.0,750,-4.0,-3000.0,
Bajfinance,113,10-Jul-23,14.54,S,754.0,10-Jul-23,14.54,754.0,11-Jul-23,09.18,763.155,750,-9.154999999999973,-6866.24999999998,
Bajfinance,114,11-Jul-23,09.18,B,763.155,11-Jul-23,09.18,763.155,11-Jul-23,11.27,755.65,750,-7.5049999999999955,-5628.749999999996,
Bajfinance,115,11-Jul-23,11.27,S,755.65,11-Jul-23,11.27,755.65,13-Jul-23,09.33,748.715,750,6.934999999999945,5201.249999999959,
Bajfinance,116,13-Jul-23,09.33,B,748.715,13-Jul-23,09.33,748.715,13-Jul-23,13.57,746.065,750,-2.6499999999999773,-1987.499999999983,
Bajfinance,117,13-Jul-23,13.57,S,746.065,13-Jul-23,13.57,746.065,13-Jul-23,15.09,747.92,750,-1.8549999999999045,-1391.2499999999284,
Bajfinance,118,13-Jul-23,15.09,B,747.92,13-Jul-23,15.09,747.92,14-Jul-23,09.54,745.6,750,-2.3199999999999363,-1739.9999999999523,
Bajfinance,119,14-Jul-23,09.54,S,745.6,14-Jul-23,09.54,745.6,14-Jul-23,15.00,746.5,750,-0.8999999999999773,-674.999999999983,
Bajfinance,120,14-Jul-23,15.00,B,746.5,14-Jul-23,15.00,746.5,17-Jul-23,11.00,745.755,750,-0.7450000000000045,-558.7500000000034,
Bajfinance,121,17-Jul-23,11.00,S,745.755,17-Jul-23,11.00,745.755,17-Jul-23,12.45,747.4,750,-1.6449999999999818,-1233.7499999999864,
Bajfinance,122,17-Jul-23,12.45,B,747.4,17-Jul-23,12.45,747.4,18-Jul-23,10.27,746.8,750,-0.6000000000000227,-450.00000000001705,
Bajfinance,123,18-Jul-23,10.27,S,746.8,18-Jul-23,10.27,746.8,18-Jul-23,10.57,749.92,750,-3.1200000000000045,-2340.0000000000036,
Bajfinance,124,18-Jul-23,10.57,B,749.92,18-Jul-23,10.57,749.92,18-Jul-23,11.27,746.2,750,-3.7199999999999136,-2789.9999999999354,
Bajfinance,125,18-Jul-23,11.27,S,746.2,18-Jul-23,11.27,746.2,19-Jul-23,09.27,746.355,750,-0.15499999999997272,-116.24999999997954,
Bajfinance,126,19-Jul-23,09.27,B,746.355,19-Jul-23,09.27,746.355,20-Jul-23,09.51,750.42,750,4.064999999999941,3048.7499999999554,
Bajfinance,127,20-Jul-23,09.51,S,750.42,20-Jul-23,09.51,750.42,20-Jul-23,10.27,753.75,750,-3.330000000000041,-2497.500000000031,
Bajfinance,128,20-Jul-23,10.27,B,753.75,20-Jul-23,10.27,753.75,21-Jul-23,10.09,753.92,750,0.16999999999995907,127.4999999999693,
Bajfinance,129,21-Jul-23,10.09,S,753.92,21-Jul-23,10.09,753.92,21-Jul-23,12.33,756.875,750,-2.955000000000041,-2216.250000000031,
Bajfinance,130,21-Jul-23,12.33,B,756.875,21-Jul-23,12.33,756.875,24-Jul-23,11.42,758.1,750,1.2250000000000227,918.750000000017,
Bajfinance,131,24-Jul-23,11.42,S,758.1,24-Jul-23,11.42,758.1,24-Jul-23,12.06,760.005,750,-1.9049999999999727,-1428.7499999999795,
Bajfinance,132,24-Jul-23,12.06,B,760.005,24-Jul-23,12.06,760.005,24-Jul-23,13.33,758.275,750,-1.7300000000000182,-1297.5000000000136,
Bajfinance,133,24-Jul-23,13.33,S,758.275,24-Jul-23,13.33,758.275,25-Jul-23,12.03,759.82,750,-1.5450000000000728,-1158.7500000000546,
Bajfinance,134,25-Jul-23,12.03,B,759.82,25-Jul-23,12.03,759.82,25-Jul-23,13.15,756.675,750,-3.1450000000000955,-2358.750000000072,
Bajfinance,135,25-Jul-23,13.15,S,756.675,25-Jul-23,13.15,756.675,25-Jul-23,14.09,759.76,750,-3.0850000000000364,-2313.7500000000273,
Bajfinance,136,25-Jul-23,14.09,B,759.76,25-Jul-23,14.09,759.76,26-Jul-23,09.18,758.08,750,-1.67999999999995,-1259.9999999999625,
Bajfinance,137,26-Jul-23,09.18,S,758.08,26-Jul-23,09.18,758.08,26-Jul-23,09.36,762.32,750,-4.240000000000009,-3180.000000000007,
Bajfinance,138,26-Jul-23,09.36,B,762.32,26-Jul-23,09.36,762.32,26-Jul-23,14.36,759.1,750,-3.2200000000000273,-2415.0000000000205,
Bajfinance,139,26-Jul-23,14.36,S,759.1,26-Jul-23,14.36,759.1,28-Jul-23,14.48,737.645,750,21.45500000000004,16091.250000000031,
Bajfinance,140,28-Jul-23,14.48,B,737.645,28-Jul-23,14.48,737.645,31-Jul-23,09.21,731.4,750,-6.2450000000000045,-4683.750000000004,
Bajfinance,141,31-Jul-23,09.21,S,731.4,31-Jul-23,09.21,731.4,01-Aug-23,13.21,730.49,750,0.9099999999999682,682.4999999999761,
Bajfinance,142,01-Aug-23,13.21,B,730.49,01-Aug-23,13.21,730.49,01-Aug-23,13.51,727.73,750,-2.759999999999991,-2069.999999999993,
Bajfinance,143,01-Aug-23,13.51,S,727.73,01-Aug-23,13.51,727.73,04-Aug-23,15.00,715.495,750,12.235000000000014,9176.250000000011,
Bajfinance,144,04-Aug-23,15.00,B,715.495,04-Aug-23,15.00,715.495,07-Aug-23,09.30,710.73,750,-4.764999999999986,-3573.74999999999,
Bajfinance,145,07-Aug-23,09.30,S,710.73,07-Aug-23,09.30,710.73,07-Aug-23,12.42,712.395,750,-1.6649999999999636,-1248.7499999999727,
Bajfinance,146,07-Aug-23,12.42,B,712.395,07-Aug-23,12.42,712.395,07-Aug-23,15.03,711.2,750,-1.1949999999999363,-896.2499999999523,
Bajfinance,147,07-Aug-23,15.03,S,711.2,07-Aug-23,15.03,711.2,08-Aug-23,13.12,712.16,750,-0.9599999999999227,-719.999999999942,
Bajfinance,148,08-Aug-23,13.12,B,712.16,08-Aug-23,13.12,712.16,09-Aug-23,10.09,712.005,750,-0.15499999999997272,-116.24999999997954,
Bajfinance,149,09-Aug-23,10.09,S,712.005,09-Aug-23,10.09,712.005,09-Aug-23,14.39,713.005,750,-1.0,-750.0,
Bajfinance,150,09-Aug-23,14.39,B,713.005,09-Aug-23,14.39,713.005,10-Aug-23,10.21,710.275,750,-2.730000000000018,-2047.5000000000136,
Bajfinance,151,10-Aug-23,10.21,S,710.275,10-Aug-23,10.21,710.275,10-Aug-23,15.06,713.035,750,-2.759999999999991,-2069.999999999993,
Bajfinance,152,10-Aug-23,15.06,B,713.035,10-Aug-23,15.06,713.035,11-Aug-23,09.21,710.6,750,-2.4349999999999454,-1826.249999999959,
Bajfinance,153,11-Aug-23,09.21,S,710.6,11-Aug-23,09.21,710.6,11-Aug-23,09.51,714.01,750,-3.409999999999968,-2557.4999999999764,
Bajfinance,154,11-Aug-23,09.51,B,714.01,11-Aug-23,09.51,714.01,11-Aug-23,10.27,711.005,750,-3.0049999999999955,-2253.7499999999964,
Bajfinance,155,11-Aug-23,10.27,S,711.005,11-Aug-23,10.27,711.005,11-Aug-23,13.00,712.9,750,-1.8949999999999818,-1421.2499999999864,
Bajfinance,156,11-Aug-23,13.00,B,712.9,11-Aug-23,13.00,712.9,11-Aug-23,14.03,711.065,750,-1.8349999999999227,-1376.249999999942,
Bajfinance,157,11-Aug-23,14.03,S,711.065,11-Aug-23,14.03,711.065,18-Aug-23,14.30,691.49,750,19.575000000000045,14681.250000000035,
Bajfinance,158,18-Aug-23,14.30,B,691.49,18-Aug-23,14.30,691.49,18-Aug-23,14.57,688.7,750,-2.7899999999999636,-2092.4999999999727,
Bajfinance,159,18-Aug-23,14.57,S,688.7,18-Aug-23,14.57,688.7,21-Aug-23,09.57,692.58,750,-3.8799999999999955,-2909.9999999999964,
Bajfinance,160,21-Aug-23,09.57,B,692.58,21-Aug-23,09.57,692.58,23-Aug-23,09.27,703.295,750,10.714999999999918,8036.249999999938,
Bajfinance,161,23-Aug-23,09.27,S,703.295,23-Aug-23,09.27,703.295,23-Aug-23,11.24,705.6,750,-2.3050000000000637,-1728.7500000000477,
Bajfinance,162,23-Aug-23,11.24,B,705.6,23-Aug-23,11.24,705.6,25-Aug-23,10.48,714.135,750,8.534999999999968,6401.249999999976,
Bajfinance,163,25-Aug-23,10.48,S,714.135,25-Aug-23,10.48,714.135,25-Aug-23,10.54,717.14,750,-3.0049999999999955,-2253.7499999999964,
Bajfinance,164,25-Aug-23,10.54,B,717.14,25-Aug-23,10.54,717.14,28-Aug-23,09.18,717.735,750,0.5950000000000273,446.25000000002046,
Bajfinance,165,28-Aug-23,09.18,S,717.735,28-Aug-23,09.18,717.735,28-Aug-23,12.18,718.94,750,-1.205000000000041,-903.7500000000307,
Bajfinance,166,28-Aug-23,12.18,B,718.94,28-Aug-23,12.18,718.94,30-Aug-23,15.00,727.795,750,8.854999999999905,6641.249999999928,
Bajfinance,167,30-Aug-23,15.00,S,727.795,30-Aug-23,15.00,727.795,01-Sep-23,12.00,724.5,750,3.294999999999959,2471.249999999969,
Bajfinance,168,01-Sep-23,12.00,B,724.5,01-Sep-23,12.00,724.5,04-Sep-23,14.03,728.2,750,3.7000000000000455,2775.000000000034,
Bajfinance,169,04-Sep-23,14.03,S,728.2,04-Sep-23,14.03,728.2,04-Sep-23,14.45,730.2,750,-2.0,-1500.0,
Bajfinance,170,04-Sep-23,14.45,B,730.2,04-Sep-23,14.45,730.2,04-Sep-23,15.00,727.56,750,-2.6400000000001,-1980.000000000075,
Bajfinance,171,04-Sep-23,15.00,S,727.56,04-Sep-23,15.00,727.56,05-Sep-23,11.03,731.28,750,-3.7200000000000273,-2790.0000000000205,
Bajfinance,172,05-Sep-23,11.03,B,731.28,05-Sep-23,11.03,731.28,05-Sep-23,13.27,729.35,750,-1.92999999999995,-1447.4999999999625,
Bajfinance,173,05-Sep-23,13.27,S,729.35,05-Sep-23,13.27,729.35,05-Sep-23,14.00,731.995,750,-2.644999999999982,-1983.7499999999864,
Bajfinance,174,05-Sep-23,14.00,B,731.995,05-Sep-23,14.00,731.995,06-Sep-23,09.18,730.115,750,-1.8799999999999955,-1409.9999999999966,
Bajfinance,175,06-Sep-23,09.18,S,730.115,06-Sep-23,09.18,730.115,06-Sep-23,09.39,732.1,750,-1.9850000000000136,-1488.7500000000102,
Bajfinance,176,06-Sep-23,09.39,B,732.1,06-Sep-23,09.39,732.1,07-Sep-23,11.39,731.4,750,-0.7000000000000455,-525.0000000000341,
Bajfinance,177,07-Sep-23,11.39,S,731.4,07-Sep-23,11.39,731.4,07-Sep-23,12.39,734.095,750,-2.69500000000005,-2021.2500000000375,
Bajfinance,178,07-Sep-23,12.39,B,734.095,07-Sep-23,12.39,734.095,11-Sep-23,10.57,739.025,750,4.92999999999995,3697.4999999999627,
Bajfinance,179,11-Sep-23,10.57,S,739.025,11-Sep-23,10.57,739.025,12-Sep-23,11.42,739.695,750,-0.6700000000000728,-502.50000000005457,
Bajfinance,180,12-Sep-23,11.42,B,739.695,12-Sep-23,11.42,739.695,12-Sep-23,12.21,735.99,750,-3.705000000000041,-2778.750000000031,
Bajfinance,181,12-Sep-23,12.21,S,735.99,12-Sep-23,12.21,735.99,12-Sep-23,12.48,739.5,750,-3.509999999999991,-2632.499999999993,
Bajfinance,182,12-Sep-23,12.48,B,739.5,12-Sep-23,12.48,739.5,13-Sep-23,10.18,739.7,750,0.20000000000004547,150.0000000000341,
Bajfinance,183,13-Sep-23,10.18,S,739.7,13-Sep-23,10.18,739.7,13-Sep-23,11.27,741.45,750,-1.75,-1312.5,
Bajfinance,184,13-Sep-23,11.27,B,741.45,13-Sep-23,11.27,741.45,14-Sep-23,10.03,743.175,750,1.724999999999909,1293.7499999999318,
Bajfinance,185,14-Sep-23,10.03,S,743.175,14-Sep-23,10.03,743.175,14-Sep-23,11.15,746.3,750,-3.125,-2343.75,
Bajfinance,186,14-Sep-23,11.15,B,746.3,14-Sep-23,11.15,746.3,15-Sep-23,15.00,749.6,750,3.300000000000068,2475.000000000051,
Bajfinance,187,15-Sep-23,15.00,S,749.6,15-Sep-23,15.00,749.6,18-Sep-23,09.36,752.5,750,-2.8999999999999773,-2174.9999999999827,
Bajfinance,188,18-Sep-23,09.36,B,752.5,18-Sep-23,09.36,752.5,20-Sep-23,14.06,755.64,750,3.1399999999999864,2354.99999999999,
Bajfinance,189,20-Sep-23,14.06,S,755.64,20-Sep-23,14.06,755.64,21-Sep-23,09.21,758.2,750,-2.560000000000059,-1920.0000000000443,
Bajfinance,190,21-Sep-23,09.21,B,758.2,21-Sep-23,09.21,758.2,21-Sep-23,09.42,753.9,750,-4.300000000000068,-3225.000000000051,
Bajfinance,191,21-Sep-23,09.42,S,753.9,21-Sep-23,09.42,753.9,22-Sep-23,09.18,755.115,750,-1.2150000000000318,-911.2500000000239,
Bajfinance,192,22-Sep-23,09.18,B,755.115,22-Sep-23,09.18,755.115,22-Sep-23,14.09,751.55,750,-3.5650000000000546,-2673.750000000041,
Bajfinance,193,22-Sep-23,14.09,S,751.55,22-Sep-23,14.09,751.55,25-Sep-23,09.18,767.5,750,-15.950000000000045,-11962.500000000035,
Bajfinance,194,25-Sep-23,09.18,B,767.5,25-Sep-23,09.18,767.5,27-Sep-23,09.30,779.3,750,11.799999999999955,8849.999999999965,
Bajfinance,195,27-Sep-23,09.30,S,779.3,27-Sep-23,09.30,779.3,27-Sep-23,13.09,781.755,750,-2.455000000000041,-1841.2500000000307,
Bajfinance,196,27-Sep-23,13.09,B,781.755,27-Sep-23,13.09,781.755,28-Sep-23,09.21,779.9,750,-1.8550000000000182,-1391.2500000000136,
Bajfinance,197,28-Sep-23,09.21,S,779.9,28-Sep-23,09.21,779.9,29-Sep-23,09.45,779.455,750,0.44499999999993634,333.74999999995225,
Bajfinance,198,29-Sep-23,09.45,B,779.455,29-Sep-23,09.45,779.455,29-Sep-23,10.57,777.005,750,-2.4500000000000455,-1837.500000000034,
Bajfinance,199,29-Sep-23,10.57,S,777.005,29-Sep-23,10.57,777.005,29-Sep-23,11.39,780.16,750,-3.1549999999999727,-2366.2499999999795,
Bajfinance,200,29-Sep-23,11.39,B,780.16,29-Sep-23,11.39,780.16,04-Oct-23,12.27,787.2,750,7.040000000000077,5280.000000000058,
Bajfinance,201,04-Oct-23,12.27,S,787.2,04-Oct-23,12.27,787.2,06-Oct-23,09.18,791.71,750,-4.509999999999991,-3382.499999999993,
Bajfinance,202,06-Oct-23,09.18,B,791.71,06-Oct-23,09.18,791.71,09-Oct-23,14.15,803.41,750,11.699999999999932,8774.999999999949,
Bajfinance,203,09-Oct-23,14.15,S,803.41,09-Oct-23,14.15,803.41,10-Oct-23,12.03,806.505,750,-3.0950000000000273,-2321.2500000000205,
Bajfinance,204,10-Oct-23,12.03,B,806.505,10-Oct-23,12.03,806.505,11-Oct-23,14.15,810.87,750,4.365000000000009,3273.750000000007,
Bajfinance,205,11-Oct-23,14.15,S,810.87,11-Oct-23,14.15,810.87,13-Oct-23,13.18,805.0,750,5.8700000000000045,4402.500000000004,
Bajfinance,206,13-Oct-23,13.18,B,805.0,13-Oct-23,13.18,805.0,16-Oct-23,09.18,801.885,750,-3.115000000000009,-2336.250000000007,
Bajfinance,207,16-Oct-23,09.18,S,801.885,16-Oct-23,09.18,801.885,16-Oct-23,14.45,805.555,750,-3.669999999999959,-2752.499999999969,
Bajfinance,208,16-Oct-23,14.45,B,805.555,16-Oct-23,14.45,805.555,18-Oct-23,09.36,799.0,750,-6.55499999999995,-4916.249999999963,
Bajfinance,209,18-Oct-23,09.36,S,799.0,18-Oct-23,09.36,799.0,19-Oct-23,13.00,790.79,750,8.210000000000036,6157.500000000027,
Bajfinance,210,19-Oct-23,13.00,B,790.79,19-Oct-23,13.00,790.79,19-Oct-23,14.12,786.36,750,-4.42999999999995,-3322.4999999999627,
Bajfinance,211,19-Oct-23,14.12,S,786.36,19-Oct-23,14.12,786.36,23-Oct-23,09.21,785.835,750,0.5249999999999773,393.74999999998295,
Bajfinance,212,23-Oct-23,09.21,B,785.835,23-Oct-23,09.21,785.835,23-Oct-23,12.06,781.095,750,-4.740000000000009,-3555.000000000007,
Bajfinance,213,23-Oct-23,12.06,S,781.095,23-Oct-23,12.06,781.095,23-Oct-23,13.42,783.075,750,-1.9800000000000182,-1485.0000000000136,
Bajfinance,214,23-Oct-23,13.42,B,783.075,23-Oct-23,13.42,783.075,23-Oct-23,15.00,779.615,750,-3.4600000000000364,-2595.0000000000273,
Bajfinance,215,23-Oct-23,15.00,S,779.615,23-Oct-23,15.00,779.615,27-Oct-23,11.57,752.96,750,26.654999999999973,19991.249999999978,
Bajfinance,216,27-Oct-23,11.57,B,752.96,27-Oct-23,11.57,752.96,27-Oct-23,12.18,749.5,750,-3.4600000000000364,-2595.0000000000273,
Bajfinance,217,27-Oct-23,12.18,S,749.5,27-Oct-23,12.18,749.5,30-Oct-23,13.09,750.07,750,-0.57000000000005,-427.5000000000375,
Bajfinance,218,30-Oct-23,13.09,B,750.07,30-Oct-23,13.09,750.07,31-Oct-23,13.24,749.825,750,-0.24500000000000455,-183.7500000000034,
Bajfinance,219,31-Oct-23,13.24,S,749.825,31-Oct-23,13.24,749.825,01-Nov-23,09.27,751.235,750,-1.4099999999999682,-1057.4999999999761,
Bajfinance,220,01-Nov-23,09.27,B,751.235,01-Nov-23,09.27,751.235,01-Nov-23,13.15,749.5,750,-1.7350000000000136,-1301.2500000000102,
Bajfinance,221,01-Nov-23,13.15,S,749.5,01-Nov-23,13.15,749.5,02-Nov-23,09.21,759.055,750,-9.55499999999995,-7166.249999999963,
Bajfinance,222,02-Nov-23,09.21,B,759.055,02-Nov-23,09.21,759.055,02-Nov-23,11.21,750.86,750,-8.194999999999936,-6146.249999999953,
Bajfinance,223,02-Nov-23,11.21,S,750.86,02-Nov-23,11.21,750.86,06-Nov-23,09.24,747.6,750,3.259999999999991,2444.999999999993,
Bajfinance,224,06-Nov-23,09.24,B,747.6,06-Nov-23,09.24,747.6,07-Nov-23,11.24,751.42,750,3.8199999999999363,2864.9999999999523,
Bajfinance,225,07-Nov-23,11.24,S,751.42,07-Nov-23,11.24,751.42,10-Nov-23,09.30,742.835,750,8.584999999999923,6438.749999999942,
Bajfinance,226,10-Nov-23,09.30,B,742.835,10-Nov-23,09.30,742.835,10-Nov-23,09.57,739.535,750,-3.300000000000068,-2475.000000000051,
Bajfinance,227,10-Nov-23,09.57,S,739.535,10-Nov-23,09.57,739.535,10-Nov-23,10.30,743.71,750,-4.175000000000068,-3131.250000000051,
Bajfinance,228,10-Nov-23,10.30,B,743.71,10-Nov-23,10.30,743.71,13-Nov-23,09.21,738.3,750,-5.410000000000082,-4057.5000000000614,
Bajfinance,229,13-Nov-23,09.21,S,738.3,13-Nov-23,09.21,738.3,15-Nov-23,10.30,742.985,750,-4.685000000000059,-3513.7500000000446,
Bajfinance,230,15-Nov-23,10.30,B,742.985,15-Nov-23,10.30,742.985,15-Nov-23,13.57,736.305,750,-6.680000000000064,-5010.000000000047,
Bajfinance,231,15-Nov-23,13.57,S,736.305,15-Nov-23,13.57,736.305,16-Nov-23,14.27,733.1,750,3.2049999999999272,2403.7499999999454,
Bajfinance,232,16-Nov-23,14.27,B,733.1,16-Nov-23,14.27,733.1,17-Nov-23,09.33,719.3,750,-13.800000000000068,-10350.000000000051,
Bajfinance,233,17-Nov-23,09.33,S,719.3,17-Nov-23,09.33,719.3,22-Nov-23,10.27,712.0,750,7.2999999999999545,5474.999999999965,
Bajfinance,234,22-Nov-23,10.27,B,712.0,22-Nov-23,10.27,712.0,23-Nov-23,10.51,711.05,750,-0.9500000000000455,-712.5000000000341,
Bajfinance,235,23-Nov-23,10.51,S,711.05,23-Nov-23,10.51,711.05,28-Nov-23,09.45,706.98,750,4.069999999999936,3052.4999999999523,
Bajfinance,236,28-Nov-23,09.45,B,706.98,28-Nov-23,09.45,706.98,30-Nov-23,09.51,711.01,750,4.029999999999973,3022.4999999999795,
Bajfinance,237,30-Nov-23,09.51,S,711.01,30-Nov-23,09.51,711.01,30-Nov-23,10.54,712.865,750,-1.8550000000000182,-1391.2500000000136,
Bajfinance,238,30-Nov-23,10.54,B,712.865,30-Nov-23,10.54,712.865,30-Nov-23,11.51,711.215,750,-1.6499999999999773,-1237.499999999983,
Bajfinance,239,30-Nov-23,11.51,S,711.215,30-Nov-23,11.51,711.215,30-Nov-23,13.48,712.27,750,-1.05499999999995,-791.2499999999625,
Bajfinance,240,30-Nov-23,13.48,B,712.27,30-Nov-23,13.48,712.27,05-Dec-23,13.45,733.835,750,21.565000000000055,16173.75000000004,
Bajfinance,241,05-Dec-23,13.45,S,733.835,05-Dec-23,13.45,733.835,06-Dec-23,09.30,740.39,750,-6.55499999999995,-4916.249999999963,
Bajfinance,242,06-Dec-23,09.30,B,740.39,06-Dec-23,09.30,740.39,07-Dec-23,09.18,736.665,750,-3.7250000000000227,-2793.7500000000173,
Bajfinance,243,07-Dec-23,09.18,S,736.665,07-Dec-23,09.18,736.665,07-Dec-23,10.15,740.12,750,-3.455000000000041,-2591.250000000031,
Bajfinance,244,07-Dec-23,10.15,B,740.12,07-Dec-23,10.15,740.12,07-Dec-23,13.42,738.975,750,-1.1449999999999818,-858.7499999999864,
Bajfinance,245,07-Dec-23,13.42,S,738.975,07-Dec-23,13.42,738.975,12-Dec-23,09.27,732.895,750,6.080000000000041,4560.000000000031,
Bajfinance,246,12-Dec-23,09.27,B,732.895,12-Dec-23,09.27,732.895,12-Dec-23,11.21,731.16,750,-1.7350000000000136,-1301.2500000000102,
Bajfinance,247,12-Dec-23,11.21,S,731.16,12-Dec-23,11.21,731.16,12-Dec-23,12.21,732.535,750,-1.375,-1031.25,
Bajfinance,248,12-Dec-23,12.21,B,732.535,12-Dec-23,12.21,732.535,12-Dec-23,14.36,731.09,750,-1.4449999999999363,-1083.7499999999523,
Bajfinance,249,12-Dec-23,14.36,S,731.09,12-Dec-23,14.36,731.09,14-Dec-23,09.21,738.88,750,-7.789999999999964,-5842.499999999973,
Bajfinance,250,14-Dec-23,09.21,B,738.88,14-Dec-23,09.21,738.88,20-Dec-23,13.18,760.54,750,21.659999999999968,16244.999999999976,
Bajfinance,251,20-Dec-23,13.18,S,760.54,20-Dec-23,13.18,760.54,27-Dec-23,09.24,729.625,750,30.914999999999964,23186.24999999997,
Bajfinance,252,27-Dec-23,09.24,B,729.625,27-Dec-23,09.24,729.625,27-Dec-23,10.06,724.9,750,-4.725000000000023,-3543.7500000000173,
Bajfinance,253,27-Dec-23,10.06,S,724.9,27-Dec-23,10.06,724.9,27-Dec-23,15.18,724.365,750,0.5349999999999682,401.2499999999761,
Bajfinance,254,27-Dec-23,15.18,B,724.365,27-Dec-23,15.18,724.365,28-Dec-23,15.24,724.2,750,-0.16499999999996362,-123.74999999997272,
Bajfinance,255,28-Dec-23,15.24,S,724.2,28-Dec-23,15.24,724.2,29-Dec-23,09.51,725.6,750,-1.3999999999999773,-1049.999999999983,
Bajfinance,256,29-Dec-23,09.51,B,725.6,29-Dec-23,09.51,725.6,01-Jan-24,10.57,728.5,750,2.8999999999999773,2174.9999999999827,
Bajfinance,257,01-Jan-24,10.57,S,728.5,01-Jan-24,10.57,728.5,01-Jan-24,12.03,729.895,750,-1.3949999999999818,-1046.2499999999864,
Bajfinance,258,01-Jan-24,12.03,B,729.895,01-Jan-24,12.03,729.895,01-Jan-24,15.18,729.32,750,-0.5749999999999318,-431.24999999994884,
Bajfinance,259,01-Jan-24,15.18,S,729.32,01-Jan-24,15.18,729.32,02-Jan-24,09.39,733.0,750,-3.67999999999995,-2759.9999999999627,
Bajfinance,260,02-Jan-24,09.39,B,733.0,02-Jan-24,09.39,733.0,03-Jan-24,12.30,737.4,750,4.399999999999977,3299.9999999999827,
Bajfinance,261,03-Jan-24,12.30,S,737.4,03-Jan-24,12.30,737.4,03-Jan-24,13.51,740.25,750,-2.8500000000000227,-2137.5000000000173,
Bajfinance,262,03-Jan-24,13.51,B,740.25,03-Jan-24,13.51,740.25,03-Jan-24,15.15,737.57,750,-2.67999999999995,-2009.9999999999625,
Bajfinance,263,03-Jan-24,15.15,S,737.57,03-Jan-24,15.15,737.57,04-Jan-24,09.27,768.115,750,-30.54499999999996,-22908.74999999997,
Bajfinance,264,04-Jan-24,09.27,B,768.115,04-Jan-24,09.27,768.115,08-Jan-24,09.18,764.575,750,-3.5399999999999636,-2654.9999999999727,
Bajfinance,265,08-Jan-24,09.18,S,764.575,08-Jan-24,09.18,764.575,08-Jan-24,10.06,769.21,750,-4.634999999999991,-3476.249999999993,
Bajfinance,266,08-Jan-24,10.06,B,769.21,08-Jan-24,10.06,769.21,09-Jan-24,14.15,774.605,750,5.394999999999982,4046.2499999999864,
Bajfinance,267,09-Jan-24,14.15,S,774.605,09-Jan-24,14.15,774.605,11-Jan-24,09.18,775.665,750,-1.0599999999999454,-794.9999999999591,
Bajfinance,268,11-Jan-24,09.18,B,775.665,11-Jan-24,09.18,775.665,11-Jan-24,13.48,771.505,750,-4.159999999999968,-3119.9999999999764,
Bajfinance,269,11-Jan-24,13.48,S,771.505,11-Jan-24,13.48,771.505,12-Jan-24,14.36,768.895,750,2.6100000000000136,1957.5000000000102,
Bajfinance,270,12-Jan-24,14.36,B,768.895,12-Jan-24,14.36,768.895,12-Jan-24,15.12,765.055,750,-3.840000000000032,-2880.0000000000236,
Bajfinance,271,12-Jan-24,15.12,S,765.055,12-Jan-24,15.12,765.055,16-Jan-24,09.27,758.775,750,6.279999999999973,4709.99999999998,
Bajfinance,272,16-Jan-24,09.27,B,758.775,16-Jan-24,09.27,758.775,16-Jan-24,11.09,753.35,750,-5.4249999999999545,-4068.749999999966,
Bajfinance,273,16-Jan-24,11.09,S,753.35,16-Jan-24,11.09,753.35,19-Jan-24,09.33,736.1,750,17.25,12937.5,
Bajfinance,274,19-Jan-24,09.33,B,736.1,19-Jan-24,09.33,736.1,19-Jan-24,10.51,730.74,750,-5.360000000000014,-4020.00000000001,
Bajfinance,275,19-Jan-24,10.51,S,730.74,19-Jan-24,10.51,730.74,19-Jan-24,15.15,732.8,750,-2.0599999999999454,-1544.999999999959,
Bajfinance,276,19-Jan-24,15.15,B,732.8,19-Jan-24,15.15,732.8,20-Jan-24,12.36,731.7,750,-1.099999999999909,-824.9999999999318,
Bajfinance,277,20-Jan-24,12.36,S,731.7,20-Jan-24,12.36,731.7,25-Jan-24,15.03,709.035,750,22.665000000000077,16998.75000000006,
Bajfinance,278,25-Jan-24,15.03,B,709.035,25-Jan-24,15.03,709.035,30-Jan-24,10.12,687.905,750,-21.129999999999995,-15847.499999999996,
Bajfinance,279,30-Jan-24,10.12,S,687.905,30-Jan-24,10.12,687.905,31-Jan-24,15.24,686.44,750,1.4649999999999181,1098.7499999999386,
Bajfinance,280,31-Jan-24,15.24,B,686.44,31-Jan-24,15.24,686.44,01-Feb-24,09.15,686.97,750,0.5299999999999727,397.49999999997954,
Bajfinance,281,01-Feb-24,09.15,S,686.97,01-Feb-24,09.15,686.97,02-Feb-24,10.45,684.2,750,2.769999999999982,2077.4999999999864,
Bajfinance,282,02-Feb-24,10.45,B,684.2,02-Feb-24,10.45,684.2,02-Feb-24,13.12,682.07,750,-2.1299999999999955,-1597.4999999999966,
Bajfinance,283,02-Feb-24,13.12,S,682.07,02-Feb-24,13.12,682.07,02-Feb-24,15.24,686.49,750,-4.419999999999959,-3314.999999999969,
Bajfinance,284,02-Feb-24,15.24,B,686.49,02-Feb-24,15.24,686.49,05-Feb-24,10.21,681.385,750,-5.105000000000018,-3828.7500000000136,
Bajfinance,285,05-Feb-24,10.21,S,681.385,05-Feb-24,10.21,681.385,07-Feb-24,09.36,667.785,750,13.600000000000023,10200.000000000016,
Bajfinance,286,07-Feb-24,09.36,B,667.785,07-Feb-24,09.36,667.785,07-Feb-24,11.06,665.355,750,-2.42999999999995,-1822.4999999999625,
Bajfinance,287,07-Feb-24,11.06,S,665.355,07-Feb-24,11.06,665.355,07-Feb-24,12.54,668.045,750,-2.689999999999941,-2017.4999999999557,
Bajfinance,288,07-Feb-24,12.54,B,668.045,07-Feb-24,12.54,668.045,08-Feb-24,10.09,665.65,750,-2.394999999999982,-1796.2499999999864,
Bajfinance,289,08-Feb-24,10.09,S,665.65,08-Feb-24,10.09,665.65,09-Feb-24,09.27,665.005,750,0.6449999999999818,483.74999999998636,
Bajfinance,290,09-Feb-24,09.27,B,665.005,09-Feb-24,09.27,665.005,12-Feb-24,09.18,660.365,750,-4.639999999999986,-3479.99999999999,
Bajfinance,291,12-Feb-24,09.18,S,660.365,12-Feb-24,09.18,660.365,13-Feb-24,10.09,663.135,750,-2.769999999999982,-2077.4999999999864,
Bajfinance,292,13-Feb-24,10.09,B,663.135,13-Feb-24,10.09,663.135,13-Feb-24,15.12,659.75,750,-3.384999999999991,-2538.749999999993,
Bajfinance,293,13-Feb-24,15.12,S,659.75,13-Feb-24,15.12,659.75,14-Feb-24,10.03,661.525,750,-1.7749999999999773,-1331.249999999983,
Bajfinance,294,14-Feb-24,10.03,B,661.525,14-Feb-24,10.03,661.525,14-Feb-24,11.33,659.8,750,-1.7250000000000227,-1293.750000000017,
Bajfinance,295,14-Feb-24,11.33,S,659.8,14-Feb-24,11.33,659.8,14-Feb-24,14.15,661.27,750,-1.4700000000000273,-1102.5000000000205,
Bajfinance,296,14-Feb-24,14.15,B,661.27,14-Feb-24,14.15,661.27,15-Feb-24,09.54,660.395,750,-0.875,-656.25,
Bajfinance,297,15-Feb-24,09.54,S,660.395,15-Feb-24,09.54,660.395,15-Feb-24,13.39,662.34,750,-1.94500000000005,-1458.7500000000375,
Bajfinance,298,15-Feb-24,13.39,B,662.34,15-Feb-24,13.39,662.34,16-Feb-24,12.18,660.755,750,-1.5850000000000364,-1188.7500000000273,
Bajfinance,299,16-Feb-24,12.18,S,660.755,16-Feb-24,12.18,660.755,16-Feb-24,15.00,663.2,750,-2.44500000000005,-1833.7500000000375,
Bajfinance,300,16-Feb-24,15.00,B,663.2,16-Feb-24,15.00,663.2,21-Feb-24,09.57,673.285,750,10.084999999999923,7563.749999999942,
Bajfinance,301,21-Feb-24,09.57,S,673.285,21-Feb-24,09.57,673.285,22-Feb-24,15.00,665.48,750,7.80499999999995,5853.749999999963,
Bajfinance,302,22-Feb-24,15.00,B,665.48,22-Feb-24,15.00,665.48,23-Feb-24,12.12,664.675,750,-0.8050000000000637,-603.7500000000477,
Bajfinance,303,23-Feb-24,12.12,S,664.675,23-Feb-24,12.12,664.675,23-Feb-24,12.48,667.96,750,-3.285000000000082,-2463.7500000000614,
Bajfinance,304,23-Feb-24,12.48,B,667.96,23-Feb-24,12.48,667.96,26-Feb-24,10.27,665.505,750,-2.455000000000041,-1841.2500000000307,
Bajfinance,305,26-Feb-24,10.27,S,665.505,26-Feb-24,10.27,665.505,29-Feb-24,15.24,652.495,750,13.009999999999991,9757.499999999993,
Bajfinance,306,29-Feb-24,15.24,B,652.495,29-Feb-24,15.24,652.495,04-Mar-24,12.45,657.45,750,4.955000000000041,3716.250000000031,
Bajfinance,307,04-Mar-24,12.45,S,657.45,04-Mar-24,12.45,657.45,04-Mar-24,13.36,659.36,750,-1.9099999999999682,-1432.4999999999761,
Bajfinance,308,04-Mar-24,13.36,B,659.36,04-Mar-24,13.36,659.36,05-Mar-24,10.15,658.24,750,-1.1200000000000045,-840.0000000000034,
Bajfinance,309,05-Mar-24,10.15,S,658.24,05-Mar-24,10.15,658.24,07-Mar-24,09.18,640.995,750,17.245000000000005,12933.750000000004,
Bajfinance,310,07-Mar-24,09.18,B,640.995,07-Mar-24,09.18,640.995,11-Mar-24,15.15,642.74,750,1.7450000000000045,1308.7500000000034,
Bajfinance,311,11-Mar-24,15.15,S,642.74,11-Mar-24,15.15,642.74,12-Mar-24,09.33,645.665,750,-2.9249999999999545,-2193.749999999966,
Bajfinance,312,12-Mar-24,09.33,B,645.665,12-Mar-24,09.33,645.665,12-Mar-24,10.42,639.25,750,-6.414999999999964,-4811.249999999973,
Bajfinance,313,12-Mar-24,10.42,S,639.25,12-Mar-24,10.42,639.25,12-Mar-24,12.09,644.805,750,-5.55499999999995,-4166.249999999963,
Bajfinance,314,12-Mar-24,12.09,B,644.805,12-Mar-24,12.09,644.805,12-Mar-24,15.03,643.38,750,-1.4249999999999545,-1068.749999999966,
Bajfinance,315,12-Mar-24,15.03,S,643.38,12-Mar-24,15.03,643.38,13-Mar-24,10.09,650.0,750,-6.6200000000000045,-4965.000000000004,
Bajfinance,316,13-Mar-24,10.09,B,650.0,13-Mar-24,10.09,650.0,13-Mar-24,11.30,643.995,750,-6.0049999999999955,-4503.749999999996,
Bajfinance,317,13-Mar-24,11.30,S,643.995,13-Mar-24,11.30,643.995,13-Mar-24,13.03,648.06,750,-4.064999999999941,-3048.7499999999554,
Bajfinance,318,13-Mar-24,13.03,B,648.06,13-Mar-24,13.03,648.06,13-Mar-24,14.21,643.79,750,-4.269999999999982,-3202.4999999999864,
Bajfinance,319,13-Mar-24,14.21,S,643.79,13-Mar-24,14.21,643.79,14-Mar-24,11.21,646.815,750,-3.025000000000091,-2268.750000000068,
Bajfinance,320,14-Mar-24,11.21,B,646.815,14-Mar-24,11.21,646.815,14-Mar-24,12.45,642.995,750,-3.82000000000005,-2865.0000000000373,
Bajfinance,321,14-Mar-24,12.45,S,642.995,14-Mar-24,12.45,642.995,15-Mar-24,10.00,646.785,750,-3.7899999999999636,-2842.4999999999727,
Bajfinance,322,15-Mar-24,10.00,B,646.785,15-Mar-24,10.00,646.785,20-Mar-24,15.00,662.905,750,16.120000000000005,12090.000000000004,
Bajfinance,323,20-Mar-24,15.00,S,662.905,20-Mar-24,15.00,662.905,21-Mar-24,09.18,674.195,750,-11.290000000000077,-8467.500000000058,
Bajfinance,324,21-Mar-24,09.18,B,674.195,21-Mar-24,09.18,674.195,21-Mar-24,12.48,666.5,750,-7.69500000000005,-5771.250000000037,
Bajfinance,325,21-Mar-24,12.48,S,666.5,21-Mar-24,12.48,666.5,21-Mar-24,14.00,671.19,750,-4.690000000000055,-3517.500000000041,
Bajfinance,326,21-Mar-24,14.00,B,671.19,21-Mar-24,14.00,671.19,01-Apr-24,14.42,723.26,750,52.069999999999936,39052.49999999995,
Bajfinance,327,01-Apr-24,14.42,S,723.26,01-Apr-24,14.42,723.26,03-Apr-24,09.48,725.105,750,-1.8450000000000273,-1383.7500000000205,
Bajfinance,328,03-Apr-24,09.48,B,725.105,03-Apr-24,09.48,725.105,04-Apr-24,14.54,728.255,750,3.1499999999999773,2362.4999999999827,
Bajfinance,329,04-Apr-24,14.54,S,728.255,04-Apr-24,14.54,728.255,09-Apr-24,09.18,723.1,750,5.154999999999973,3866.2499999999795,
Bajfinance,330,09-Apr-24,09.18,B,723.1,09-Apr-24,09.18,723.1,09-Apr-24,12.21,717.39,750,-5.710000000000036,-4282.500000000027,
Bajfinance,331,09-Apr-24,12.21,S,717.39,09-Apr-24,12.21,717.39,09-Apr-24,14.33,719.33,750,-1.9400000000000546,-1455.000000000041,
Bajfinance,332,09-Apr-24,14.33,B,719.33,09-Apr-24,14.33,719.33,10-Apr-24,10.36,716.285,750,-3.0450000000000728,-2283.7500000000546,
Bajfinance,333,10-Apr-24,10.36,S,716.285,10-Apr-24,10.36,716.285,10-Apr-24,13.09,721.0,750,-4.715000000000032,-3536.2500000000236,
Bajfinance,334,10-Apr-24,13.09,B,721.0,10-Apr-24,13.09,721.0,12-Apr-24,09.42,717.405,750,-3.5950000000000273,-2696.2500000000205,
Bajfinance,335,12-Apr-24,09.42,S,717.405,12-Apr-24,09.42,717.405,12-Apr-24,11.18,721.2,750,-3.7950000000000728,-2846.2500000000546,
Bajfinance,336,12-Apr-24,11.18,B,721.2,12-Apr-24,11.18,721.2,15-Apr-24,11.42,717.025,750,-4.175000000000068,-3131.250000000051,
Bajfinance,337,15-Apr-24,11.42,S,717.025,15-Apr-24,11.42,717.025,19-Apr-24,12.21,692.725,750,24.299999999999955,18224.999999999967,
Bajfinance,338,19-Apr-24,12.21,B,692.725,19-Apr-24,12.21,692.725,25-Apr-24,09.18,727.655,750,34.92999999999995,26197.499999999964,
Bajfinance,339,25-Apr-24,09.18,S,727.655,25-Apr-24,09.18,727.655,25-Apr-24,14.03,732.725,750,-5.07000000000005,-3802.5000000000373,
Bajfinance,340,25-Apr-24,14.03,B,732.725,25-Apr-24,14.03,732.725,26-Apr-24,09.30,684.55,750,-48.17500000000007,-36131.25000000005,
Bajfinance,341,26-Apr-24,09.30,S,684.55,26-Apr-24,09.30,684.55,29-Apr-24,14.21,683.225,750,1.3249999999999318,993.7499999999488,
Bajfinance,342,29-Apr-24,14.21,B,683.225,29-Apr-24,14.21,683.225,02-May-24,11.06,687.155,750,3.92999999999995,2947.4999999999627,
Bajfinance,343,02-May-24,11.06,S,687.155,02-May-24,11.06,687.155,02-May-24,14.54,690.585,750,-3.4300000000000637,-2572.5000000000477,
Bajfinance,344,02-May-24,14.54,B,690.585,02-May-24,14.54,690.585,03-May-24,12.12,697.46,750,6.875,5156.25,
Bajfinance,345,03-May-24,12.12,S,697.46,03-May-24,12.12,697.46,07-May-24,12.24,690.295,750,7.165000000000077,5373.750000000058,
Bajfinance,346,07-May-24,12.24,B,690.295,07-May-24,12.24,690.295,07-May-24,13.42,687.625,750,-2.669999999999959,-2002.4999999999693,
Bajfinance,347,07-May-24,13.42,S,687.625,07-May-24,13.42,687.625,10-May-24,15.00,669.44,750,18.184999999999945,13638.74999999996,
Bajfinance,348,10-May-24,15.00,B,669.44,10-May-24,15.00,669.44,13-May-24,09.30,665.145,750,-4.295000000000073,-3221.2500000000546,
Bajfinance,349,13-May-24,09.30,S,665.145,13-May-24,09.30,665.145,13-May-24,11.15,668.99,750,-3.8450000000000273,-2883.7500000000205,
Bajfinance,350,13-May-24,11.15,B,668.99,13-May-24,11.15,668.99,13-May-24,13.30,666.545,750,-2.44500000000005,-1833.7500000000375,
Bajfinance,351,13-May-24,13.30,S,666.545,13-May-24,13.30,666.545,13-May-24,13.48,669.2,750,-2.6550000000000864,-1991.2500000000648,
Bajfinance,352,13-May-24,13.48,B,669.2,13-May-24,13.48,669.2,14-May-24,09.45,667.91,750,-1.2900000000000773,-967.500000000058,
Bajfinance,353,14-May-24,09.45,S,667.91,14-May-24,09.45,667.91,14-May-24,12.42,669.5,750,-1.5900000000000318,-1192.5000000000239,
Bajfinance,354,14-May-24,12.42,B,669.5,14-May-24,12.42,669.5,14-May-24,14.21,668.465,750,-1.0349999999999682,-776.2499999999761,
Bajfinance,355,14-May-24,14.21,S,668.465,14-May-24,14.21,668.465,15-May-24,09.39,670.255,750,-1.7899999999999636,-1342.4999999999727,
Bajfinance,356,15-May-24,09.39,B,670.255,15-May-24,09.39,670.255,15-May-24,10.06,667.09,750,-3.1649999999999636,-2373.7499999999727,
Bajfinance,357,15-May-24,10.06,S,667.09,15-May-24,10.06,667.09,16-May-24,12.09,668.555,750,-1.4649999999999181,-1098.7499999999386,
Bajfinance,358,16-May-24,12.09,B,668.555,16-May-24,12.09,668.555,16-May-24,12.27,665.89,750,-2.6649999999999636,-1998.7499999999727,
Bajfinance,359,16-May-24,12.27,S,665.89,16-May-24,12.27,665.89,16-May-24,14.39,667.88,750,-1.990000000000009,-1492.5000000000068,
Bajfinance,360,16-May-24,14.39,B,667.88,16-May-24,14.39,667.88,21-May-24,12.00,673.1,750,5.220000000000027,3915.0000000000205,
Bajfinance,361,21-May-24,12.00,S,673.1,21-May-24,12.00,673.1,21-May-24,14.15,675.0,750,-1.8999999999999773,-1424.999999999983,
Bajfinance,362,21-May-24,14.15,B,675.0,21-May-24,14.15,675.0,22-May-24,15.03,674.555,750,-0.44500000000005,-333.7500000000375,
Bajfinance,363,22-May-24,15.03,S,674.555,22-May-24,15.03,674.555,23-May-24,09.36,676.28,750,-1.7250000000000227,-1293.750000000017,
Bajfinance,364,23-May-24,09.36,B,676.28,23-May-24,09.36,676.28,24-May-24,15.18,683.415,750,7.134999999999991,5351.249999999993,
Bajfinance,365,24-May-24,15.18,S,683.415,24-May-24,15.18,683.415,27-May-24,10.15,685.13,750,-1.7150000000000318,-1286.2500000000239,
Bajfinance,366,27-May-24,10.15,B,685.13,27-May-24,10.15,685.13,28-May-24,13.48,689.885,750,4.7549999999999955,3566.2499999999964,
Bajfinance,367,28-May-24,13.48,S,689.885,28-May-24,13.48,689.885,31-May-24,09.57,673.9,750,15.985000000000014,11988.750000000011,
Bajfinance,368,31-May-24,09.57,B,673.9,31-May-24,09.57,673.9,31-May-24,12.36,671.67,750,-2.230000000000018,-1672.5000000000136,
Bajfinance,369,31-May-24,12.36,S,671.67,31-May-24,12.36,671.67,03-Jun-24,09.30,691.005,750,-19.335000000000036,-14501.250000000027,
Bajfinance,370,03-Jun-24,09.30,B,691.005,03-Jun-24,09.30,691.005,04-Jun-24,09.21,668.135,750,-22.870000000000005,-17152.500000000004,
Bajfinance,371,04-Jun-24,09.21,S,668.135,04-Jun-24,09.21,668.135,05-Jun-24,11.09,667.66,750,0.47500000000002274,356.25000000001705,
Bajfinance,372,05-Jun-24,11.09,B,667.66,05-Jun-24,11.09,667.66,10-Jun-24,14.15,712.04,750,44.379999999999995,33285.0,
Bajfinance,373,10-Jun-24,14.15,S,712.04,10-Jun-24,14.15,712.04,11-Jun-24,10.18,713.495,750,-1.455000000000041,-1091.2500000000307,
Bajfinance,374,11-Jun-24,10.18,B,713.495,11-Jun-24,10.18,713.495,18-Jun-24,14.06,733.6,750,20.105000000000018,15078.750000000015,
Bajfinance,375,18-Jun-24,14.06,S,733.6,18-Jun-24,14.06,733.6,20-Jun-24,13.15,723.31,750,10.290000000000077,7717.500000000058,
Bajfinance,376,20-Jun-24,13.15,B,723.31,20-Jun-24,13.15,723.31,20-Jun-24,13.51,720.65,750,-2.659999999999968,-1994.9999999999761,
Bajfinance,377,20-Jun-24,13.51,S,720.65,20-Jun-24,13.51,720.65,25-Jun-24,09.18,712.8,750,7.850000000000023,5887.500000000017,
Bajfinance,378,25-Jun-24,09.18,B,712.8,25-Jun-24,09.18,712.8,25-Jun-24,09.57,707.205,750,-5.594999999999914,-4196.249999999935,
Bajfinance,379,25-Jun-24,09.57,S,707.205,25-Jun-24,09.57,707.205,25-Jun-24,13.09,707.875,750,-0.6699999999999591,-502.4999999999693,
Bajfinance,380,25-Jun-24,13.09,B,707.875,25-Jun-24,13.09,707.875,26-Jun-24,10.36,705.5,750,-2.375,-1781.25,
Bajfinance,381,26-Jun-24,10.36,S,705.5,26-Jun-24,10.36,705.5,26-Jun-24,11.30,709.165,750,-3.6649999999999636,-2748.7499999999727,
Bajfinance,382,26-Jun-24,11.30,B,709.165,26-Jun-24,11.30,709.165,27-Jun-24,12.57,712.6,750,3.435000000000059,2576.2500000000446,
Bajfinance,383,27-Jun-24,12.57,S,712.6,27-Jun-24,12.57,712.6,27-Jun-24,14.51,714.795,750,-2.1949999999999363,-1646.2499999999523,
Bajfinance,384,27-Jun-24,14.51,B,714.795,27-Jun-24,14.51,714.795,28-Jun-24,12.18,714.645,750,-0.14999999999997726,-112.49999999998295,
Bajfinance,385,28-Jun-24,12.18,S,714.645,28-Jun-24,12.18,714.645,01-Jul-24,11.15,715.455,750,-0.8100000000000591,-607.5000000000443,
Bajfinance,386,01-Jul-24,11.15,B,715.455,01-Jul-24,11.15,715.455,02-Jul-24,09.42,715.205,750,-0.25,-187.5,
Bajfinance,387,02-Jul-24,09.42,S,715.205,02-Jul-24,09.42,715.205,02-Jul-24,13.48,719.2,750,-3.9950000000000045,-2996.2500000000036,
Bajfinance,388,02-Jul-24,13.48,B,719.2,02-Jul-24,13.48,719.2,02-Jul-24,15.09,717.045,750,-2.1550000000000864,-1616.2500000000648,
Bajfinance,389,02-Jul-24,15.09,S,717.045,02-Jul-24,15.09,717.045,03-Jul-24,09.18,722.005,750,-4.960000000000036,-3720.0000000000273,
Bajfinance,390,03-Jul-24,09.18,B,722.005,03-Jul-24,09.18,722.005,04-Jul-24,10.24,719.175,750,-2.830000000000041,-2122.500000000031,
Bajfinance,391,04-Jul-24,10.24,S,719.175,04-Jul-24,10.24,719.175,05-Jul-24,15.09,714.8,750,4.375,3281.25,
Bajfinance,392,05-Jul-24,15.09,B,714.8,05-Jul-24,15.09,714.8,08-Jul-24,09.21,710.76,750,-4.039999999999964,-3029.9999999999727,
Bajfinance,393,08-Jul-24,09.21,S,710.76,08-Jul-24,09.21,710.76,10-Jul-24,09.27,709.22,750,1.5399999999999636,1154.9999999999727,
Bajfinance,394,10-Jul-24,09.27,B,709.22,10-Jul-24,09.27,709.22,10-Jul-24,10.21,707.015,750,-2.205000000000041,-1653.7500000000307,
Bajfinance,395,10-Jul-24,10.21,S,707.015,10-Jul-24,10.21,707.015,12-Jul-24,11.00,699.0,750,8.014999999999986,6011.24999999999,
Bajfinance,396,12-Jul-24,11.00,B,699.0,12-Jul-24,11.00,699.0,16-Jul-24,09.48,703.245,750,4.2450000000000045,3183.7500000000036,
Bajfinance,397,16-Jul-24,09.48,S,703.245,16-Jul-24,09.48,703.245,16-Jul-24,10.24,704.96,750,-1.7150000000000318,-1286.2500000000239,
Bajfinance,398,16-Jul-24,10.24,B,704.96,16-Jul-24,10.24,704.96,16-Jul-24,15.12,704.3,750,-0.6600000000000819,-495.0000000000614,
Bajfinance,399,16-Jul-24,15.12,S,704.3,16-Jul-24,15.12,704.3,18-Jul-24,10.09,706.54,750,-2.240000000000009,-1680.0000000000068,
Bajfinance,400,18-Jul-24,10.09,B,706.54,18-Jul-24,10.09,706.54,18-Jul-24,10.48,702.5,750,-4.039999999999964,-3029.9999999999727,
Bajfinance,401,18-Jul-24,10.48,S,702.5,18-Jul-24,10.48,702.5,18-Jul-24,13.09,704.595,750,-2.0950000000000273,-1571.2500000000205,
Bajfinance,402,18-Jul-24,13.09,B,704.595,18-Jul-24,13.09,704.595,19-Jul-24,09.48,702.72,750,-1.875,-1406.25,
Bajfinance,403,19-Jul-24,09.48,S,702.72,19-Jul-24,09.48,702.72,25-Jul-24,11.45,665.285,750,37.43500000000006,28076.250000000044,
Bajfinance,404,25-Jul-24,11.45,B,665.285,25-Jul-24,11.45,665.285,30-Jul-24,15.09,681.41,750,16.125,12093.75,
Bajfinance,405,30-Jul-24,15.09,S,681.41,30-Jul-24,15.09,681.41,31-Jul-24,14.45,684.7,750,-3.2900000000000773,-2467.500000000058,
Bajfinance,406,31-Jul-24,14.45,B,684.7,31-Jul-24,14.45,684.7,31-Jul-24,15.00,681.725,750,-2.9750000000000227,-2231.2500000000173,
Bajfinance,407,31-Jul-24,15.00,S,681.725,31-Jul-24,15.00,681.725,06-Aug-24,09.18,667.695,750,14.029999999999973,10522.49999999998,
Bajfinance,408,06-Aug-24,09.18,B,667.695,06-Aug-24,09.18,667.695,06-Aug-24,10.09,662.93,750,-4.7650000000001,-3573.750000000075,
Bajfinance,409,06-Aug-24,10.09,S,662.93,06-Aug-24,10.09,662.93,07-Aug-24,09.30,662.5,750,0.42999999999995,322.4999999999625,
Bajfinance,410,07-Aug-24,09.30,B,662.5,07-Aug-24,09.30,662.5,08-Aug-24,10.06,661.665,750,-0.8350000000000364,-626.2500000000273,
Bajfinance,411,08-Aug-24,10.06,S,661.665,08-Aug-24,10.06,661.665,08-Aug-24,12.12,664.94,750,-3.275000000000091,-2456.250000000068,
Bajfinance,412,08-Aug-24,12.12,B,664.94,08-Aug-24,12.12,664.94,08-Aug-24,13.57,660.53,750,-4.410000000000082,-3307.5000000000614,
Bajfinance,413,08-Aug-24,13.57,S,660.53,08-Aug-24,13.57,660.53,09-Aug-24,15.06,661.83,750,-1.3000000000000682,-975.0000000000512,
Bajfinance,414,09-Aug-24,15.06,B,661.83,09-Aug-24,15.06,661.83,12-Aug-24,09.42,658.845,750,-2.9850000000000136,-2238.75000000001,
Bajfinance,415,12-Aug-24,09.42,S,658.845,12-Aug-24,09.42,658.845,12-Aug-24,10.51,661.19,750,-2.3450000000000273,-1758.7500000000205,
Bajfinance,416,12-Aug-24,10.51,B,661.19,12-Aug-24,10.51,661.19,12-Aug-24,14.51,660.0,750,-1.1900000000000546,-892.5000000000409,
Bajfinance,417,12-Aug-24,14.51,S,660.0,12-Aug-24,14.51,660.0,16-Aug-24,11.39,648.65,750,11.350000000000023,8512.500000000016,
Bajfinance,418,16-Aug-24,11.39,B,648.65,16-Aug-24,11.39,648.65,23-Aug-24,09.18,673.135,750,24.485000000000014,18363.75000000001,
Bajfinance,419,23-Aug-24,09.18,S,673.135,23-Aug-24,09.18,673.135,23-Aug-24,11.33,674.145,750,-1.009999999999991,-757.4999999999932,
Bajfinance,420,23-Aug-24,11.33,B,674.145,23-Aug-24,11.33,674.145,27-Aug-24,09.24,676.555,750,2.409999999999968,1807.4999999999761,
Bajfinance,421,27-Aug-24,09.24,S,676.555,27-Aug-24,09.24,676.555,27-Aug-24,11.00,677.75,750,-1.19500000000005,-896.2500000000375,
Bajfinance,422,27-Aug-24,11.00,B,677.75,27-Aug-24,11.00,677.75,03-Sep-24,09.33,730.715,750,52.96500000000003,39723.75000000002,
Bajfinance,423,03-Sep-24,09.33,S,730.715,03-Sep-24,09.33,730.715,03-Sep-24,14.45,731.405,750,-0.6899999999999409,-517.4999999999557,
Bajfinance,424,03-Sep-24,14.45,B,731.405,03-Sep-24,14.45,731.405,04-Sep-24,11.18,729.11,750,-2.294999999999959,-1721.2499999999693,
Bajfinance,425,04-Sep-24,11.18,S,729.11,04-Sep-24,11.18,729.11,06-Sep-24,09.18,731.87,750,-2.759999999999991,-2069.999999999993,
Bajfinance,426,06-Sep-24,09.18,B,731.87,06-Sep-24,09.18,731.87,06-Sep-24,14.24,728.36,750,-3.509999999999991,-2632.499999999993,
Bajfinance,427,06-Sep-24,14.24,S,728.36,06-Sep-24,14.24,728.36,09-Sep-24,10.45,733.18,750,-4.819999999999936,-3614.9999999999523,
Bajfinance,428,09-Sep-24,10.45,B,733.18,09-Sep-24,10.45,733.18,10-Sep-24,09.24,729.3,750,-3.8799999999999955,-2909.9999999999964,
Bajfinance,429,10-Sep-24,09.24,S,729.3,10-Sep-24,09.24,729.3,11-Sep-24,09.42,728.21,750,1.0899999999999181,817.4999999999386,
Bajfinance,430,11-Sep-24,09.42,B,728.21,11-Sep-24,09.42,728.21,12-Sep-24,11.24,731.6,750,3.3899999999999864,2542.49999999999,
Bajfinance,431,12-Sep-24,11.24,S,731.6,12-Sep-24,11.24,731.6,12-Sep-24,12.42,734.97,750,-3.3700000000000045,-2527.5000000000036,
Bajfinance,432,12-Sep-24,12.42,B,734.97,12-Sep-24,12.42,734.97,16-Sep-24,10.06,750.52,750,15.549999999999955,11662.499999999965,
Bajfinance,433,16-Sep-24,10.06,S,750.52,16-Sep-24,10.06,750.52,17-Sep-24,10.15,743.205,750,7.314999999999941,5486.249999999955,
Bajfinance,434,17-Sep-24,10.15,B,743.205,17-Sep-24,10.15,743.205,17-Sep-24,10.36,738.135,750,-5.07000000000005,-3802.5000000000373,
Bajfinance,435,17-Sep-24,10.36,S,738.135,17-Sep-24,10.36,738.135,18-Sep-24,09.18,746.015,750,-7.8799999999999955,-5909.999999999996,
Bajfinance,436,18-Sep-24,09.18,B,746.015,18-Sep-24,09.18,746.015,20-Sep-24,09.27,756.37,750,10.355000000000018,7766.250000000014,
Bajfinance,437,20-Sep-24,09.27,S,756.37,20-Sep-24,09.27,756.37,20-Sep-24,10.39,760.655,750,-4.284999999999968,-3213.7499999999764,
Bajfinance,438,20-Sep-24,10.39,B,760.655,20-Sep-24,10.39,760.655,20-Sep-24,13.30,755.555,750,-5.100000000000023,-3825.0000000000173,
Bajfinance,439,20-Sep-24,13.30,S,755.555,20-Sep-24,13.30,755.555,23-Sep-24,13.03,758.5,750,-2.94500000000005,-2208.7500000000373,
Bajfinance,440,23-Sep-24,13.03,B,758.5,23-Sep-24,13.03,758.5,24-Sep-24,09.21,754.16,750,-4.340000000000032,-3255.0000000000236,
Bajfinance,441,24-Sep-24,09.21,S,754.16,24-Sep-24,09.21,754.16,24-Sep-24,14.18,756.59,750,-2.4300000000000637,-1822.5000000000477,
Bajfinance,442,24-Sep-24,14.18,B,756.59,24-Sep-24,14.18,756.59,30-Sep-24,13.27,773.75,750,17.159999999999968,12869.999999999976,
Bajfinance,443,30-Sep-24,13.27,S,773.75,30-Sep-24,13.27,773.75,01-Oct-24,09.39,778.69,750,-4.940000000000055,-3705.000000000041,
Bajfinance,444,01-Oct-24,09.39,B,778.69,01-Oct-24,09.39,778.69,01-Oct-24,12.27,773.935,750,-4.755000000000109,-3566.250000000082,
Bajfinance,445,01-Oct-24,12.27,S,773.935,01-Oct-24,12.27,773.935,09-Oct-24,09.24,727.79,750,46.14499999999998,34608.749999999985,
Bajfinance,446,09-Oct-24,09.24,B,727.79,09-Oct-24,09.24,727.79,09-Oct-24,15.09,729.0,750,1.2100000000000364,907.5000000000273,
Bajfinance,447,09-Oct-24,15.09,S,729.0,09-Oct-24,15.09,729.0,10-Oct-24,13.15,733.0,750,-4.0,-3000.0,
Bajfinance,448,10-Oct-24,13.15,B,733.0,10-Oct-24,13.15,733.0,10-Oct-24,14.54,729.61,750,-3.3899999999999864,-2542.49999999999,
Bajfinance,449,10-Oct-24,14.54,S,729.61,10-Oct-24,14.54,729.61,18-Oct-24,11.51,692.09,750,37.51999999999998,28139.999999999985,
Bajfinance,450,18-Oct-24,11.51,B,692.09,18-Oct-24,11.51,692.09,18-Oct-24,12.45,690.485,750,-1.6050000000000182,-1203.7500000000136,
Bajfinance,451,18-Oct-24,12.45,S,690.485,18-Oct-24,12.45,690.485,23-Oct-24,09.45,696.39,750,-5.904999999999973,-4428.74999999998,
Bajfinance,452,23-Oct-24,09.45,B,696.39,23-Oct-24,09.45,696.39,25-Oct-24,09.24,700.39,750,4.0,3000.0,
Bajfinance,453,25-Oct-24,09.24,S,700.39,25-Oct-24,09.24,700.39,25-Oct-24,11.18,704.385,750,-3.9950000000000045,-2996.2500000000036,
Bajfinance,454,25-Oct-24,11.18,B,704.385,25-Oct-24,11.18,704.385,25-Oct-24,12.33,698.87,750,-5.514999999999986,-4136.24999999999,
Bajfinance,455,25-Oct-24,12.33,S,698.87,25-Oct-24,12.33,698.87,28-Oct-24,10.33,698.505,750,0.3650000000000091,273.7500000000068,
Bajfinance,456,28-Oct-24,10.33,B,698.505,28-Oct-24,10.33,698.505,28-Oct-24,11.36,695.83,750,-2.6749999999999545,-2006.249999999966,
Bajfinance,457,28-Oct-24,11.36,S,695.83,28-Oct-24,11.36,695.83,29-Oct-24,12.39,693.42,750,2.410000000000082,1807.5000000000614,
Bajfinance,458,29-Oct-24,12.39,B,693.42,29-Oct-24,12.39,693.42,30-Oct-24,12.00,694.52,750,1.1000000000000227,825.000000000017,
Bajfinance,459,30-Oct-24,12.00,S,694.52,30-Oct-24,12.00,694.52,30-Oct-24,12.15,697.505,750,-2.9850000000000136,-2238.75000000001,
Bajfinance,460,30-Oct-24,12.15,B,697.505,30-Oct-24,12.15,697.505,30-Oct-24,13.51,694.745,750,-2.759999999999991,-2069.999999999993,
Bajfinance,461,30-Oct-24,13.51,S,694.745,30-Oct-24,13.51,694.745,05-Nov-24,13.24,683.315,750,11.42999999999995,8572.499999999962,
Bajfinance,462,05-Nov-24,13.24,B,683.315,05-Nov-24,13.24,683.315,07-Nov-24,09.30,693.79,750,10.474999999999909,7856.249999999932,
Bajfinance,463,07-Nov-24,09.30,S,693.79,07-Nov-24,09.30,693.79,08-Nov-24,09.27,692.575,750,1.2149999999999181,911.2499999999386,
Bajfinance,464,08-Nov-24,09.27,B,692.575,08-Nov-24,09.27,692.575,08-Nov-24,09.51,690.195,750,-2.3799999999999955,-1784.9999999999966,
Bajfinance,465,08-Nov-24,09.51,S,690.195,08-Nov-24,09.51,690.195,18-Nov-24,09.21,661.0,750,29.19500000000005,21896.250000000036,
Bajfinance,466,18-Nov-24,09.21,B,661.0,18-Nov-24,09.21,661.0,18-Nov-24,11.21,657.14,750,-3.8600000000000136,-2895.00000000001,
Bajfinance,467,18-Nov-24,11.21,S,657.14,18-Nov-24,11.21,657.14,18-Nov-24,12.00,659.5,750,-2.3600000000000136,-1770.0000000000102,
Bajfinance,468,18-Nov-24,12.00,B,659.5,18-Nov-24,12.00,659.5,18-Nov-24,13.42,658.49,750,-1.009999999999991,-757.4999999999932,
Bajfinance,469,18-Nov-24,13.42,S,658.49,18-Nov-24,13.42,658.49,19-Nov-24,09.27,659.845,750,-1.3550000000000182,-1016.2500000000136,
Bajfinance,470,19-Nov-24,09.27,B,659.845,19-Nov-24,09.27,659.845,19-Nov-24,13.24,658.5,750,-1.3450000000000273,-1008.7500000000205,
Bajfinance,471,19-Nov-24,13.24,S,658.5,19-Nov-24,13.24,658.5,22-Nov-24,09.33,653.5,750,5.0,3750.0,
Bajfinance,472,22-Nov-24,09.33,B,653.5,22-Nov-24,09.33,653.5,26-Nov-24,09.18,666.775,750,13.274999999999977,9956.249999999984,
Bajfinance,473,26-Nov-24,09.18,S,666.775,26-Nov-24,09.18,666.775,27-Nov-24,09.48,667.935,750,-1.1599999999999682,-869.9999999999761,
Bajfinance,474,27-Nov-24,09.48,B,667.935,27-Nov-24,09.48,667.935,28-Nov-24,09.24,666.465,750,-1.4699999999999136,-1102.4999999999352,
Bajfinance,475,28-Nov-24,09.24,S,666.465,28-Nov-24,09.24,666.465,02-Dec-24,12.06,657.615,750,8.850000000000023,6637.500000000017,
Bajfinance,476,02-Dec-24,12.06,B,657.615,02-Dec-24,12.06,657.615,09-Dec-24,15.06,685.97,750,28.355000000000018,21266.250000000015,
Bajfinance,477,09-Dec-24,15.06,S,685.97,09-Dec-24,15.06,685.97,10-Dec-24,09.30,692.125,750,-6.154999999999973,-4616.24999999998,
Bajfinance,478,10-Dec-24,09.30,B,692.125,10-Dec-24,09.30,692.125,10-Dec-24,12.09,687.72,750,-4.404999999999973,-3303.7499999999795,
Bajfinance,479,10-Dec-24,12.09,S,687.72,10-Dec-24,12.09,687.72,10-Dec-24,13.57,690.2,750,-2.480000000000018,-1860.0000000000136,
Bajfinance,480,10-Dec-24,13.57,B,690.2,10-Dec-24,13.57,690.2,13-Dec-24,09.18,705.96,750,15.759999999999991,11819.999999999993,
Bajfinance,481,13-Dec-24,09.18,S,705.96,13-Dec-24,09.18,705.96,13-Dec-24,11.54,709.88,750,-3.919999999999959,-2939.999999999969,
Bajfinance,482,13-Dec-24,11.54,B,709.88,13-Dec-24,11.54,709.88,17-Dec-24,09.39,717.96,750,8.080000000000041,6060.000000000031,
Bajfinance,483,17-Dec-24,09.39,S,717.96,17-Dec-24,09.39,717.96,17-Dec-24,11.00,721.515,750,-3.55499999999995,-2666.2499999999627,
Bajfinance,484,17-Dec-24,11.00,B,721.515,17-Dec-24,11.00,721.515,17-Dec-24,12.54,717.175,750,-4.340000000000032,-3255.0000000000236,
Bajfinance,485,17-Dec-24,12.54,S,717.175,17-Dec-24,12.54,717.175,20-Dec-24,09.36,700.23,750,16.944999999999936,12708.749999999953,
Bajfinance,486,20-Dec-24,09.36,B,700.23,20-Dec-24,09.36,700.23,20-Dec-24,09.48,695.42,750,-4.810000000000059,-3607.5000000000446,
Bajfinance,487,20-Dec-24,09.48,S,695.42,20-Dec-24,09.48,695.42,23-Dec-24,09.21,694.775,750,0.6449999999999818,483.74999999998636,
Bajfinance,488,23-Dec-24,09.21,B,694.775,23-Dec-24,09.21,694.775,23-Dec-24,13.12,689.145,750,-5.6299999999999955,-4222.499999999996,
Bajfinance,489,23-Dec-24,13.12,S,689.145,23-Dec-24,13.12,689.145,27-Dec-24,09.18,686.645,750,2.5,1875.0,
Bajfinance,490,27-Dec-24,09.18,B,686.645,27-Dec-24,09.18,686.645,30-Dec-24,13.30,690.51,750,3.865000000000009,2898.750000000007,
Bajfinance,491,30-Dec-24,13.30,S,690.51,30-Dec-24,13.30,690.51,01-Jan-25,10.27,687.82,750,2.689999999999941,2017.4999999999557,
Bajfinance,492,01-Jan-25,10.27,B,687.82,01-Jan-25,10.27,687.82,06-Jan-25,11.42,738.065,750,50.245000000000005,37683.75,
Bajfinance,493,06-Jan-25,11.42,S,738.065,06-Jan-25,11.42,738.065,08-Jan-25,13.57,734.955,750,3.1100000000000136,2332.50000000001,
Bajfinance,494,08-Jan-25,13.57,B,734.955,08-Jan-25,13.57,734.955,09-Jan-25,09.18,731.185,750,-3.7700000000000955,-2827.500000000072,
Bajfinance,495,09-Jan-25,09.18,S,731.185,09-Jan-25,09.18,731.185,10-Jan-25,09.18,730.67,750,0.5149999999999864,386.24999999998977,
Bajfinance,496,10-Jan-25,09.18,B,730.67,10-Jan-25,09.18,730.67,10-Jan-25,09.27,726.83,750,-3.839999999999918,-2879.9999999999386,
Bajfinance,497,10-Jan-25,09.27,S,726.83,10-Jan-25,09.27,726.83,10-Jan-25,10.21,731.25,750,-4.419999999999959,-3314.999999999969,
Bajfinance,498,10-Jan-25,10.21,B,731.25,10-Jan-25,10.21,731.25,10-Jan-25,12.48,728.62,750,-2.6299999999999955,-1972.4999999999966,
Bajfinance,499,10-Jan-25,12.48,S,728.62,10-Jan-25,12.48,728.62,14-Jan-25,09.18,726.385,750,2.2350000000000136,1676.2500000000102,
Bajfinance,500,14-Jan-25,09.18,B,726.385,14-Jan-25,09.18,726.385,15-Jan-25,09.27,724.5,750,-1.884999999999991,-1413.7499999999932,
Bajfinance,501,15-Jan-25,09.27,S,724.5,15-Jan-25,09.27,724.5,16-Jan-25,09.27,727.47,750,-2.9700000000000273,-2227.5000000000205,
Bajfinance,502,16-Jan-25,09.27,B,727.47,16-Jan-25,09.27,727.47,17-Jan-25,10.48,722.66,750,-4.810000000000059,-3607.5000000000446,
Bajfinance,503,17-Jan-25,10.48,S,722.66,17-Jan-25,10.48,722.66,20-Jan-25,10.15,724.355,750,-1.69500000000005,-1271.2500000000375,
Bajfinance,504,20-Jan-25,10.15,B,724.355,20-Jan-25,10.15,724.355,21-Jan-25,10.21,734.5,750,10.144999999999982,7608.749999999986,
Bajfinance,505,21-Jan-25,10.21,S,734.5,21-Jan-25,10.21,734.5,21-Jan-25,11.42,737.75,750,-3.25,-2437.5,
Bajfinance,506,21-Jan-25,11.42,B,737.75,21-Jan-25,11.42,737.75,21-Jan-25,13.18,733.845,750,-3.9049999999999727,-2928.7499999999795,
Bajfinance,507,21-Jan-25,13.18,S,733.845,21-Jan-25,13.18,733.845,22-Jan-25,14.27,734.8,750,-0.9549999999999272,-716.2499999999454,
Bajfinance,508,22-Jan-25,14.27,B,734.8,22-Jan-25,14.27,734.8,24-Jan-25,09.48,741.235,750,6.435000000000059,4826.250000000045,
Bajfinance,509,24-Jan-25,09.48,S,741.235,24-Jan-25,09.48,741.235,24-Jan-25,10.45,743.905,750,-2.669999999999959,-2002.4999999999693,
Bajfinance,510,24-Jan-25,10.45,B,743.905,24-Jan-25,10.45,743.905,24-Jan-25,14.42,743.265,750,-0.6399999999999864,-479.99999999998977,
Bajfinance,511,24-Jan-25,14.42,S,743.265,24-Jan-25,14.42,743.265,28-Jan-25,09.18,741.05,750,2.215000000000032,1661.2500000000239,
Bajfinance,512,28-Jan-25,09.18,B,741.05,28-Jan-25,09.18,741.05,31-Jan-25,09.24,783.475,750,42.42500000000007,31818.75000000005,
Bajfinance,513,31-Jan-25,09.24,S,783.475,31-Jan-25,09.24,783.475,31-Jan-25,09.39,791.335,750,-7.860000000000014,-5895.00000000001,
Bajfinance,514,31-Jan-25,09.39,B,791.335,31-Jan-25,09.39,791.335,31-Jan-25,11.57,786.79,750,-4.545000000000073,-3408.7500000000546,
Bajfinance,515,31-Jan-25,11.57,S,786.79,31-Jan-25,11.57,786.79,31-Jan-25,12.45,789.435,750,-2.644999999999982,-1983.7499999999864,
Bajfinance,516,31-Jan-25,12.45,B,789.435,31-Jan-25,12.45,789.435,31-Jan-25,13.57,787.1,750,-2.3349999999999227,-1751.249999999942,
Bajfinance,517,31-Jan-25,13.57,S,787.1,31-Jan-25,13.57,787.1,31-Jan-25,15.15,789.6,750,-2.5,-1875.0,
Bajfinance,518,31-Jan-25,15.15,B,789.6,31-Jan-25,15.15,789.6,01-Feb-25,10.03,786.945,750,-2.6549999999999727,-1991.2499999999795,
Bajfinance,519,01-Feb-25,10.03,S,786.945,01-Feb-25,10.03,786.945,01-Feb-25,13.30,802.5,750,-15.55499999999995,-11666.249999999962,
Bajfinance,520,01-Feb-25,13.30,B,802.5,01-Feb-25,13.30,802.5,06-Feb-25,12.12,849.06,750,46.559999999999945,34919.999999999956,
Bajfinance,521,06-Feb-25,12.12,S,849.06,06-Feb-25,12.12,849.06,06-Feb-25,14.09,851.47,750,-2.410000000000082,-1807.5000000000614,
Bajfinance,522,06-Feb-25,14.09,B,851.47,06-Feb-25,14.09,851.47,07-Feb-25,10.15,843.46,750,-8.009999999999991,-6007.499999999993,
Bajfinance,523,07-Feb-25,10.15,S,843.46,07-Feb-25,10.15,843.46,07-Feb-25,13.12,851.4,750,-7.939999999999941,-5954.999999999955,
Bajfinance,524,07-Feb-25,13.12,B,851.4,07-Feb-25,13.12,851.4,07-Feb-25,14.09,846.29,750,-5.110000000000014,-3832.50000000001,
Bajfinance,525,07-Feb-25,14.09,S,846.29,07-Feb-25,14.09,846.29,12-Feb-25,11.57,821.02,750,25.269999999999982,18952.499999999985,
Bajfinance,526,12-Feb-25,11.57,B,821.02,12-Feb-25,11.57,821.02,12-Feb-25,14.06,817.9,750,-3.1200000000000045,-2340.0000000000036,
Bajfinance,527,12-Feb-25,14.06,S,817.9,12-Feb-25,14.06,817.9,12-Feb-25,15.03,822.385,750,-4.485000000000014,-3363.75000000001,
Bajfinance,528,12-Feb-25,15.03,B,822.385,12-Feb-25,15.03,822.385,14-Feb-25,10.36,834.9,750,12.514999999999986,9386.249999999989,
Bajfinance,529,14-Feb-25,10.36,S,834.9,14-Feb-25,10.36,834.9,14-Feb-25,14.33,837.01,750,-2.1100000000000136,-1582.5000000000102,
Bajfinance,530,14-Feb-25,14.33,B,837.01,14-Feb-25,14.33,837.01,18-Feb-25,09.21,837.895,750,0.8849999999999909,663.7499999999932,
Bajfinance,531,18-Feb-25,09.21,S,837.895,18-Feb-25,09.21,837.895,18-Feb-25,09.36,842.02,750,-4.125,-3093.75,
Bajfinance,532,18-Feb-25,09.36,B,842.02,18-Feb-25,09.36,842.02,18-Feb-25,10.42,839.48,750,-2.5399999999999636,-1904.9999999999727,
Bajfinance,533,18-Feb-25,10.42,S,839.48,18-Feb-25,10.42,839.48,18-Feb-25,11.48,841.895,750,-2.4149999999999636,-1811.2499999999727,
Bajfinance,534,18-Feb-25,11.48,B,841.895,18-Feb-25,11.48,841.895,19-Feb-25,14.18,844.26,750,2.365000000000009,1773.7500000000068,
Bajfinance,535,19-Feb-25,14.18,S,844.26,19-Feb-25,14.18,844.26,21-Feb-25,14.30,839.66,750,4.600000000000023,3450.0000000000173,
Bajfinance,536,21-Feb-25,14.30,B,839.66,21-Feb-25,14.30,839.66,24-Feb-25,09.30,835.1,750,-4.559999999999945,-3419.999999999959,
Bajfinance,537,24-Feb-25,09.30,S,835.1,24-Feb-25,09.30,835.1,25-Feb-25,09.24,838.505,750,-3.4049999999999727,-2553.7499999999795,
Bajfinance,538,25-Feb-25,09.24,B,838.505,25-Feb-25,09.24,838.505,28-Feb-25,09.54,858.285,750,19.779999999999973,14834.99999999998,
Bajfinance,539,28-Feb-25,09.54,S,858.285,28-Feb-25,09.54,858.285,28-Feb-25,12.12,863.5,750,-5.215000000000032,-3911.2500000000236,
Bajfinance,540,28-Feb-25,12.12,B,863.5,28-Feb-25,12.12,863.5,28-Feb-25,12.42,859.26,750,-4.240000000000009,-3180.000000000007,
Bajfinance,541,28-Feb-25,12.42,S,859.26,28-Feb-25,12.42,859.26,03-Mar-25,12.21,856.895,750,2.365000000000009,1773.7500000000068,
Bajfinance,542,03-Mar-25,12.21,B,856.895,03-Mar-25,12.21,856.895,04-Mar-25,09.24,856.57,1,-0.3249999999999318,-0.3249999999999318,
Bajfinance,543,04-Mar-25,09.24,S,856.57,04-Mar-25,09.24,856.57,04-Mar-25,12.30,857.81,1,-1.2399999999998954,-1.2399999999998954,
Bajfinance,544,04-Mar-25,12.30,B,857.81,04-Mar-25,12.30,857.81,04-Mar-25,13.27,854.5,1,-3.3099999999999454,-3.3099999999999454,
Bajfinance,545,04-Mar-25,13.27,S,854.5,04-Mar-25,13.27,854.5,04-Mar-25,14.00,857.225,1,-2.7250000000000227,-2.7250000000000227,
Bajfinance,546,04-Mar-25,14.00,B,857.225,04-Mar-25,14.00,857.225,05-Mar-25,09.18,829.59,1,-27.63499999999999,-27.63499999999999,
Bajfinance,547,05-Mar-25,09.18,S,829.59,05-Mar-25,09.18,829.59,06-Mar-25,10.36,841.0,1,-11.409999999999968,-11.409999999999968,
Bajfinance,548,06-Mar-25,10.36,B,841.0,06-Mar-25,10.36,841.0,06-Mar-25,11.27,838.54,1,-2.4600000000000364,-2.4600000000000364,
Bajfinance,549,06-Mar-25,11.27,S,838.54,06-Mar-25,11.27,838.54,06-Mar-25,14.15,840.995,1,-2.455000000000041,-2.455000000000041,
Bajfinance,550,06-Mar-25,14.15,B,840.995,06-Mar-25,14.15,840.995,06-Mar-25,15.21,838.96,1,-2.034999999999968,-2.034999999999968,
Bajfinance,551,06-Mar-25,15.21,S,838.96,06-Mar-25,15.21,838.96,07-Mar-25,10.06,841.595,1,-2.634999999999991,-2.634999999999991,
Bajfinance,552,07-Mar-25,10.06,B,841.595,07-Mar-25,10.06,841.595,07-Mar-25,15.03,840.37,1,-1.2250000000000227,-1.2250000000000227,
Bajfinance,553,07-Mar-25,15.03,S,840.37,07-Mar-25,15.03,840.37,10-Mar-25,09.18,856.465,1,-16.095000000000027,-16.095000000000027,
Bajfinance,554,10-Mar-25,09.18,B,856.465,10-Mar-25,09.18,856.465,10-Mar-25,13.06,847.44,1,-9.024999999999977,-9.024999999999977,
Bajfinance,555,10-Mar-25,13.06,S,847.44,10-Mar-25,13.06,847.44,11-Mar-25,14.15,836.18,1,11.260000000000105,11.260000000000105,
Bajfinance,556,11-Mar-25,14.15,B,836.18,11-Mar-25,14.15,836.18,11-Mar-25,15.03,832.505,1,-3.6749999999999545,-3.6749999999999545,
Bajfinance,557,11-Mar-25,15.03,S,832.505,11-Mar-25,15.03,832.505,12-Mar-25,10.30,836.62,1,-4.115000000000009,-4.115000000000009,
Bajfinance,558,12-Mar-25,10.30,B,836.62,12-Mar-25,10.30,836.62,13-Mar-25,12.30,842.0,1,5.3799999999999955,5.3799999999999955,
Bajfinance,559,13-Mar-25,12.30,S,842.0,13-Mar-25,12.30,842.0,17-Mar-25,09.18,854.37,1,-12.370000000000005,-12.370000000000005,
Bajfinance,560,17-Mar-25,09.18,B,854.37,17-Mar-25,09.18,854.37,18-Mar-25,09.21,851.775,1,-2.5950000000000273,-2.5950000000000273,
Bajfinance,561,18-Mar-25,09.21,S,851.775,18-Mar-25,09.21,851.775,18-Mar-25,09.33,854.305,1,-2.5299999999999727,-2.5299999999999727,
Bajfinance,562,18-Mar-25,09.33,B,854.305,18-Mar-25,09.33,854.305,19-Mar-25,15.27,869.61,1,15.305000000000064,15.305000000000064,
Bajfinance,563,19-Mar-25,15.27,S,869.61,19-Mar-25,15.27,869.61,20-Mar-25,14.18,867.685,1,1.9250000000000682,1.9250000000000682,
Bajfinance,564,20-Mar-25,14.18,B,867.685,20-Mar-25,14.18,867.685,25-Mar-25,11.36,902.5,1,34.815000000000055,34.815000000000055,
Bajfinance,565,25-Mar-25,11.36,S,902.5,25-Mar-25,11.36,902.5,27-Mar-25,11.03,896.0,1,6.5,6.5,
Bajfinance,566,27-Mar-25,11.03,B,896.0,27-Mar-25,11.03,896.0,28-Mar-25,09.18,895.53,1,-0.4700000000000273,-0.4700000000000273,
Bajfinance,567,28-Mar-25,09.18,S,895.53,28-Mar-25,09.18,895.53,28-Mar-25,12.00,896.115,1,-0.5850000000000364,-0.5850000000000364,
Bajfinance,568,28-Mar-25,12.00,B,896.115,28-Mar-25,12.00,896.115,28-Mar-25,12.18,892.935,750,-3.1800000000000637,-2385.0000000000477,
Bajfinance,569,28-Mar-25,12.18,S,892.935,28-Mar-25,12.18,892.935,28-Mar-25,14.39,897.11,750,-4.175000000000068,-3131.250000000051,
Bajfinance,570,28-Mar-25,14.39,B,897.11,28-Mar-25,14.39,897.11,28-Mar-25,15.21,893.265,1,-3.8450000000000273,-3.8450000000000273,
Bajfinance,571,28-Mar-25,15.21,S,893.265,28-Mar-25,15.21,893.265,03-Apr-25,09.27,875.2,1,18.06499999999994,18.06499999999994,
Bajfinance,572,03-Apr-25,09.27,B,875.2,03-Apr-25,09.27,875.2,03-Apr-25,09.57,866.39,750,-8.81000000000006,-6607.500000000045,
Bajfinance,573,03-Apr-25,09.57,S,866.39,03-Apr-25,09.57,866.39,04-Apr-25,09.27,867.315,750,-0.9250000000000682,-693.7500000000512,
Bajfinance,574,04-Apr-25,09.27,B,867.315,04-Apr-25,09.27,867.315,04-Apr-25,09.57,860.035,750,-7.280000000000086,-5460.000000000065,
Bajfinance,575,04-Apr-25,09.57,S,860.035,04-Apr-25,09.57,860.035,04-Apr-25,10.03,864.94,750,-4.905000000000086,-3678.7500000000646,
Bajfinance,576,04-Apr-25,10.03,B,864.94,04-Apr-25,10.03,864.94,07-Apr-25,09.18,834.295,750,-30.645000000000095,-22983.750000000073,
Bajfinance,577,07-Apr-25,09.18,S,834.295,07-Apr-25,09.18,834.295,07-Apr-25,15.03,854.1,750,-19.805000000000064,-14853.750000000047,
Bajfinance,578,07-Apr-25,15.03,B,854.1,07-Apr-25,15.03,854.1,09-Apr-25,10.30,865.995,750,11.894999999999982,8921.249999999985,
Bajfinance,579,09-Apr-25,10.30,S,865.995,09-Apr-25,10.30,865.995,09-Apr-25,15.09,872.23,750,-6.235000000000014,-4676.25000000001,
Bajfinance,580,09-Apr-25,15.09,B,872.23,09-Apr-25,15.09,872.23,16-Apr-25,10.36,906.65,750,34.41999999999996,25814.99999999997,
Bajfinance,581,16-Apr-25,10.36,S,906.65,16-Apr-25,10.36,906.65,17-Apr-25,11.36,904.75,750,1.8999999999999773,1424.999999999983,
Bajfinance,582,17-Apr-25,11.36,B,904.75,17-Apr-25,11.36,904.75,22-Apr-25,14.09,927.85,750,23.100000000000023,17325.00000000002,
Bajfinance,583,22-Apr-25,14.09,S,927.85,22-Apr-25,14.09,927.85,23-Apr-25,13.21,926.6,750,1.25,937.5,
Bajfinance,584,23-Apr-25,13.21,B,926.6,23-Apr-25,13.21,926.6,24-Apr-25,12.09,927.85,750,1.25,937.5,
Bajfinance,585,24-Apr-25,12.09,S,927.85,24-Apr-25,12.09,927.85,24-Apr-25,12.45,931.95,750,-4.100000000000023,-3075.0000000000173,
Bajfinance,586,24-Apr-25,12.45,B,931.95,24-Apr-25,12.45,931.95,25-Apr-25,09.21,926.45,750,-5.5,-4125.0,
Bajfinance,587,25-Apr-25,09.21,S,926.45,25-Apr-25,09.21,926.45,29-Apr-25,13.48,907.45,750,19.0,14250.0,
Bajfinance,588,29-Apr-25,13.48,B,907.45,29-Apr-25,13.48,907.45,30-Apr-25,09.24,862.0,750,-45.450000000000045,-34087.50000000004,
Bajfinance,589,30-Apr-25,09.24,S,862.0,30-Apr-25,09.24,862.0,02-May-25,12.57,872.85,750,-10.850000000000023,-8137.500000000017,
Bajfinance,590,02-May-25,12.57,B,872.85,02-May-25,12.57,872.85,06-May-25,09.45,887.5,750,14.649999999999977,10987.499999999984,
Bajfinance,591,06-May-25,09.45,S,887.5,06-May-25,09.45,887.5,07-May-25,09.24,885.75,750,1.75,1312.5,
Bajfinance,592,07-May-25,09.24,B,885.75,07-May-25,09.24,885.75,08-May-25,12.42,891.45,750,5.7000000000000455,4275.000000000035,
Bajfinance,593,08-May-25,12.42,S,891.45,08-May-25,12.42,891.45,12-May-25,09.18,898.5,750,-7.0499999999999545,-5287.499999999965,
Bajfinance,594,12-May-25,09.18,B,898.5,12-May-25,09.18,898.5,15-May-25,09.45,904.8,750,6.2999999999999545,4724.999999999965,
Bajfinance,595,15-May-25,09.45,S,904.8,15-May-25,09.45,904.8,15-May-25,10.36,907.9,750,-3.1000000000000227,-2325.0000000000173,
Bajfinance,596,15-May-25,10.36,B,907.9,15-May-25,10.36,907.9,20-May-25,09.30,921.15,750,13.25,9937.5,
Bajfinance,597,20-May-25,09.30,S,921.15,20-May-25,09.30,921.15,21-May-25,10.18,917.6,750,3.5499999999999545,2662.499999999966,
Bajfinance,598,21-May-25,10.18,B,917.6,21-May-25,10.18,917.6,21-May-25,12.15,915.35,750,-2.25,-1687.5,
Bajfinance,599,21-May-25,12.15,S,915.35,21-May-25,12.15,915.35,22-May-25,15.27,915.9,750,-0.5499999999999545,-412.4999999999659,
Bajfinance,600,22-May-25,15.27,B,915.9,22-May-25,15.27,915.9,27-May-25,09.18,919.75,750,3.8500000000000227,2887.5000000000173,
Bajfinance,601,27-May-25,09.18,S,919.75,27-May-25,09.18,919.75,27-May-25,11.24,926.95,750,-7.2000000000000455,-5400.000000000035,
Bajfinance,602,27-May-25,11.24,B,926.95,27-May-25,11.24,926.95,27-May-25,11.48,922.8,750,-4.150000000000091,-3112.500000000068,
Bajfinance,603,27-May-25,11.48,S,922.8,27-May-25,11.48,922.8,28-May-25,10.45,922.55,750,0.25,187.5,
Bajfinance,604,28-May-25,10.45,B,922.55,28-May-25,10.45,922.55,29-May-25,09.21,923.0,750,0.4500000000000455,337.5000000000341,
Bajfinance,605,29-May-25,09.21,S,923.0,29-May-25,09.21,923.0,30-May-25,15.09,919.35,750,3.6499999999999773,2737.4999999999827,
Bajfinance,606,30-May-25,15.09,B,919.35,30-May-25,15.09,919.35,30-May-25,15.27,914.2,750,-5.149999999999977,-3862.4999999999827,
Bajfinance,607,30-May-25,15.27,S,914.2,30-May-25,15.27,914.2,02-Jun-25,12.33,915.1,750,-0.8999999999999773,-674.999999999983,
Bajfinance,608,02-Jun-25,12.33,B,915.1,02-Jun-25,12.33,915.1,02-Jun-25,14.30,913.0,750,-2.1000000000000227,-1575.000000000017,
Bajfinance,609,02-Jun-25,14.30,S,913.0,02-Jun-25,14.30,913.0,06-Jun-25,10.06,900.5,750,12.5,9375.0,
Bajfinance,610,06-Jun-25,10.06,B,900.5,06-Jun-25,10.06,900.5,10-Jun-25,12.09,953.75,750,53.25,39937.5,
Bajfinance,611,10-Jun-25,12.09,S,953.75,10-Jun-25,12.09,953.75,11-Jun-25,10.09,953.4,750,0.35000000000002274,262.50000000001705,
Bajfinance,612,11-Jun-25,10.09,B,953.4,11-Jun-25,10.09,953.4,11-Jun-25,11.03,951.05,750,-2.3500000000000227,-1762.500000000017,
Bajfinance,613,11-Jun-25,11.03,S,951.05,11-Jun-25,11.03,951.05,12-Jun-25,09.30,949.35,750,1.6999999999999318,1274.9999999999488,
Bajfinance,614,12-Jun-25,09.30,B,949.35,12-Jun-25,09.30,949.35,12-Jun-25,11.03,946.5,750,-2.8500000000000227,-2137.5000000000173,
Bajfinance,615,12-Jun-25,11.03,S,946.5,12-Jun-25,11.03,946.5,16-Jun-25,10.57,937.0,750,9.5,7125.0,
Bajfinance,616,16-Jun-25,10.57,B,937.0,16-Jun-25,10.57,937.0,17-Jun-25,09.18,931.5,750,-5.5,-4125.0,
Bajfinance,617,17-Jun-25,09.18,S,931.5,17-Jun-25,09.18,931.5,18-Jun-25,09.39,928.5,750,3.0,2250.0,
Bajfinance,618,18-Jun-25,09.39,B,928.5,18-Jun-25,09.39,928.5,18-Jun-25,10.33,924.5,750,-4.0,-3000.0,
Bajfinance,619,18-Jun-25,10.33,S,924.5,18-Jun-25,10.33,924.5,20-Jun-25,14.57,904.0,750,20.5,15375.0,
Bajfinance,620,20-Jun-25,14.57,B,904.0,20-Jun-25,14.57,904.0,23-Jun-25,09.18,895.0,750,-9.0,-6750.0,
Bajfinance,621,23-Jun-25,09.18,S,895.0,23-Jun-25,09.18,895.0,23-Jun-25,10.42,905.5,750,-10.5,-7875.0,
Bajfinance,622,23-Jun-25,10.42,B,905.5,23-Jun-25,10.42,905.5,24-Jun-25,14.42,918.5,750,13.0,9750.0,
Bajfinance,623,24-Jun-25,14.42,S,918.5,24-Jun-25,14.42,918.5,25-Jun-25,09.45,926.5,750,-8.0,-6000.0,
Bajfinance,624,25-Jun-25,09.45,B,926.5,25-Jun-25,09.45,926.5,27-Jun-25,09.27,938.0,750,11.5,8625.0,
Bajfinance,625,27-Jun-25,09.27,S,938.0,27-Jun-25,09.27,938.0,27-Jun-25,10.45,944.5,750,-6.5,-4875.0,
Bajfinance,626,27-Jun-25,10.45,B,944.5,27-Jun-25,10.45,944.5,27-Jun-25,11.36,940.5,750,-4.0,-3000.0,
Bajfinance,627,27-Jun-25,11.36,S,940.5,27-Jun-25,11.36,940.5,27-Jun-25,14.36,942.5,750,-2.0,-1500.0,
Bajfinance,628,27-Jun-25,14.36,B,942.5,27-Jun-25,14.36,942.5,30-Jun-25,13.00,939.0,750,-3.5,-2625.0,
Bajfinance,629,30-Jun-25,13.00,S,939.0,30-Jun-25,13.00,939.0,,,,750,,,
